{"type":"FeatureCollection","name":"Sample points","crs":{"type":"name","properties":{"name":"urn:ogc:def:crs:EPSG::32636"}},"features":[{"type":"Feature","properties":{"elev":185},"geometry":{"type":"Point","coordinates":[734799.3,3629539.9]}},{"type":"Feature","properties":{"elev":208},"geometry":{"type":"Point","coordinates":[735738.6,3629539.9]}},{"type":"Feature","properties":{"elev":73},"geometry":{"type":"Point","coordinates":[736678.0,3629539.9]}},{"type":"Feature","properties":{"elev":-96},"geometry":{"type":"Point","coordinates":[737617.4,3629539.9]}},{"type":"Feature","properties":{"elev":-216},"geometry":{"type":"Point","coordinates":[738556.8,3629539.9]}},{"type":"Feature","properties":{"elev":-216},"geometry":{"type":"Point","coordinates":[739496.2,3629539.9]}},{"type":"Feature","properties":{"elev":-216},"geometry":{"type":"Point","coordinates":[740435.6,3629539.9]}},{"type":"Feature","properties":{"elev":-216},"geometry":{"type":"Point","coordinates":[741374.9,3629539.9]}},{"type":"Feature","properties":{"elev":-216},"geometry":{"type":"Point","coordinates":[742314.3,3629539.9]}},{"type":"Feature","properties":{"elev":-216},"geometry":{"type":"Point","coordinates":[743253.7,3629539.9]}},{"type":"Feature","properties":{"elev":-216},"geometry":{"type":"Point","coordinates":[744193.1,3629539.9]}},{"type":"Feature","properties":{"elev":-216},"geometry":{"type":"Point","coordinates":[745132.5,3629539.9]}},{"type":"Feature","properties":{"elev":-216},"geometry":{"type":"Point","coordinates":[746071.9,3629539.9]}},{"type":"Feature","properties":{"elev":-216},"geometry":{"type":"Point","coordinates":[747011.2,3629539.9]}},{"type":"Feature","properties":{"elev":-163},"geometry":{"type":"Point","coordinates":[747950.6,3629539.9]}},{"type":"Feature","properties":{"elev":-46},"geometry":{"type":"Point","coordinates":[748890.0,3629539.9]}},{"type":"Feature","properties":{"elev":83},"geometry":{"type":"Point","coordinates":[749829.4,3629539.9]}},{"type":"Feature","properties":{"elev":133},"geometry":{"type":"Point","coordinates":[750768.8,3629539.9]}},{"type":"Feature","properties":{"elev":167},"geometry":{"type":"Point","coordinates":[751708.2,3629539.9]}},{"type":"Feature","properties":{"elev":240},"geometry":{"type":"Point","coordinates":[752647.5,3629539.9]}},{"type":"Feature","properties":{"elev":347},"geometry":{"type":"Point","coordinates":[753586.9,3629539.9]}},{"type":"Feature","properties":{"elev":356},"geometry":{"type":"Point","coordinates":[754526.3,3629539.9]}},{"type":"Feature","properties":{"elev":372},"geometry":{"type":"Point","coordinates":[755465.7,3629539.9]}},{"type":"Feature","properties":{"elev":371},"geometry":{"type":"Point","coordinates":[756405.1,3629539.9]}},{"type":"Feature","properties":{"elev":364},"geometry":{"type":"Point","coordinates":[757344.5,3629539.9]}},{"type":"Feature","properties":{"elev":376},"geometry":{"type":"Point","coordinates":[758283.9,3629539.9]}},{"type":"Feature","properties":{"elev":372},"geometry":{"type":"Point","coordinates":[759223.2,3629539.9]}},{"type":"Feature","properties":{"elev":175},"geometry":{"type":"Point","coordinates":[760162.6,3629539.9]}},{"type":"Feature","properties":{"elev":104},"geometry":{"type":"Point","coordinates":[761102.0,3629539.9]}},{"type":"Feature","properties":{"elev":290},"geometry":{"type":"Point","coordinates":[762041.4,3629539.9]}},{"type":"Feature","properties":{"elev":366},"geometry":{"type":"Point","coordinates":[762980.8,3629539.9]}},{"type":"Feature","properties":{"elev":377},"geometry":{"type":"Point","coordinates":[763920.2,3629539.9]}},{"type":"Feature","properties":{"elev":388},"geometry":{"type":"Point","coordinates":[764859.5,3629539.9]}},{"type":"Feature","properties":{"elev":384},"geometry":{"type":"Point","coordinates":[765798.9,3629539.9]}},{"type":"Feature","properties":{"elev":387},"geometry":{"type":"Point","coordinates":[766738.3,3629539.9]}},{"type":"Feature","properties":{"elev":397},"geometry":{"type":"Point","coordinates":[767677.7,3629539.9]}},{"type":"Feature","properties":{"elev":397},"geometry":{"type":"Point","coordinates":[768617.1,3629539.9]}},{"type":"Feature","properties":{"elev":409},"geometry":{"type":"Point","coordinates":[769556.5,3629539.9]}},{"type":"Feature","properties":{"elev":413},"geometry":{"type":"Point","coordinates":[770495.8,3629539.9]}},{"type":"Feature","properties":{"elev":415},"geometry":{"type":"Point","coordinates":[771435.2,3629539.9]}},{"type":"Feature","properties":{"elev":241},"geometry":{"type":"Point","coordinates":[772374.6,3629539.9]}},{"type":"Feature","properties":{"elev":414},"geometry":{"type":"Point","coordinates":[773314.0,3629539.9]}},{"type":"Feature","properties":{"elev":428},"geometry":{"type":"Point","coordinates":[774253.4,3629539.9]}},{"type":"Feature","properties":{"elev":438},"geometry":{"type":"Point","coordinates":[775192.8,3629539.9]}},{"type":"Feature","properties":{"elev":441},"geometry":{"type":"Point","coordinates":[776132.1,3629539.9]}},{"type":"Feature","properties":{"elev":442},"geometry":{"type":"Point","coordinates":[777071.5,3629539.9]}},{"type":"Feature","properties":{"elev":443},"geometry":{"type":"Point","coordinates":[778010.9,3629539.9]}},{"type":"Feature","properties":{"elev":441},"geometry":{"type":"Point","coordinates":[778950.3,3629539.9]}},{"type":"Feature","properties":{"elev":441},"geometry":{"type":"Point","coordinates":[779889.7,3629539.9]}},{"type":"Feature","properties":{"elev":450},"geometry":{"type":"Point","coordinates":[780829.1,3629539.9]}},{"type":"Feature","properties":{"elev":453},"geometry":{"type":"Point","coordinates":[781768.5,3629539.9]}},{"type":"Feature","properties":{"elev":455},"geometry":{"type":"Point","coordinates":[782707.8,3629539.9]}},{"type":"Feature","properties":{"elev":470},"geometry":{"type":"Point","coordinates":[783647.2,3629539.9]}},{"type":"Feature","properties":{"elev":479},"geometry":{"type":"Point","coordinates":[784586.6,3629539.9]}},{"type":"Feature","properties":{"elev":470},"geometry":{"type":"Point","coordinates":[785526.0,3629539.9]}},{"type":"Feature","properties":{"elev":490},"geometry":{"type":"Point","coordinates":[786465.4,3629539.9]}},{"type":"Feature","properties":{"elev":493},"geometry":{"type":"Point","coordinates":[787404.8,3629539.9]}},{"type":"Feature","properties":{"elev":499},"geometry":{"type":"Point","coordinates":[788344.1,3629539.9]}},{"type":"Feature","properties":{"elev":498},"geometry":{"type":"Point","coordinates":[789283.5,3629539.9]}},{"type":"Feature","properties":{"elev":514},"geometry":{"type":"Point","coordinates":[790222.9,3629539.9]}},{"type":"Feature","properties":{"elev":513},"geometry":{"type":"Point","coordinates":[791162.3,3629539.9]}},{"type":"Feature","properties":{"elev":511},"geometry":{"type":"Point","coordinates":[792101.7,3629539.9]}},{"type":"Feature","properties":{"elev":522},"geometry":{"type":"Point","coordinates":[793041.1,3629539.9]}},{"type":"Feature","properties":{"elev":530},"geometry":{"type":"Point","coordinates":[793980.4,3629539.9]}},{"type":"Feature","properties":{"elev":533},"geometry":{"type":"Point","coordinates":[794919.8,3629539.9]}},{"type":"Feature","properties":{"elev":118},"geometry":{"type":"Point","coordinates":[734799.3,3628600.6]}},{"type":"Feature","properties":{"elev":165},"geometry":{"type":"Point","coordinates":[735738.6,3628600.6]}},{"type":"Feature","properties":{"elev":198},"geometry":{"type":"Point","coordinates":[736678.0,3628600.6]}},{"type":"Feature","properties":{"elev":34},"geometry":{"type":"Point","coordinates":[737617.4,3628600.6]}},{"type":"Feature","properties":{"elev":-189},"geometry":{"type":"Point","coordinates":[738556.8,3628600.6]}},{"type":"Feature","properties":{"elev":-216},"geometry":{"type":"Point","coordinates":[739496.2,3628600.6]}},{"type":"Feature","properties":{"elev":-216},"geometry":{"type":"Point","coordinates":[740435.6,3628600.6]}},{"type":"Feature","properties":{"elev":-216},"geometry":{"type":"Point","coordinates":[741374.9,3628600.6]}},{"type":"Feature","properties":{"elev":-216},"geometry":{"type":"Point","coordinates":[742314.3,3628600.6]}},{"type":"Feature","properties":{"elev":-216},"geometry":{"type":"Point","coordinates":[743253.7,3628600.6]}},{"type":"Feature","properties":{"elev":-216},"geometry":{"type":"Point","coordinates":[744193.1,3628600.6]}},{"type":"Feature","properties":{"elev":-216},"geometry":{"type":"Point","coordinates":[745132.5,3628600.6]}},{"type":"Feature","properties":{"elev":-216},"geometry":{"type":"Point","coordinates":[746071.9,3628600.6]}},{"type":"Feature","properties":{"elev":-216},"geometry":{"type":"Point","coordinates":[747011.2,3628600.6]}},{"type":"Feature","properties":{"elev":-131},"geometry":{"type":"Point","coordinates":[747950.6,3628600.6]}},{"type":"Feature","properties":{"elev":59},"geometry":{"type":"Point","coordinates":[748890.0,3628600.6]}},{"type":"Feature","properties":{"elev":288},"geometry":{"type":"Point","coordinates":[749829.4,3628600.6]}},{"type":"Feature","properties":{"elev":200},"geometry":{"type":"Point","coordinates":[750768.8,3628600.6]}},{"type":"Feature","properties":{"elev":306},"geometry":{"type":"Point","coordinates":[751708.2,3628600.6]}},{"type":"Feature","properties":{"elev":250},"geometry":{"type":"Point","coordinates":[752647.5,3628600.6]}},{"type":"Feature","properties":{"elev":318},"geometry":{"type":"Point","coordinates":[753586.9,3628600.6]}},{"type":"Feature","properties":{"elev":351},"geometry":{"type":"Point","coordinates":[754526.3,3628600.6]}},{"type":"Feature","properties":{"elev":362},"geometry":{"type":"Point","coordinates":[755465.7,3628600.6]}},{"type":"Feature","properties":{"elev":359},"geometry":{"type":"Point","coordinates":[756405.1,3628600.6]}},{"type":"Feature","properties":{"elev":368},"geometry":{"type":"Point","coordinates":[757344.5,3628600.6]}},{"type":"Feature","properties":{"elev":369},"geometry":{"type":"Point","coordinates":[758283.9,3628600.6]}},{"type":"Feature","properties":{"elev":215},"geometry":{"type":"Point","coordinates":[759223.2,3628600.6]}},{"type":"Feature","properties":{"elev":55},"geometry":{"type":"Point","coordinates":[760162.6,3628600.6]}},{"type":"Feature","properties":{"elev":287},"geometry":{"type":"Point","coordinates":[761102.0,3628600.6]}},{"type":"Feature","properties":{"elev":353},"geometry":{"type":"Point","coordinates":[762041.4,3628600.6]}},{"type":"Feature","properties":{"elev":361},"geometry":{"type":"Point","coordinates":[762980.8,3628600.6]}},{"type":"Feature","properties":{"elev":363},"geometry":{"type":"Point","coordinates":[763920.2,3628600.6]}},{"type":"Feature","properties":{"elev":369},"geometry":{"type":"Point","coordinates":[764859.5,3628600.6]}},{"type":"Feature","properties":{"elev":378},"geometry":{"type":"Point","coordinates":[765798.9,3628600.6]}},{"type":"Feature","properties":{"elev":376},"geometry":{"type":"Point","coordinates":[766738.3,3628600.6]}},{"type":"Feature","properties":{"elev":387},"geometry":{"type":"Point","coordinates":[767677.7,3628600.6]}},{"type":"Feature","properties":{"elev":389},"geometry":{"type":"Point","coordinates":[768617.1,3628600.6]}},{"type":"Feature","properties":{"elev":398},"geometry":{"type":"Point","coordinates":[769556.5,3628600.6]}},{"type":"Feature","properties":{"elev":399},"geometry":{"type":"Point","coordinates":[770495.8,3628600.6]}},{"type":"Feature","properties":{"elev":399},"geometry":{"type":"Point","coordinates":[771435.2,3628600.6]}},{"type":"Feature","properties":{"elev":202},"geometry":{"type":"Point","coordinates":[772374.6,3628600.6]}},{"type":"Feature","properties":{"elev":417},"geometry":{"type":"Point","coordinates":[773314.0,3628600.6]}},{"type":"Feature","properties":{"elev":428},"geometry":{"type":"Point","coordinates":[774253.4,3628600.6]}},{"type":"Feature","properties":{"elev":427},"geometry":{"type":"Point","coordinates":[775192.8,3628600.6]}},{"type":"Feature","properties":{"elev":432},"geometry":{"type":"Point","coordinates":[776132.1,3628600.6]}},{"type":"Feature","properties":{"elev":433},"geometry":{"type":"Point","coordinates":[777071.5,3628600.6]}},{"type":"Feature","properties":{"elev":433},"geometry":{"type":"Point","coordinates":[778010.9,3628600.6]}},{"type":"Feature","properties":{"elev":417},"geometry":{"type":"Point","coordinates":[778950.3,3628600.6]}},{"type":"Feature","properties":{"elev":439},"geometry":{"type":"Point","coordinates":[779889.7,3628600.6]}},{"type":"Feature","properties":{"elev":441},"geometry":{"type":"Point","coordinates":[780829.1,3628600.6]}},{"type":"Feature","properties":{"elev":446},"geometry":{"type":"Point","coordinates":[781768.5,3628600.6]}},{"type":"Feature","properties":{"elev":445},"geometry":{"type":"Point","coordinates":[782707.8,3628600.6]}},{"type":"Feature","properties":{"elev":454},"geometry":{"type":"Point","coordinates":[783647.2,3628600.6]}},{"type":"Feature","properties":{"elev":466},"geometry":{"type":"Point","coordinates":[784586.6,3628600.6]}},{"type":"Feature","properties":{"elev":474},"geometry":{"type":"Point","coordinates":[785526.0,3628600.6]}},{"type":"Feature","properties":{"elev":481},"geometry":{"type":"Point","coordinates":[786465.4,3628600.6]}},{"type":"Feature","properties":{"elev":486},"geometry":{"type":"Point","coordinates":[787404.8,3628600.6]}},{"type":"Feature","properties":{"elev":496},"geometry":{"type":"Point","coordinates":[788344.1,3628600.6]}},{"type":"Feature","properties":{"elev":507},"geometry":{"type":"Point","coordinates":[789283.5,3628600.6]}},{"type":"Feature","properties":{"elev":513},"geometry":{"type":"Point","coordinates":[790222.9,3628600.6]}},{"type":"Feature","properties":{"elev":517},"geometry":{"type":"Point","coordinates":[791162.3,3628600.6]}},{"type":"Feature","properties":{"elev":525},"geometry":{"type":"Point","coordinates":[792101.7,3628600.6]}},{"type":"Feature","properties":{"elev":526},"geometry":{"type":"Point","coordinates":[793041.1,3628600.6]}},{"type":"Feature","properties":{"elev":531},"geometry":{"type":"Point","coordinates":[793980.4,3628600.6]}},{"type":"Feature","properties":{"elev":531},"geometry":{"type":"Point","coordinates":[794919.8,3628600.6]}},{"type":"Feature","properties":{"elev":66},"geometry":{"type":"Point","coordinates":[734799.3,3627661.3]}},{"type":"Feature","properties":{"elev":118},"geometry":{"type":"Point","coordinates":[735738.6,3627661.3]}},{"type":"Feature","properties":{"elev":172},"geometry":{"type":"Point","coordinates":[736678.0,3627661.3]}},{"type":"Feature","properties":{"elev":211},"geometry":{"type":"Point","coordinates":[737617.4,3627661.3]}},{"type":"Feature","properties":{"elev":51},"geometry":{"type":"Point","coordinates":[738556.8,3627661.3]}},{"type":"Feature","properties":{"elev":-190},"geometry":{"type":"Point","coordinates":[739496.2,3627661.3]}},{"type":"Feature","properties":{"elev":-216},"geometry":{"type":"Point","coordinates":[740435.6,3627661.3]}},{"type":"Feature","properties":{"elev":-216},"geometry":{"type":"Point","coordinates":[741374.9,3627661.3]}},{"type":"Feature","properties":{"elev":-216},"geometry":{"type":"Point","coordinates":[742314.3,3627661.3]}},{"type":"Feature","properties":{"elev":-216},"geometry":{"type":"Point","coordinates":[743253.7,3627661.3]}},{"type":"Feature","properties":{"elev":-216},"geometry":{"type":"Point","coordinates":[744193.1,3627661.3]}},{"type":"Feature","properties":{"elev":-216},"geometry":{"type":"Point","coordinates":[745132.5,3627661.3]}},{"type":"Feature","properties":{"elev":-216},"geometry":{"type":"Point","coordinates":[746071.9,3627661.3]}},{"type":"Feature","properties":{"elev":-211},"geometry":{"type":"Point","coordinates":[747011.2,3627661.3]}},{"type":"Feature","properties":{"elev":-107},"geometry":{"type":"Point","coordinates":[747950.6,3627661.3]}},{"type":"Feature","properties":{"elev":245},"geometry":{"type":"Point","coordinates":[748890.0,3627661.3]}},{"type":"Feature","properties":{"elev":328},"geometry":{"type":"Point","coordinates":[749829.4,3627661.3]}},{"type":"Feature","properties":{"elev":221},"geometry":{"type":"Point","coordinates":[750768.8,3627661.3]}},{"type":"Feature","properties":{"elev":198},"geometry":{"type":"Point","coordinates":[751708.2,3627661.3]}},{"type":"Feature","properties":{"elev":160},"geometry":{"type":"Point","coordinates":[752647.5,3627661.3]}},{"type":"Feature","properties":{"elev":294},"geometry":{"type":"Point","coordinates":[753586.9,3627661.3]}},{"type":"Feature","properties":{"elev":351},"geometry":{"type":"Point","coordinates":[754526.3,3627661.3]}},{"type":"Feature","properties":{"elev":348},"geometry":{"type":"Point","coordinates":[755465.7,3627661.3]}},{"type":"Feature","properties":{"elev":305},"geometry":{"type":"Point","coordinates":[756405.1,3627661.3]}},{"type":"Feature","properties":{"elev":248},"geometry":{"type":"Point","coordinates":[757344.5,3627661.3]}},{"type":"Feature","properties":{"elev":124},"geometry":{"type":"Point","coordinates":[758283.9,3627661.3]}},{"type":"Feature","properties":{"elev":-46},"geometry":{"type":"Point","coordinates":[759223.2,3627661.3]}},{"type":"Feature","properties":{"elev":301},"geometry":{"type":"Point","coordinates":[760162.6,3627661.3]}},{"type":"Feature","properties":{"elev":187},"geometry":{"type":"Point","coordinates":[761102.0,3627661.3]}},{"type":"Feature","properties":{"elev":-59},"geometry":{"type":"Point","coordinates":[762041.4,3627661.3]}},{"type":"Feature","properties":{"elev":234},"geometry":{"type":"Point","coordinates":[762980.8,3627661.3]}},{"type":"Feature","properties":{"elev":315},"geometry":{"type":"Point","coordinates":[763920.2,3627661.3]}},{"type":"Feature","properties":{"elev":342},"geometry":{"type":"Point","coordinates":[764859.5,3627661.3]}},{"type":"Feature","properties":{"elev":334},"geometry":{"type":"Point","coordinates":[765798.9,3627661.3]}},{"type":"Feature","properties":{"elev":332},"geometry":{"type":"Point","coordinates":[766738.3,3627661.3]}},{"type":"Feature","properties":{"elev":378},"geometry":{"type":"Point","coordinates":[767677.7,3627661.3]}},{"type":"Feature","properties":{"elev":376},"geometry":{"type":"Point","coordinates":[768617.1,3627661.3]}},{"type":"Feature","properties":{"elev":382},"geometry":{"type":"Point","coordinates":[769556.5,3627661.3]}},{"type":"Feature","properties":{"elev":385},"geometry":{"type":"Point","coordinates":[770495.8,3627661.3]}},{"type":"Feature","properties":{"elev":378},"geometry":{"type":"Point","coordinates":[771435.2,3627661.3]}},{"type":"Feature","properties":{"elev":349},"geometry":{"type":"Point","coordinates":[772374.6,3627661.3]}},{"type":"Feature","properties":{"elev":408},"geometry":{"type":"Point","coordinates":[773314.0,3627661.3]}},{"type":"Feature","properties":{"elev":414},"geometry":{"type":"Point","coordinates":[774253.4,3627661.3]}},{"type":"Feature","properties":{"elev":414},"geometry":{"type":"Point","coordinates":[775192.8,3627661.3]}},{"type":"Feature","properties":{"elev":418},"geometry":{"type":"Point","coordinates":[776132.1,3627661.3]}},{"type":"Feature","properties":{"elev":426},"geometry":{"type":"Point","coordinates":[777071.5,3627661.3]}},{"type":"Feature","properties":{"elev":418},"geometry":{"type":"Point","coordinates":[778010.9,3627661.3]}},{"type":"Feature","properties":{"elev":429},"geometry":{"type":"Point","coordinates":[778950.3,3627661.3]}},{"type":"Feature","properties":{"elev":435},"geometry":{"type":"Point","coordinates":[779889.7,3627661.3]}},{"type":"Feature","properties":{"elev":435},"geometry":{"type":"Point","coordinates":[780829.1,3627661.3]}},{"type":"Feature","properties":{"elev":446},"geometry":{"type":"Point","coordinates":[781768.5,3627661.3]}},{"type":"Feature","properties":{"elev":446},"geometry":{"type":"Point","coordinates":[782707.8,3627661.3]}},{"type":"Feature","properties":{"elev":464},"geometry":{"type":"Point","coordinates":[783647.2,3627661.3]}},{"type":"Feature","properties":{"elev":471},"geometry":{"type":"Point","coordinates":[784586.6,3627661.3]}},{"type":"Feature","properties":{"elev":478},"geometry":{"type":"Point","coordinates":[785526.0,3627661.3]}},{"type":"Feature","properties":{"elev":479},"geometry":{"type":"Point","coordinates":[786465.4,3627661.3]}},{"type":"Feature","properties":{"elev":490},"geometry":{"type":"Point","coordinates":[787404.8,3627661.3]}},{"type":"Feature","properties":{"elev":499},"geometry":{"type":"Point","coordinates":[788344.1,3627661.3]}},{"type":"Feature","properties":{"elev":505},"geometry":{"type":"Point","coordinates":[789283.5,3627661.3]}},{"type":"Feature","properties":{"elev":519},"geometry":{"type":"Point","coordinates":[790222.9,3627661.3]}},{"type":"Feature","properties":{"elev":529},"geometry":{"type":"Point","coordinates":[791162.3,3627661.3]}},{"type":"Feature","properties":{"elev":528},"geometry":{"type":"Point","coordinates":[792101.7,3627661.3]}},{"type":"Feature","properties":{"elev":530},"geometry":{"type":"Point","coordinates":[793041.1,3627661.3]}},{"type":"Feature","properties":{"elev":534},"geometry":{"type":"Point","coordinates":[793980.4,3627661.3]}},{"type":"Feature","properties":{"elev":537},"geometry":{"type":"Point","coordinates":[794919.8,3627661.3]}},{"type":"Feature","properties":{"elev":-21},"geometry":{"type":"Point","coordinates":[734799.3,3626722.0]}},{"type":"Feature","properties":{"elev":49},"geometry":{"type":"Point","coordinates":[735738.6,3626722.0]}},{"type":"Feature","properties":{"elev":123},"geometry":{"type":"Point","coordinates":[736678.0,3626722.0]}},{"type":"Feature","properties":{"elev":173},"geometry":{"type":"Point","coordinates":[737617.4,3626722.0]}},{"type":"Feature","properties":{"elev":131},"geometry":{"type":"Point","coordinates":[738556.8,3626722.0]}},{"type":"Feature","properties":{"elev":-66},"geometry":{"type":"Point","coordinates":[739496.2,3626722.0]}},{"type":"Feature","properties":{"elev":-216},"geometry":{"type":"Point","coordinates":[740435.6,3626722.0]}},{"type":"Feature","properties":{"elev":-216},"geometry":{"type":"Point","coordinates":[741374.9,3626722.0]}},{"type":"Feature","properties":{"elev":-216},"geometry":{"type":"Point","coordinates":[742314.3,3626722.0]}},{"type":"Feature","properties":{"elev":-216},"geometry":{"type":"Point","coordinates":[743253.7,3626722.0]}},{"type":"Feature","properties":{"elev":-216},"geometry":{"type":"Point","coordinates":[744193.1,3626722.0]}},{"type":"Feature","properties":{"elev":-216},"geometry":{"type":"Point","coordinates":[745132.5,3626722.0]}},{"type":"Feature","properties":{"elev":-216},"geometry":{"type":"Point","coordinates":[746071.9,3626722.0]}},{"type":"Feature","properties":{"elev":-203},"geometry":{"type":"Point","coordinates":[747011.2,3626722.0]}},{"type":"Feature","properties":{"elev":-62},"geometry":{"type":"Point","coordinates":[747950.6,3626722.0]}},{"type":"Feature","properties":{"elev":252},"geometry":{"type":"Point","coordinates":[748890.0,3626722.0]}},{"type":"Feature","properties":{"elev":332},"geometry":{"type":"Point","coordinates":[749829.4,3626722.0]}},{"type":"Feature","properties":{"elev":338},"geometry":{"type":"Point","coordinates":[750768.8,3626722.0]}},{"type":"Feature","properties":{"elev":203},"geometry":{"type":"Point","coordinates":[751708.2,3626722.0]}},{"type":"Feature","properties":{"elev":111},"geometry":{"type":"Point","coordinates":[752647.5,3626722.0]}},{"type":"Feature","properties":{"elev":314},"geometry":{"type":"Point","coordinates":[753586.9,3626722.0]}},{"type":"Feature","properties":{"elev":350},"geometry":{"type":"Point","coordinates":[754526.3,3626722.0]}},{"type":"Feature","properties":{"elev":271},"geometry":{"type":"Point","coordinates":[755465.7,3626722.0]}},{"type":"Feature","properties":{"elev":161},"geometry":{"type":"Point","coordinates":[756405.1,3626722.0]}},{"type":"Feature","properties":{"elev":144},"geometry":{"type":"Point","coordinates":[757344.5,3626722.0]}},{"type":"Feature","properties":{"elev":-59},"geometry":{"type":"Point","coordinates":[758283.9,3626722.0]}},{"type":"Feature","properties":{"elev":-66},"geometry":{"type":"Point","coordinates":[759223.2,3626722.0]}},{"type":"Feature","properties":{"elev":-64},"geometry":{"type":"Point","coordinates":[760162.6,3626722.0]}},{"type":"Feature","properties":{"elev":-55},"geometry":{"type":"Point","coordinates":[761102.0,3626722.0]}},{"type":"Feature","properties":{"elev":-41},"geometry":{"type":"Point","coordinates":[762041.4,3626722.0]}},{"type":"Feature","properties":{"elev":178},"geometry":{"type":"Point","coordinates":[762980.8,3626722.0]}},{"type":"Feature","properties":{"elev":213},"geometry":{"type":"Point","coordinates":[763920.2,3626722.0]}},{"type":"Feature","properties":{"elev":294},"geometry":{"type":"Point","coordinates":[764859.5,3626722.0]}},{"type":"Feature","properties":{"elev":244},"geometry":{"type":"Point","coordinates":[765798.9,3626722.0]}},{"type":"Feature","properties":{"elev":292},"geometry":{"type":"Point","coordinates":[766738.3,3626722.0]}},{"type":"Feature","properties":{"elev":340},"geometry":{"type":"Point","coordinates":[767677.7,3626722.0]}},{"type":"Feature","properties":{"elev":365},"geometry":{"type":"Point","coordinates":[768617.1,3626722.0]}},{"type":"Feature","properties":{"elev":368},"geometry":{"type":"Point","coordinates":[769556.5,3626722.0]}},{"type":"Feature","properties":{"elev":381},"geometry":{"type":"Point","coordinates":[770495.8,3626722.0]}},{"type":"Feature","properties":{"elev":139},"geometry":{"type":"Point","coordinates":[771435.2,3626722.0]}},{"type":"Feature","properties":{"elev":392},"geometry":{"type":"Point","coordinates":[772374.6,3626722.0]}},{"type":"Feature","properties":{"elev":399},"geometry":{"type":"Point","coordinates":[773314.0,3626722.0]}},{"type":"Feature","properties":{"elev":401},"geometry":{"type":"Point","coordinates":[774253.4,3626722.0]}},{"type":"Feature","properties":{"elev":411},"geometry":{"type":"Point","coordinates":[775192.8,3626722.0]}},{"type":"Feature","properties":{"elev":408},"geometry":{"type":"Point","coordinates":[776132.1,3626722.0]}},{"type":"Feature","properties":{"elev":408},"geometry":{"type":"Point","coordinates":[777071.5,3626722.0]}},{"type":"Feature","properties":{"elev":323},"geometry":{"type":"Point","coordinates":[778010.9,3626722.0]}},{"type":"Feature","properties":{"elev":427},"geometry":{"type":"Point","coordinates":[778950.3,3626722.0]}},{"type":"Feature","properties":{"elev":328},"geometry":{"type":"Point","coordinates":[779889.7,3626722.0]}},{"type":"Feature","properties":{"elev":428},"geometry":{"type":"Point","coordinates":[780829.1,3626722.0]}},{"type":"Feature","properties":{"elev":425},"geometry":{"type":"Point","coordinates":[781768.5,3626722.0]}},{"type":"Feature","properties":{"elev":439},"geometry":{"type":"Point","coordinates":[782707.8,3626722.0]}},{"type":"Feature","properties":{"elev":457},"geometry":{"type":"Point","coordinates":[783647.2,3626722.0]}},{"type":"Feature","properties":{"elev":463},"geometry":{"type":"Point","coordinates":[784586.6,3626722.0]}},{"type":"Feature","properties":{"elev":475},"geometry":{"type":"Point","coordinates":[785526.0,3626722.0]}},{"type":"Feature","properties":{"elev":481},"geometry":{"type":"Point","coordinates":[786465.4,3626722.0]}},{"type":"Feature","properties":{"elev":490},"geometry":{"type":"Point","coordinates":[787404.8,3626722.0]}},{"type":"Feature","properties":{"elev":495},"geometry":{"type":"Point","coordinates":[788344.1,3626722.0]}},{"type":"Feature","properties":{"elev":503},"geometry":{"type":"Point","coordinates":[789283.5,3626722.0]}},{"type":"Feature","properties":{"elev":512},"geometry":{"type":"Point","coordinates":[790222.9,3626722.0]}},{"type":"Feature","properties":{"elev":523},"geometry":{"type":"Point","coordinates":[791162.3,3626722.0]}},{"type":"Feature","properties":{"elev":530},"geometry":{"type":"Point","coordinates":[792101.7,3626722.0]}},{"type":"Feature","properties":{"elev":534},"geometry":{"type":"Point","coordinates":[793041.1,3626722.0]}},{"type":"Feature","properties":{"elev":536},"geometry":{"type":"Point","coordinates":[793980.4,3626722.0]}},{"type":"Feature","properties":{"elev":540},"geometry":{"type":"Point","coordinates":[794919.8,3626722.0]}},{"type":"Feature","properties":{"elev":-57},"geometry":{"type":"Point","coordinates":[734799.3,3625782.6]}},{"type":"Feature","properties":{"elev":-3},"geometry":{"type":"Point","coordinates":[735738.6,3625782.6]}},{"type":"Feature","properties":{"elev":49},"geometry":{"type":"Point","coordinates":[736678.0,3625782.6]}},{"type":"Feature","properties":{"elev":138},"geometry":{"type":"Point","coordinates":[737617.4,3625782.6]}},{"type":"Feature","properties":{"elev":181},"geometry":{"type":"Point","coordinates":[738556.8,3625782.6]}},{"type":"Feature","properties":{"elev":24},"geometry":{"type":"Point","coordinates":[739496.2,3625782.6]}},{"type":"Feature","properties":{"elev":-166},"geometry":{"type":"Point","coordinates":[740435.6,3625782.6]}},{"type":"Feature","properties":{"elev":-216},"geometry":{"type":"Point","coordinates":[741374.9,3625782.6]}},{"type":"Feature","properties":{"elev":-216},"geometry":{"type":"Point","coordinates":[742314.3,3625782.6]}},{"type":"Feature","properties":{"elev":-216},"geometry":{"type":"Point","coordinates":[743253.7,3625782.6]}},{"type":"Feature","properties":{"elev":-216},"geometry":{"type":"Point","coordinates":[744193.1,3625782.6]}},{"type":"Feature","properties":{"elev":-216},"geometry":{"type":"Point","coordinates":[745132.5,3625782.6]}},{"type":"Feature","properties":{"elev":-216},"geometry":{"type":"Point","coordinates":[746071.9,3625782.6]}},{"type":"Feature","properties":{"elev":-196},"geometry":{"type":"Point","coordinates":[747011.2,3625782.6]}},{"type":"Feature","properties":{"elev":-24},"geometry":{"type":"Point","coordinates":[747950.6,3625782.6]}},{"type":"Feature","properties":{"elev":337},"geometry":{"type":"Point","coordinates":[748890.0,3625782.6]}},{"type":"Feature","properties":{"elev":337},"geometry":{"type":"Point","coordinates":[749829.4,3625782.6]}},{"type":"Feature","properties":{"elev":349},"geometry":{"type":"Point","coordinates":[750768.8,3625782.6]}},{"type":"Feature","properties":{"elev":245},"geometry":{"type":"Point","coordinates":[751708.2,3625782.6]}},{"type":"Feature","properties":{"elev":71},"geometry":{"type":"Point","coordinates":[752647.5,3625782.6]}},{"type":"Feature","properties":{"elev":239},"geometry":{"type":"Point","coordinates":[753586.9,3625782.6]}},{"type":"Feature","properties":{"elev":303},"geometry":{"type":"Point","coordinates":[754526.3,3625782.6]}},{"type":"Feature","properties":{"elev":171},"geometry":{"type":"Point","coordinates":[755465.7,3625782.6]}},{"type":"Feature","properties":{"elev":49},"geometry":{"type":"Point","coordinates":[756405.1,3625782.6]}},{"type":"Feature","properties":{"elev":18},"geometry":{"type":"Point","coordinates":[757344.5,3625782.6]}},{"type":"Feature","properties":{"elev":51},"geometry":{"type":"Point","coordinates":[758283.9,3625782.6]}},{"type":"Feature","properties":{"elev":161},"geometry":{"type":"Point","coordinates":[759223.2,3625782.6]}},{"type":"Feature","properties":{"elev":187},"geometry":{"type":"Point","coordinates":[760162.6,3625782.6]}},{"type":"Feature","properties":{"elev":220},"geometry":{"type":"Point","coordinates":[761102.0,3625782.6]}},{"type":"Feature","properties":{"elev":64},"geometry":{"type":"Point","coordinates":[762041.4,3625782.6]}},{"type":"Feature","properties":{"elev":-34},"geometry":{"type":"Point","coordinates":[762980.8,3625782.6]}},{"type":"Feature","properties":{"elev":54},"geometry":{"type":"Point","coordinates":[763920.2,3625782.6]}},{"type":"Feature","properties":{"elev":178},"geometry":{"type":"Point","coordinates":[764859.5,3625782.6]}},{"type":"Feature","properties":{"elev":239},"geometry":{"type":"Point","coordinates":[765798.9,3625782.6]}},{"type":"Feature","properties":{"elev":214},"geometry":{"type":"Point","coordinates":[766738.3,3625782.6]}},{"type":"Feature","properties":{"elev":298},"geometry":{"type":"Point","coordinates":[767677.7,3625782.6]}},{"type":"Feature","properties":{"elev":230},"geometry":{"type":"Point","coordinates":[768617.1,3625782.6]}},{"type":"Feature","properties":{"elev":187},"geometry":{"type":"Point","coordinates":[769556.5,3625782.6]}},{"type":"Feature","properties":{"elev":357},"geometry":{"type":"Point","coordinates":[770495.8,3625782.6]}},{"type":"Feature","properties":{"elev":186},"geometry":{"type":"Point","coordinates":[771435.2,3625782.6]}},{"type":"Feature","properties":{"elev":359},"geometry":{"type":"Point","coordinates":[772374.6,3625782.6]}},{"type":"Feature","properties":{"elev":247},"geometry":{"type":"Point","coordinates":[773314.0,3625782.6]}},{"type":"Feature","properties":{"elev":178},"geometry":{"type":"Point","coordinates":[774253.4,3625782.6]}},{"type":"Feature","properties":{"elev":162},"geometry":{"type":"Point","coordinates":[775192.8,3625782.6]}},{"type":"Feature","properties":{"elev":229},"geometry":{"type":"Point","coordinates":[776132.1,3625782.6]}},{"type":"Feature","properties":{"elev":199},"geometry":{"type":"Point","coordinates":[777071.5,3625782.6]}},{"type":"Feature","properties":{"elev":223},"geometry":{"type":"Point","coordinates":[778010.9,3625782.6]}},{"type":"Feature","properties":{"elev":355},"geometry":{"type":"Point","coordinates":[778950.3,3625782.6]}},{"type":"Feature","properties":{"elev":429},"geometry":{"type":"Point","coordinates":[779889.7,3625782.6]}},{"type":"Feature","properties":{"elev":437},"geometry":{"type":"Point","coordinates":[780829.1,3625782.6]}},{"type":"Feature","properties":{"elev":442},"geometry":{"type":"Point","coordinates":[781768.5,3625782.6]}},{"type":"Feature","properties":{"elev":453},"geometry":{"type":"Point","coordinates":[782707.8,3625782.6]}},{"type":"Feature","properties":{"elev":459},"geometry":{"type":"Point","coordinates":[783647.2,3625782.6]}},{"type":"Feature","properties":{"elev":479},"geometry":{"type":"Point","coordinates":[784586.6,3625782.6]}},{"type":"Feature","properties":{"elev":485},"geometry":{"type":"Point","coordinates":[785526.0,3625782.6]}},{"type":"Feature","properties":{"elev":493},"geometry":{"type":"Point","coordinates":[786465.4,3625782.6]}},{"type":"Feature","properties":{"elev":495},"geometry":{"type":"Point","coordinates":[787404.8,3625782.6]}},{"type":"Feature","properties":{"elev":500},"geometry":{"type":"Point","coordinates":[788344.1,3625782.6]}},{"type":"Feature","properties":{"elev":507},"geometry":{"type":"Point","coordinates":[789283.5,3625782.6]}},{"type":"Feature","properties":{"elev":515},"geometry":{"type":"Point","coordinates":[790222.9,3625782.6]}},{"type":"Feature","properties":{"elev":524},"geometry":{"type":"Point","coordinates":[791162.3,3625782.6]}},{"type":"Feature","properties":{"elev":528},"geometry":{"type":"Point","coordinates":[792101.7,3625782.6]}},{"type":"Feature","properties":{"elev":536},"geometry":{"type":"Point","coordinates":[793041.1,3625782.6]}},{"type":"Feature","properties":{"elev":538},"geometry":{"type":"Point","coordinates":[793980.4,3625782.6]}},{"type":"Feature","properties":{"elev":543},"geometry":{"type":"Point","coordinates":[794919.8,3625782.6]}},{"type":"Feature","properties":{"elev":-77},"geometry":{"type":"Point","coordinates":[734799.3,3624843.3]}},{"type":"Feature","properties":{"elev":-43},"geometry":{"type":"Point","coordinates":[735738.6,3624843.3]}},{"type":"Feature","properties":{"elev":3},"geometry":{"type":"Point","coordinates":[736678.0,3624843.3]}},{"type":"Feature","properties":{"elev":85},"geometry":{"type":"Point","coordinates":[737617.4,3624843.3]}},{"type":"Feature","properties":{"elev":154},"geometry":{"type":"Point","coordinates":[738556.8,3624843.3]}},{"type":"Feature","properties":{"elev":11},"geometry":{"type":"Point","coordinates":[739496.2,3624843.3]}},{"type":"Feature","properties":{"elev":-186},"geometry":{"type":"Point","coordinates":[740435.6,3624843.3]}},{"type":"Feature","properties":{"elev":-216},"geometry":{"type":"Point","coordinates":[741374.9,3624843.3]}},{"type":"Feature","properties":{"elev":-216},"geometry":{"type":"Point","coordinates":[742314.3,3624843.3]}},{"type":"Feature","properties":{"elev":-216},"geometry":{"type":"Point","coordinates":[743253.7,3624843.3]}},{"type":"Feature","properties":{"elev":-216},"geometry":{"type":"Point","coordinates":[744193.1,3624843.3]}},{"type":"Feature","properties":{"elev":-216},"geometry":{"type":"Point","coordinates":[745132.5,3624843.3]}},{"type":"Feature","properties":{"elev":-212},"geometry":{"type":"Point","coordinates":[746071.9,3624843.3]}},{"type":"Feature","properties":{"elev":-178},"geometry":{"type":"Point","coordinates":[747011.2,3624843.3]}},{"type":"Feature","properties":{"elev":46},"geometry":{"type":"Point","coordinates":[747950.6,3624843.3]}},{"type":"Feature","properties":{"elev":349},"geometry":{"type":"Point","coordinates":[748890.0,3624843.3]}},{"type":"Feature","properties":{"elev":342},"geometry":{"type":"Point","coordinates":[749829.4,3624843.3]}},{"type":"Feature","properties":{"elev":331},"geometry":{"type":"Point","coordinates":[750768.8,3624843.3]}},{"type":"Feature","properties":{"elev":263},"geometry":{"type":"Point","coordinates":[751708.2,3624843.3]}},{"type":"Feature","properties":{"elev":30},"geometry":{"type":"Point","coordinates":[752647.5,3624843.3]}},{"type":"Feature","properties":{"elev":257},"geometry":{"type":"Point","coordinates":[753586.9,3624843.3]}},{"type":"Feature","properties":{"elev":237},"geometry":{"type":"Point","coordinates":[754526.3,3624843.3]}},{"type":"Feature","properties":{"elev":77},"geometry":{"type":"Point","coordinates":[755465.7,3624843.3]}},{"type":"Feature","properties":{"elev":-89},"geometry":{"type":"Point","coordinates":[756405.1,3624843.3]}},{"type":"Feature","properties":{"elev":-77},"geometry":{"type":"Point","coordinates":[757344.5,3624843.3]}},{"type":"Feature","properties":{"elev":203},"geometry":{"type":"Point","coordinates":[758283.9,3624843.3]}},{"type":"Feature","properties":{"elev":104},"geometry":{"type":"Point","coordinates":[759223.2,3624843.3]}},{"type":"Feature","properties":{"elev":352},"geometry":{"type":"Point","coordinates":[760162.6,3624843.3]}},{"type":"Feature","properties":{"elev":374},"geometry":{"type":"Point","coordinates":[761102.0,3624843.3]}},{"type":"Feature","properties":{"elev":379},"geometry":{"type":"Point","coordinates":[762041.4,3624843.3]}},{"type":"Feature","properties":{"elev":383},"geometry":{"type":"Point","coordinates":[762980.8,3624843.3]}},{"type":"Feature","properties":{"elev":171},"geometry":{"type":"Point","coordinates":[763920.2,3624843.3]}},{"type":"Feature","properties":{"elev":107},"geometry":{"type":"Point","coordinates":[764859.5,3624843.3]}},{"type":"Feature","properties":{"elev":18},"geometry":{"type":"Point","coordinates":[765798.9,3624843.3]}},{"type":"Feature","properties":{"elev":75},"geometry":{"type":"Point","coordinates":[766738.3,3624843.3]}},{"type":"Feature","properties":{"elev":40},"geometry":{"type":"Point","coordinates":[767677.7,3624843.3]}},{"type":"Feature","properties":{"elev":246},"geometry":{"type":"Point","coordinates":[768617.1,3624843.3]}},{"type":"Feature","properties":{"elev":174},"geometry":{"type":"Point","coordinates":[769556.5,3624843.3]}},{"type":"Feature","properties":{"elev":164},"geometry":{"type":"Point","coordinates":[770495.8,3624843.3]}},{"type":"Feature","properties":{"elev":169},"geometry":{"type":"Point","coordinates":[771435.2,3624843.3]}},{"type":"Feature","properties":{"elev":109},"geometry":{"type":"Point","coordinates":[772374.6,3624843.3]}},{"type":"Feature","properties":{"elev":293},"geometry":{"type":"Point","coordinates":[773314.0,3624843.3]}},{"type":"Feature","properties":{"elev":398},"geometry":{"type":"Point","coordinates":[774253.4,3624843.3]}},{"type":"Feature","properties":{"elev":402},"geometry":{"type":"Point","coordinates":[775192.8,3624843.3]}},{"type":"Feature","properties":{"elev":412},"geometry":{"type":"Point","coordinates":[776132.1,3624843.3]}},{"type":"Feature","properties":{"elev":418},"geometry":{"type":"Point","coordinates":[777071.5,3624843.3]}},{"type":"Feature","properties":{"elev":418},"geometry":{"type":"Point","coordinates":[778010.9,3624843.3]}},{"type":"Feature","properties":{"elev":425},"geometry":{"type":"Point","coordinates":[778950.3,3624843.3]}},{"type":"Feature","properties":{"elev":437},"geometry":{"type":"Point","coordinates":[779889.7,3624843.3]}},{"type":"Feature","properties":{"elev":443},"geometry":{"type":"Point","coordinates":[780829.1,3624843.3]}},{"type":"Feature","properties":{"elev":449},"geometry":{"type":"Point","coordinates":[781768.5,3624843.3]}},{"type":"Feature","properties":{"elev":456},"geometry":{"type":"Point","coordinates":[782707.8,3624843.3]}},{"type":"Feature","properties":{"elev":465},"geometry":{"type":"Point","coordinates":[783647.2,3624843.3]}},{"type":"Feature","properties":{"elev":474},"geometry":{"type":"Point","coordinates":[784586.6,3624843.3]}},{"type":"Feature","properties":{"elev":487},"geometry":{"type":"Point","coordinates":[785526.0,3624843.3]}},{"type":"Feature","properties":{"elev":499},"geometry":{"type":"Point","coordinates":[786465.4,3624843.3]}},{"type":"Feature","properties":{"elev":502},"geometry":{"type":"Point","coordinates":[787404.8,3624843.3]}},{"type":"Feature","properties":{"elev":513},"geometry":{"type":"Point","coordinates":[788344.1,3624843.3]}},{"type":"Feature","properties":{"elev":526},"geometry":{"type":"Point","coordinates":[789283.5,3624843.3]}},{"type":"Feature","properties":{"elev":532},"geometry":{"type":"Point","coordinates":[790222.9,3624843.3]}},{"type":"Feature","properties":{"elev":536},"geometry":{"type":"Point","coordinates":[791162.3,3624843.3]}},{"type":"Feature","properties":{"elev":538},"geometry":{"type":"Point","coordinates":[792101.7,3624843.3]}},{"type":"Feature","properties":{"elev":534},"geometry":{"type":"Point","coordinates":[793041.1,3624843.3]}},{"type":"Feature","properties":{"elev":540},"geometry":{"type":"Point","coordinates":[793980.4,3624843.3]}},{"type":"Feature","properties":{"elev":544},"geometry":{"type":"Point","coordinates":[794919.8,3624843.3]}},{"type":"Feature","properties":{"elev":-75},"geometry":{"type":"Point","coordinates":[734799.3,3623904.0]}},{"type":"Feature","properties":{"elev":-79},"geometry":{"type":"Point","coordinates":[735738.6,3623904.0]}},{"type":"Feature","properties":{"elev":-49},"geometry":{"type":"Point","coordinates":[736678.0,3623904.0]}},{"type":"Feature","properties":{"elev":24},"geometry":{"type":"Point","coordinates":[737617.4,3623904.0]}},{"type":"Feature","properties":{"elev":107},"geometry":{"type":"Point","coordinates":[738556.8,3623904.0]}},{"type":"Feature","properties":{"elev":-19},"geometry":{"type":"Point","coordinates":[739496.2,3623904.0]}},{"type":"Feature","properties":{"elev":-185},"geometry":{"type":"Point","coordinates":[740435.6,3623904.0]}},{"type":"Feature","properties":{"elev":-216},"geometry":{"type":"Point","coordinates":[741374.9,3623904.0]}},{"type":"Feature","properties":{"elev":-216},"geometry":{"type":"Point","coordinates":[742314.3,3623904.0]}},{"type":"Feature","properties":{"elev":-216},"geometry":{"type":"Point","coordinates":[743253.7,3623904.0]}},{"type":"Feature","properties":{"elev":-216},"geometry":{"type":"Point","coordinates":[744193.1,3623904.0]}},{"type":"Feature","properties":{"elev":-216},"geometry":{"type":"Point","coordinates":[745132.5,3623904.0]}},{"type":"Feature","properties":{"elev":-199},"geometry":{"type":"Point","coordinates":[746071.9,3623904.0]}},{"type":"Feature","properties":{"elev":-146},"geometry":{"type":"Point","coordinates":[747011.2,3623904.0]}},{"type":"Feature","properties":{"elev":139},"geometry":{"type":"Point","coordinates":[747950.6,3623904.0]}},{"type":"Feature","properties":{"elev":357},"geometry":{"type":"Point","coordinates":[748890.0,3623904.0]}},{"type":"Feature","properties":{"elev":343},"geometry":{"type":"Point","coordinates":[749829.4,3623904.0]}},{"type":"Feature","properties":{"elev":228},"geometry":{"type":"Point","coordinates":[750768.8,3623904.0]}},{"type":"Feature","properties":{"elev":135},"geometry":{"type":"Point","coordinates":[751708.2,3623904.0]}},{"type":"Feature","properties":{"elev":25},"geometry":{"type":"Point","coordinates":[752647.5,3623904.0]}},{"type":"Feature","properties":{"elev":100},"geometry":{"type":"Point","coordinates":[753586.9,3623904.0]}},{"type":"Feature","properties":{"elev":-44},"geometry":{"type":"Point","coordinates":[754526.3,3623904.0]}},{"type":"Feature","properties":{"elev":-59},"geometry":{"type":"Point","coordinates":[755465.7,3623904.0]}},{"type":"Feature","properties":{"elev":-47},"geometry":{"type":"Point","coordinates":[756405.1,3623904.0]}},{"type":"Feature","properties":{"elev":306},"geometry":{"type":"Point","coordinates":[757344.5,3623904.0]}},{"type":"Feature","properties":{"elev":360},"geometry":{"type":"Point","coordinates":[758283.9,3623904.0]}},{"type":"Feature","properties":{"elev":304},"geometry":{"type":"Point","coordinates":[759223.2,3623904.0]}},{"type":"Feature","properties":{"elev":84},"geometry":{"type":"Point","coordinates":[760162.6,3623904.0]}},{"type":"Feature","properties":{"elev":110},"geometry":{"type":"Point","coordinates":[761102.0,3623904.0]}},{"type":"Feature","properties":{"elev":235},"geometry":{"type":"Point","coordinates":[762041.4,3623904.0]}},{"type":"Feature","properties":{"elev":193},"geometry":{"type":"Point","coordinates":[762980.8,3623904.0]}},{"type":"Feature","properties":{"elev":375},"geometry":{"type":"Point","coordinates":[763920.2,3623904.0]}},{"type":"Feature","properties":{"elev":381},"geometry":{"type":"Point","coordinates":[764859.5,3623904.0]}},{"type":"Feature","properties":{"elev":161},"geometry":{"type":"Point","coordinates":[765798.9,3623904.0]}},{"type":"Feature","properties":{"elev":377},"geometry":{"type":"Point","coordinates":[766738.3,3623904.0]}},{"type":"Feature","properties":{"elev":293},"geometry":{"type":"Point","coordinates":[767677.7,3623904.0]}},{"type":"Feature","properties":{"elev":342},"geometry":{"type":"Point","coordinates":[768617.1,3623904.0]}},{"type":"Feature","properties":{"elev":243},"geometry":{"type":"Point","coordinates":[769556.5,3623904.0]}},{"type":"Feature","properties":{"elev":68},"geometry":{"type":"Point","coordinates":[770495.8,3623904.0]}},{"type":"Feature","properties":{"elev":133},"geometry":{"type":"Point","coordinates":[771435.2,3623904.0]}},{"type":"Feature","properties":{"elev":114},"geometry":{"type":"Point","coordinates":[772374.6,3623904.0]}},{"type":"Feature","properties":{"elev":135},"geometry":{"type":"Point","coordinates":[773314.0,3623904.0]}},{"type":"Feature","properties":{"elev":296},"geometry":{"type":"Point","coordinates":[774253.4,3623904.0]}},{"type":"Feature","properties":{"elev":179},"geometry":{"type":"Point","coordinates":[775192.8,3623904.0]}},{"type":"Feature","properties":{"elev":408},"geometry":{"type":"Point","coordinates":[776132.1,3623904.0]}},{"type":"Feature","properties":{"elev":412},"geometry":{"type":"Point","coordinates":[777071.5,3623904.0]}},{"type":"Feature","properties":{"elev":422},"geometry":{"type":"Point","coordinates":[778010.9,3623904.0]}},{"type":"Feature","properties":{"elev":429},"geometry":{"type":"Point","coordinates":[778950.3,3623904.0]}},{"type":"Feature","properties":{"elev":431},"geometry":{"type":"Point","coordinates":[779889.7,3623904.0]}},{"type":"Feature","properties":{"elev":440},"geometry":{"type":"Point","coordinates":[780829.1,3623904.0]}},{"type":"Feature","properties":{"elev":449},"geometry":{"type":"Point","coordinates":[781768.5,3623904.0]}},{"type":"Feature","properties":{"elev":454},"geometry":{"type":"Point","coordinates":[782707.8,3623904.0]}},{"type":"Feature","properties":{"elev":459},"geometry":{"type":"Point","coordinates":[783647.2,3623904.0]}},{"type":"Feature","properties":{"elev":464},"geometry":{"type":"Point","coordinates":[784586.6,3623904.0]}},{"type":"Feature","properties":{"elev":476},"geometry":{"type":"Point","coordinates":[785526.0,3623904.0]}},{"type":"Feature","properties":{"elev":485},"geometry":{"type":"Point","coordinates":[786465.4,3623904.0]}},{"type":"Feature","properties":{"elev":494},"geometry":{"type":"Point","coordinates":[787404.8,3623904.0]}},{"type":"Feature","properties":{"elev":501},"geometry":{"type":"Point","coordinates":[788344.1,3623904.0]}},{"type":"Feature","properties":{"elev":516},"geometry":{"type":"Point","coordinates":[789283.5,3623904.0]}},{"type":"Feature","properties":{"elev":531},"geometry":{"type":"Point","coordinates":[790222.9,3623904.0]}},{"type":"Feature","properties":{"elev":547},"geometry":{"type":"Point","coordinates":[791162.3,3623904.0]}},{"type":"Feature","properties":{"elev":551},"geometry":{"type":"Point","coordinates":[792101.7,3623904.0]}},{"type":"Feature","properties":{"elev":551},"geometry":{"type":"Point","coordinates":[793041.1,3623904.0]}},{"type":"Feature","properties":{"elev":544},"geometry":{"type":"Point","coordinates":[793980.4,3623904.0]}},{"type":"Feature","properties":{"elev":539},"geometry":{"type":"Point","coordinates":[794919.8,3623904.0]}},{"type":"Feature","properties":{"elev":-59},"geometry":{"type":"Point","coordinates":[734799.3,3622964.7]}},{"type":"Feature","properties":{"elev":-82},"geometry":{"type":"Point","coordinates":[735738.6,3622964.7]}},{"type":"Feature","properties":{"elev":-72},"geometry":{"type":"Point","coordinates":[736678.0,3622964.7]}},{"type":"Feature","properties":{"elev":-23},"geometry":{"type":"Point","coordinates":[737617.4,3622964.7]}},{"type":"Feature","properties":{"elev":36},"geometry":{"type":"Point","coordinates":[738556.8,3622964.7]}},{"type":"Feature","properties":{"elev":-103},"geometry":{"type":"Point","coordinates":[739496.2,3622964.7]}},{"type":"Feature","properties":{"elev":-185},"geometry":{"type":"Point","coordinates":[740435.6,3622964.7]}},{"type":"Feature","properties":{"elev":-216},"geometry":{"type":"Point","coordinates":[741374.9,3622964.7]}},{"type":"Feature","properties":{"elev":-216},"geometry":{"type":"Point","coordinates":[742314.3,3622964.7]}},{"type":"Feature","properties":{"elev":-216},"geometry":{"type":"Point","coordinates":[743253.7,3622964.7]}},{"type":"Feature","properties":{"elev":-216},"geometry":{"type":"Point","coordinates":[744193.1,3622964.7]}},{"type":"Feature","properties":{"elev":-200},"geometry":{"type":"Point","coordinates":[745132.5,3622964.7]}},{"type":"Feature","properties":{"elev":-185},"geometry":{"type":"Point","coordinates":[746071.9,3622964.7]}},{"type":"Feature","properties":{"elev":-67},"geometry":{"type":"Point","coordinates":[747011.2,3622964.7]}},{"type":"Feature","properties":{"elev":196},"geometry":{"type":"Point","coordinates":[747950.6,3622964.7]}},{"type":"Feature","properties":{"elev":351},"geometry":{"type":"Point","coordinates":[748890.0,3622964.7]}},{"type":"Feature","properties":{"elev":331},"geometry":{"type":"Point","coordinates":[749829.4,3622964.7]}},{"type":"Feature","properties":{"elev":47},"geometry":{"type":"Point","coordinates":[750768.8,3622964.7]}},{"type":"Feature","properties":{"elev":132},"geometry":{"type":"Point","coordinates":[751708.2,3622964.7]}},{"type":"Feature","properties":{"elev":-53},"geometry":{"type":"Point","coordinates":[752647.5,3622964.7]}},{"type":"Feature","properties":{"elev":-126},"geometry":{"type":"Point","coordinates":[753586.9,3622964.7]}},{"type":"Feature","properties":{"elev":-101},"geometry":{"type":"Point","coordinates":[754526.3,3622964.7]}},{"type":"Feature","properties":{"elev":96},"geometry":{"type":"Point","coordinates":[755465.7,3622964.7]}},{"type":"Feature","properties":{"elev":309},"geometry":{"type":"Point","coordinates":[756405.1,3622964.7]}},{"type":"Feature","properties":{"elev":343},"geometry":{"type":"Point","coordinates":[757344.5,3622964.7]}},{"type":"Feature","properties":{"elev":343},"geometry":{"type":"Point","coordinates":[758283.9,3622964.7]}},{"type":"Feature","properties":{"elev":252},"geometry":{"type":"Point","coordinates":[759223.2,3622964.7]}},{"type":"Feature","properties":{"elev":360},"geometry":{"type":"Point","coordinates":[760162.6,3622964.7]}},{"type":"Feature","properties":{"elev":374},"geometry":{"type":"Point","coordinates":[761102.0,3622964.7]}},{"type":"Feature","properties":{"elev":354},"geometry":{"type":"Point","coordinates":[762041.4,3622964.7]}},{"type":"Feature","properties":{"elev":380},"geometry":{"type":"Point","coordinates":[762980.8,3622964.7]}},{"type":"Feature","properties":{"elev":334},"geometry":{"type":"Point","coordinates":[763920.2,3622964.7]}},{"type":"Feature","properties":{"elev":315},"geometry":{"type":"Point","coordinates":[764859.5,3622964.7]}},{"type":"Feature","properties":{"elev":387},"geometry":{"type":"Point","coordinates":[765798.9,3622964.7]}},{"type":"Feature","properties":{"elev":383},"geometry":{"type":"Point","coordinates":[766738.3,3622964.7]}},{"type":"Feature","properties":{"elev":407},"geometry":{"type":"Point","coordinates":[767677.7,3622964.7]}},{"type":"Feature","properties":{"elev":298},"geometry":{"type":"Point","coordinates":[768617.1,3622964.7]}},{"type":"Feature","properties":{"elev":402},"geometry":{"type":"Point","coordinates":[769556.5,3622964.7]}},{"type":"Feature","properties":{"elev":90},"geometry":{"type":"Point","coordinates":[770495.8,3622964.7]}},{"type":"Feature","properties":{"elev":405},"geometry":{"type":"Point","coordinates":[771435.2,3622964.7]}},{"type":"Feature","properties":{"elev":324},"geometry":{"type":"Point","coordinates":[772374.6,3622964.7]}},{"type":"Feature","properties":{"elev":394},"geometry":{"type":"Point","coordinates":[773314.0,3622964.7]}},{"type":"Feature","properties":{"elev":405},"geometry":{"type":"Point","coordinates":[774253.4,3622964.7]}},{"type":"Feature","properties":{"elev":353},"geometry":{"type":"Point","coordinates":[775192.8,3622964.7]}},{"type":"Feature","properties":{"elev":410},"geometry":{"type":"Point","coordinates":[776132.1,3622964.7]}},{"type":"Feature","properties":{"elev":407},"geometry":{"type":"Point","coordinates":[777071.5,3622964.7]}},{"type":"Feature","properties":{"elev":422},"geometry":{"type":"Point","coordinates":[778010.9,3622964.7]}},{"type":"Feature","properties":{"elev":424},"geometry":{"type":"Point","coordinates":[778950.3,3622964.7]}},{"type":"Feature","properties":{"elev":431},"geometry":{"type":"Point","coordinates":[779889.7,3622964.7]}},{"type":"Feature","properties":{"elev":438},"geometry":{"type":"Point","coordinates":[780829.1,3622964.7]}},{"type":"Feature","properties":{"elev":435},"geometry":{"type":"Point","coordinates":[781768.5,3622964.7]}},{"type":"Feature","properties":{"elev":443},"geometry":{"type":"Point","coordinates":[782707.8,3622964.7]}},{"type":"Feature","properties":{"elev":448},"geometry":{"type":"Point","coordinates":[783647.2,3622964.7]}},{"type":"Feature","properties":{"elev":457},"geometry":{"type":"Point","coordinates":[784586.6,3622964.7]}},{"type":"Feature","properties":{"elev":471},"geometry":{"type":"Point","coordinates":[785526.0,3622964.7]}},{"type":"Feature","properties":{"elev":480},"geometry":{"type":"Point","coordinates":[786465.4,3622964.7]}},{"type":"Feature","properties":{"elev":489},"geometry":{"type":"Point","coordinates":[787404.8,3622964.7]}},{"type":"Feature","properties":{"elev":501},"geometry":{"type":"Point","coordinates":[788344.1,3622964.7]}},{"type":"Feature","properties":{"elev":513},"geometry":{"type":"Point","coordinates":[789283.5,3622964.7]}},{"type":"Feature","properties":{"elev":527},"geometry":{"type":"Point","coordinates":[790222.9,3622964.7]}},{"type":"Feature","properties":{"elev":549},"geometry":{"type":"Point","coordinates":[791162.3,3622964.7]}},{"type":"Feature","properties":{"elev":564},"geometry":{"type":"Point","coordinates":[792101.7,3622964.7]}},{"type":"Feature","properties":{"elev":577},"geometry":{"type":"Point","coordinates":[793041.1,3622964.7]}},{"type":"Feature","properties":{"elev":561},"geometry":{"type":"Point","coordinates":[793980.4,3622964.7]}},{"type":"Feature","properties":{"elev":545},"geometry":{"type":"Point","coordinates":[794919.8,3622964.7]}},{"type":"Feature","properties":{"elev":-41},"geometry":{"type":"Point","coordinates":[734799.3,3622025.4]}},{"type":"Feature","properties":{"elev":-62},"geometry":{"type":"Point","coordinates":[735738.6,3622025.4]}},{"type":"Feature","properties":{"elev":-64},"geometry":{"type":"Point","coordinates":[736678.0,3622025.4]}},{"type":"Feature","properties":{"elev":-24},"geometry":{"type":"Point","coordinates":[737617.4,3622025.4]}},{"type":"Feature","properties":{"elev":31},"geometry":{"type":"Point","coordinates":[738556.8,3622025.4]}},{"type":"Feature","properties":{"elev":-128},"geometry":{"type":"Point","coordinates":[739496.2,3622025.4]}},{"type":"Feature","properties":{"elev":-193},"geometry":{"type":"Point","coordinates":[740435.6,3622025.4]}},{"type":"Feature","properties":{"elev":-199},"geometry":{"type":"Point","coordinates":[741374.9,3622025.4]}},{"type":"Feature","properties":{"elev":-216},"geometry":{"type":"Point","coordinates":[742314.3,3622025.4]}},{"type":"Feature","properties":{"elev":-216},"geometry":{"type":"Point","coordinates":[743253.7,3622025.4]}},{"type":"Feature","properties":{"elev":-199},"geometry":{"type":"Point","coordinates":[744193.1,3622025.4]}},{"type":"Feature","properties":{"elev":-162},"geometry":{"type":"Point","coordinates":[745132.5,3622025.4]}},{"type":"Feature","properties":{"elev":-165},"geometry":{"type":"Point","coordinates":[746071.9,3622025.4]}},{"type":"Feature","properties":{"elev":11},"geometry":{"type":"Point","coordinates":[747011.2,3622025.4]}},{"type":"Feature","properties":{"elev":198},"geometry":{"type":"Point","coordinates":[747950.6,3622025.4]}},{"type":"Feature","properties":{"elev":330},"geometry":{"type":"Point","coordinates":[748890.0,3622025.4]}},{"type":"Feature","properties":{"elev":295},"geometry":{"type":"Point","coordinates":[749829.4,3622025.4]}},{"type":"Feature","properties":{"elev":-46},"geometry":{"type":"Point","coordinates":[750768.8,3622025.4]}},{"type":"Feature","properties":{"elev":-123},"geometry":{"type":"Point","coordinates":[751708.2,3622025.4]}},{"type":"Feature","properties":{"elev":-82},"geometry":{"type":"Point","coordinates":[752647.5,3622025.4]}},{"type":"Feature","properties":{"elev":-58},"geometry":{"type":"Point","coordinates":[753586.9,3622025.4]}},{"type":"Feature","properties":{"elev":110},"geometry":{"type":"Point","coordinates":[754526.3,3622025.4]}},{"type":"Feature","properties":{"elev":133},"geometry":{"type":"Point","coordinates":[755465.7,3622025.4]}},{"type":"Feature","properties":{"elev":301},"geometry":{"type":"Point","coordinates":[756405.1,3622025.4]}},{"type":"Feature","properties":{"elev":370},"geometry":{"type":"Point","coordinates":[757344.5,3622025.4]}},{"type":"Feature","properties":{"elev":387},"geometry":{"type":"Point","coordinates":[758283.9,3622025.4]}},{"type":"Feature","properties":{"elev":340},"geometry":{"type":"Point","coordinates":[759223.2,3622025.4]}},{"type":"Feature","properties":{"elev":286},"geometry":{"type":"Point","coordinates":[760162.6,3622025.4]}},{"type":"Feature","properties":{"elev":376},"geometry":{"type":"Point","coordinates":[761102.0,3622025.4]}},{"type":"Feature","properties":{"elev":301},"geometry":{"type":"Point","coordinates":[762041.4,3622025.4]}},{"type":"Feature","properties":{"elev":260},"geometry":{"type":"Point","coordinates":[762980.8,3622025.4]}},{"type":"Feature","properties":{"elev":363},"geometry":{"type":"Point","coordinates":[763920.2,3622025.4]}},{"type":"Feature","properties":{"elev":408},"geometry":{"type":"Point","coordinates":[764859.5,3622025.4]}},{"type":"Feature","properties":{"elev":372},"geometry":{"type":"Point","coordinates":[765798.9,3622025.4]}},{"type":"Feature","properties":{"elev":405},"geometry":{"type":"Point","coordinates":[766738.3,3622025.4]}},{"type":"Feature","properties":{"elev":443},"geometry":{"type":"Point","coordinates":[767677.7,3622025.4]}},{"type":"Feature","properties":{"elev":357},"geometry":{"type":"Point","coordinates":[768617.1,3622025.4]}},{"type":"Feature","properties":{"elev":413},"geometry":{"type":"Point","coordinates":[769556.5,3622025.4]}},{"type":"Feature","properties":{"elev":142},"geometry":{"type":"Point","coordinates":[770495.8,3622025.4]}},{"type":"Feature","properties":{"elev":329},"geometry":{"type":"Point","coordinates":[771435.2,3622025.4]}},{"type":"Feature","properties":{"elev":405},"geometry":{"type":"Point","coordinates":[772374.6,3622025.4]}},{"type":"Feature","properties":{"elev":416},"geometry":{"type":"Point","coordinates":[773314.0,3622025.4]}},{"type":"Feature","properties":{"elev":412},"geometry":{"type":"Point","coordinates":[774253.4,3622025.4]}},{"type":"Feature","properties":{"elev":360},"geometry":{"type":"Point","coordinates":[775192.8,3622025.4]}},{"type":"Feature","properties":{"elev":414},"geometry":{"type":"Point","coordinates":[776132.1,3622025.4]}},{"type":"Feature","properties":{"elev":417},"geometry":{"type":"Point","coordinates":[777071.5,3622025.4]}},{"type":"Feature","properties":{"elev":419},"geometry":{"type":"Point","coordinates":[778010.9,3622025.4]}},{"type":"Feature","properties":{"elev":416},"geometry":{"type":"Point","coordinates":[778950.3,3622025.4]}},{"type":"Feature","properties":{"elev":426},"geometry":{"type":"Point","coordinates":[779889.7,3622025.4]}},{"type":"Feature","properties":{"elev":437},"geometry":{"type":"Point","coordinates":[780829.1,3622025.4]}},{"type":"Feature","properties":{"elev":439},"geometry":{"type":"Point","coordinates":[781768.5,3622025.4]}},{"type":"Feature","properties":{"elev":439},"geometry":{"type":"Point","coordinates":[782707.8,3622025.4]}},{"type":"Feature","properties":{"elev":448},"geometry":{"type":"Point","coordinates":[783647.2,3622025.4]}},{"type":"Feature","properties":{"elev":455},"geometry":{"type":"Point","coordinates":[784586.6,3622025.4]}},{"type":"Feature","properties":{"elev":458},"geometry":{"type":"Point","coordinates":[785526.0,3622025.4]}},{"type":"Feature","properties":{"elev":471},"geometry":{"type":"Point","coordinates":[786465.4,3622025.4]}},{"type":"Feature","properties":{"elev":482},"geometry":{"type":"Point","coordinates":[787404.8,3622025.4]}},{"type":"Feature","properties":{"elev":489},"geometry":{"type":"Point","coordinates":[788344.1,3622025.4]}},{"type":"Feature","properties":{"elev":505},"geometry":{"type":"Point","coordinates":[789283.5,3622025.4]}},{"type":"Feature","properties":{"elev":526},"geometry":{"type":"Point","coordinates":[790222.9,3622025.4]}},{"type":"Feature","properties":{"elev":540},"geometry":{"type":"Point","coordinates":[791162.3,3622025.4]}},{"type":"Feature","properties":{"elev":557},"geometry":{"type":"Point","coordinates":[792101.7,3622025.4]}},{"type":"Feature","properties":{"elev":567},"geometry":{"type":"Point","coordinates":[793041.1,3622025.4]}},{"type":"Feature","properties":{"elev":560},"geometry":{"type":"Point","coordinates":[793980.4,3622025.4]}},{"type":"Feature","properties":{"elev":548},"geometry":{"type":"Point","coordinates":[794919.8,3622025.4]}},{"type":"Feature","properties":{"elev":-1},"geometry":{"type":"Point","coordinates":[734799.3,3621086.1]}},{"type":"Feature","properties":{"elev":-56},"geometry":{"type":"Point","coordinates":[735738.6,3621086.1]}},{"type":"Feature","properties":{"elev":-82},"geometry":{"type":"Point","coordinates":[736678.0,3621086.1]}},{"type":"Feature","properties":{"elev":-30},"geometry":{"type":"Point","coordinates":[737617.4,3621086.1]}},{"type":"Feature","properties":{"elev":20},"geometry":{"type":"Point","coordinates":[738556.8,3621086.1]}},{"type":"Feature","properties":{"elev":-176},"geometry":{"type":"Point","coordinates":[739496.2,3621086.1]}},{"type":"Feature","properties":{"elev":-207},"geometry":{"type":"Point","coordinates":[740435.6,3621086.1]}},{"type":"Feature","properties":{"elev":-197},"geometry":{"type":"Point","coordinates":[741374.9,3621086.1]}},{"type":"Feature","properties":{"elev":-199},"geometry":{"type":"Point","coordinates":[742314.3,3621086.1]}},{"type":"Feature","properties":{"elev":-195},"geometry":{"type":"Point","coordinates":[743253.7,3621086.1]}},{"type":"Feature","properties":{"elev":-192},"geometry":{"type":"Point","coordinates":[744193.1,3621086.1]}},{"type":"Feature","properties":{"elev":-174},"geometry":{"type":"Point","coordinates":[745132.5,3621086.1]}},{"type":"Feature","properties":{"elev":-145},"geometry":{"type":"Point","coordinates":[746071.9,3621086.1]}},{"type":"Feature","properties":{"elev":-47},"geometry":{"type":"Point","coordinates":[747011.2,3621086.1]}},{"type":"Feature","properties":{"elev":170},"geometry":{"type":"Point","coordinates":[747950.6,3621086.1]}},{"type":"Feature","properties":{"elev":303},"geometry":{"type":"Point","coordinates":[748890.0,3621086.1]}},{"type":"Feature","properties":{"elev":131},"geometry":{"type":"Point","coordinates":[749829.4,3621086.1]}},{"type":"Feature","properties":{"elev":-102},"geometry":{"type":"Point","coordinates":[750768.8,3621086.1]}},{"type":"Feature","properties":{"elev":-91},"geometry":{"type":"Point","coordinates":[751708.2,3621086.1]}},{"type":"Feature","properties":{"elev":30},"geometry":{"type":"Point","coordinates":[752647.5,3621086.1]}},{"type":"Feature","properties":{"elev":14},"geometry":{"type":"Point","coordinates":[753586.9,3621086.1]}},{"type":"Feature","properties":{"elev":184},"geometry":{"type":"Point","coordinates":[754526.3,3621086.1]}},{"type":"Feature","properties":{"elev":173},"geometry":{"type":"Point","coordinates":[755465.7,3621086.1]}},{"type":"Feature","properties":{"elev":143},"geometry":{"type":"Point","coordinates":[756405.1,3621086.1]}},{"type":"Feature","properties":{"elev":276},"geometry":{"type":"Point","coordinates":[757344.5,3621086.1]}},{"type":"Feature","properties":{"elev":381},"geometry":{"type":"Point","coordinates":[758283.9,3621086.1]}},{"type":"Feature","properties":{"elev":356},"geometry":{"type":"Point","coordinates":[759223.2,3621086.1]}},{"type":"Feature","properties":{"elev":409},"geometry":{"type":"Point","coordinates":[760162.6,3621086.1]}},{"type":"Feature","properties":{"elev":408},"geometry":{"type":"Point","coordinates":[761102.0,3621086.1]}},{"type":"Feature","properties":{"elev":400},"geometry":{"type":"Point","coordinates":[762041.4,3621086.1]}},{"type":"Feature","properties":{"elev":393},"geometry":{"type":"Point","coordinates":[762980.8,3621086.1]}},{"type":"Feature","properties":{"elev":310},"geometry":{"type":"Point","coordinates":[763920.2,3621086.1]}},{"type":"Feature","properties":{"elev":412},"geometry":{"type":"Point","coordinates":[764859.5,3621086.1]}},{"type":"Feature","properties":{"elev":419},"geometry":{"type":"Point","coordinates":[765798.9,3621086.1]}},{"type":"Feature","properties":{"elev":439},"geometry":{"type":"Point","coordinates":[766738.3,3621086.1]}},{"type":"Feature","properties":{"elev":452},"geometry":{"type":"Point","coordinates":[767677.7,3621086.1]}},{"type":"Feature","properties":{"elev":412},"geometry":{"type":"Point","coordinates":[768617.1,3621086.1]}},{"type":"Feature","properties":{"elev":423},"geometry":{"type":"Point","coordinates":[769556.5,3621086.1]}},{"type":"Feature","properties":{"elev":351},"geometry":{"type":"Point","coordinates":[770495.8,3621086.1]}},{"type":"Feature","properties":{"elev":164},"geometry":{"type":"Point","coordinates":[771435.2,3621086.1]}},{"type":"Feature","properties":{"elev":420},"geometry":{"type":"Point","coordinates":[772374.6,3621086.1]}},{"type":"Feature","properties":{"elev":416},"geometry":{"type":"Point","coordinates":[773314.0,3621086.1]}},{"type":"Feature","properties":{"elev":418},"geometry":{"type":"Point","coordinates":[774253.4,3621086.1]}},{"type":"Feature","properties":{"elev":407},"geometry":{"type":"Point","coordinates":[775192.8,3621086.1]}},{"type":"Feature","properties":{"elev":401},"geometry":{"type":"Point","coordinates":[776132.1,3621086.1]}},{"type":"Feature","properties":{"elev":369},"geometry":{"type":"Point","coordinates":[777071.5,3621086.1]}},{"type":"Feature","properties":{"elev":334},"geometry":{"type":"Point","coordinates":[778010.9,3621086.1]}},{"type":"Feature","properties":{"elev":420},"geometry":{"type":"Point","coordinates":[778950.3,3621086.1]}},{"type":"Feature","properties":{"elev":425},"geometry":{"type":"Point","coordinates":[779889.7,3621086.1]}},{"type":"Feature","properties":{"elev":435},"geometry":{"type":"Point","coordinates":[780829.1,3621086.1]}},{"type":"Feature","properties":{"elev":443},"geometry":{"type":"Point","coordinates":[781768.5,3621086.1]}},{"type":"Feature","properties":{"elev":448},"geometry":{"type":"Point","coordinates":[782707.8,3621086.1]}},{"type":"Feature","properties":{"elev":448},"geometry":{"type":"Point","coordinates":[783647.2,3621086.1]}},{"type":"Feature","properties":{"elev":452},"geometry":{"type":"Point","coordinates":[784586.6,3621086.1]}},{"type":"Feature","properties":{"elev":464},"geometry":{"type":"Point","coordinates":[785526.0,3621086.1]}},{"type":"Feature","properties":{"elev":465},"geometry":{"type":"Point","coordinates":[786465.4,3621086.1]}},{"type":"Feature","properties":{"elev":474},"geometry":{"type":"Point","coordinates":[787404.8,3621086.1]}},{"type":"Feature","properties":{"elev":492},"geometry":{"type":"Point","coordinates":[788344.1,3621086.1]}},{"type":"Feature","properties":{"elev":498},"geometry":{"type":"Point","coordinates":[789283.5,3621086.1]}},{"type":"Feature","properties":{"elev":509},"geometry":{"type":"Point","coordinates":[790222.9,3621086.1]}},{"type":"Feature","properties":{"elev":530},"geometry":{"type":"Point","coordinates":[791162.3,3621086.1]}},{"type":"Feature","properties":{"elev":548},"geometry":{"type":"Point","coordinates":[792101.7,3621086.1]}},{"type":"Feature","properties":{"elev":550},"geometry":{"type":"Point","coordinates":[793041.1,3621086.1]}},{"type":"Feature","properties":{"elev":559},"geometry":{"type":"Point","coordinates":[793980.4,3621086.1]}},{"type":"Feature","properties":{"elev":549},"geometry":{"type":"Point","coordinates":[794919.8,3621086.1]}},{"type":"Feature","properties":{"elev":78},"geometry":{"type":"Point","coordinates":[734799.3,3620146.7]}},{"type":"Feature","properties":{"elev":-6},"geometry":{"type":"Point","coordinates":[735738.6,3620146.7]}},{"type":"Feature","properties":{"elev":-43},"geometry":{"type":"Point","coordinates":[736678.0,3620146.7]}},{"type":"Feature","properties":{"elev":-93},"geometry":{"type":"Point","coordinates":[737617.4,3620146.7]}},{"type":"Feature","properties":{"elev":-93},"geometry":{"type":"Point","coordinates":[738556.8,3620146.7]}},{"type":"Feature","properties":{"elev":-166},"geometry":{"type":"Point","coordinates":[739496.2,3620146.7]}},{"type":"Feature","properties":{"elev":-211},"geometry":{"type":"Point","coordinates":[740435.6,3620146.7]}},{"type":"Feature","properties":{"elev":-196},"geometry":{"type":"Point","coordinates":[741374.9,3620146.7]}},{"type":"Feature","properties":{"elev":-194},"geometry":{"type":"Point","coordinates":[742314.3,3620146.7]}},{"type":"Feature","properties":{"elev":-194},"geometry":{"type":"Point","coordinates":[743253.7,3620146.7]}},{"type":"Feature","properties":{"elev":-193},"geometry":{"type":"Point","coordinates":[744193.1,3620146.7]}},{"type":"Feature","properties":{"elev":-189},"geometry":{"type":"Point","coordinates":[745132.5,3620146.7]}},{"type":"Feature","properties":{"elev":-162},"geometry":{"type":"Point","coordinates":[746071.9,3620146.7]}},{"type":"Feature","properties":{"elev":-97},"geometry":{"type":"Point","coordinates":[747011.2,3620146.7]}},{"type":"Feature","properties":{"elev":-21},"geometry":{"type":"Point","coordinates":[747950.6,3620146.7]}},{"type":"Feature","properties":{"elev":7},"geometry":{"type":"Point","coordinates":[748890.0,3620146.7]}},{"type":"Feature","properties":{"elev":-20},"geometry":{"type":"Point","coordinates":[749829.4,3620146.7]}},{"type":"Feature","properties":{"elev":-140},"geometry":{"type":"Point","coordinates":[750768.8,3620146.7]}},{"type":"Feature","properties":{"elev":-18},"geometry":{"type":"Point","coordinates":[751708.2,3620146.7]}},{"type":"Feature","properties":{"elev":108},"geometry":{"type":"Point","coordinates":[752647.5,3620146.7]}},{"type":"Feature","properties":{"elev":107},"geometry":{"type":"Point","coordinates":[753586.9,3620146.7]}},{"type":"Feature","properties":{"elev":178},"geometry":{"type":"Point","coordinates":[754526.3,3620146.7]}},{"type":"Feature","properties":{"elev":353},"geometry":{"type":"Point","coordinates":[755465.7,3620146.7]}},{"type":"Feature","properties":{"elev":272},"geometry":{"type":"Point","coordinates":[756405.1,3620146.7]}},{"type":"Feature","properties":{"elev":239},"geometry":{"type":"Point","coordinates":[757344.5,3620146.7]}},{"type":"Feature","properties":{"elev":194},"geometry":{"type":"Point","coordinates":[758283.9,3620146.7]}},{"type":"Feature","properties":{"elev":380},"geometry":{"type":"Point","coordinates":[759223.2,3620146.7]}},{"type":"Feature","properties":{"elev":416},"geometry":{"type":"Point","coordinates":[760162.6,3620146.7]}},{"type":"Feature","properties":{"elev":432},"geometry":{"type":"Point","coordinates":[761102.0,3620146.7]}},{"type":"Feature","properties":{"elev":406},"geometry":{"type":"Point","coordinates":[762041.4,3620146.7]}},{"type":"Feature","properties":{"elev":428},"geometry":{"type":"Point","coordinates":[762980.8,3620146.7]}},{"type":"Feature","properties":{"elev":383},"geometry":{"type":"Point","coordinates":[763920.2,3620146.7]}},{"type":"Feature","properties":{"elev":424},"geometry":{"type":"Point","coordinates":[764859.5,3620146.7]}},{"type":"Feature","properties":{"elev":442},"geometry":{"type":"Point","coordinates":[765798.9,3620146.7]}},{"type":"Feature","properties":{"elev":438},"geometry":{"type":"Point","coordinates":[766738.3,3620146.7]}},{"type":"Feature","properties":{"elev":452},"geometry":{"type":"Point","coordinates":[767677.7,3620146.7]}},{"type":"Feature","properties":{"elev":430},"geometry":{"type":"Point","coordinates":[768617.1,3620146.7]}},{"type":"Feature","properties":{"elev":439},"geometry":{"type":"Point","coordinates":[769556.5,3620146.7]}},{"type":"Feature","properties":{"elev":427},"geometry":{"type":"Point","coordinates":[770495.8,3620146.7]}},{"type":"Feature","properties":{"elev":328},"geometry":{"type":"Point","coordinates":[771435.2,3620146.7]}},{"type":"Feature","properties":{"elev":198},"geometry":{"type":"Point","coordinates":[772374.6,3620146.7]}},{"type":"Feature","properties":{"elev":415},"geometry":{"type":"Point","coordinates":[773314.0,3620146.7]}},{"type":"Feature","properties":{"elev":422},"geometry":{"type":"Point","coordinates":[774253.4,3620146.7]}},{"type":"Feature","properties":{"elev":423},"geometry":{"type":"Point","coordinates":[775192.8,3620146.7]}},{"type":"Feature","properties":{"elev":414},"geometry":{"type":"Point","coordinates":[776132.1,3620146.7]}},{"type":"Feature","properties":{"elev":422},"geometry":{"type":"Point","coordinates":[777071.5,3620146.7]}},{"type":"Feature","properties":{"elev":425},"geometry":{"type":"Point","coordinates":[778010.9,3620146.7]}},{"type":"Feature","properties":{"elev":424},"geometry":{"type":"Point","coordinates":[778950.3,3620146.7]}},{"type":"Feature","properties":{"elev":435},"geometry":{"type":"Point","coordinates":[779889.7,3620146.7]}},{"type":"Feature","properties":{"elev":440},"geometry":{"type":"Point","coordinates":[780829.1,3620146.7]}},{"type":"Feature","properties":{"elev":442},"geometry":{"type":"Point","coordinates":[781768.5,3620146.7]}},{"type":"Feature","properties":{"elev":451},"geometry":{"type":"Point","coordinates":[782707.8,3620146.7]}},{"type":"Feature","properties":{"elev":457},"geometry":{"type":"Point","coordinates":[783647.2,3620146.7]}},{"type":"Feature","properties":{"elev":451},"geometry":{"type":"Point","coordinates":[784586.6,3620146.7]}},{"type":"Feature","properties":{"elev":465},"geometry":{"type":"Point","coordinates":[785526.0,3620146.7]}},{"type":"Feature","properties":{"elev":467},"geometry":{"type":"Point","coordinates":[786465.4,3620146.7]}},{"type":"Feature","properties":{"elev":478},"geometry":{"type":"Point","coordinates":[787404.8,3620146.7]}},{"type":"Feature","properties":{"elev":489},"geometry":{"type":"Point","coordinates":[788344.1,3620146.7]}},{"type":"Feature","properties":{"elev":492},"geometry":{"type":"Point","coordinates":[789283.5,3620146.7]}},{"type":"Feature","properties":{"elev":506},"geometry":{"type":"Point","coordinates":[790222.9,3620146.7]}},{"type":"Feature","properties":{"elev":522},"geometry":{"type":"Point","coordinates":[791162.3,3620146.7]}},{"type":"Feature","properties":{"elev":533},"geometry":{"type":"Point","coordinates":[792101.7,3620146.7]}},{"type":"Feature","properties":{"elev":538},"geometry":{"type":"Point","coordinates":[793041.1,3620146.7]}},{"type":"Feature","properties":{"elev":555},"geometry":{"type":"Point","coordinates":[793980.4,3620146.7]}},{"type":"Feature","properties":{"elev":546},"geometry":{"type":"Point","coordinates":[794919.8,3620146.7]}},{"type":"Feature","properties":{"elev":306},"geometry":{"type":"Point","coordinates":[734799.3,3619207.4]}},{"type":"Feature","properties":{"elev":109},"geometry":{"type":"Point","coordinates":[735738.6,3619207.4]}},{"type":"Feature","properties":{"elev":49},"geometry":{"type":"Point","coordinates":[736678.0,3619207.4]}},{"type":"Feature","properties":{"elev":2},"geometry":{"type":"Point","coordinates":[737617.4,3619207.4]}},{"type":"Feature","properties":{"elev":-105},"geometry":{"type":"Point","coordinates":[738556.8,3619207.4]}},{"type":"Feature","properties":{"elev":-211},"geometry":{"type":"Point","coordinates":[739496.2,3619207.4]}},{"type":"Feature","properties":{"elev":-202},"geometry":{"type":"Point","coordinates":[740435.6,3619207.4]}},{"type":"Feature","properties":{"elev":-203},"geometry":{"type":"Point","coordinates":[741374.9,3619207.4]}},{"type":"Feature","properties":{"elev":-195},"geometry":{"type":"Point","coordinates":[742314.3,3619207.4]}},{"type":"Feature","properties":{"elev":-192},"geometry":{"type":"Point","coordinates":[743253.7,3619207.4]}},{"type":"Feature","properties":{"elev":-203},"geometry":{"type":"Point","coordinates":[744193.1,3619207.4]}},{"type":"Feature","properties":{"elev":-206},"geometry":{"type":"Point","coordinates":[745132.5,3619207.4]}},{"type":"Feature","properties":{"elev":-201},"geometry":{"type":"Point","coordinates":[746071.9,3619207.4]}},{"type":"Feature","properties":{"elev":-163},"geometry":{"type":"Point","coordinates":[747011.2,3619207.4]}},{"type":"Feature","properties":{"elev":-139},"geometry":{"type":"Point","coordinates":[747950.6,3619207.4]}},{"type":"Feature","properties":{"elev":-125},"geometry":{"type":"Point","coordinates":[748890.0,3619207.4]}},{"type":"Feature","properties":{"elev":-170},"geometry":{"type":"Point","coordinates":[749829.4,3619207.4]}},{"type":"Feature","properties":{"elev":-105},"geometry":{"type":"Point","coordinates":[750768.8,3619207.4]}},{"type":"Feature","properties":{"elev":10},"geometry":{"type":"Point","coordinates":[751708.2,3619207.4]}},{"type":"Feature","properties":{"elev":148},"geometry":{"type":"Point","coordinates":[752647.5,3619207.4]}},{"type":"Feature","properties":{"elev":235},"geometry":{"type":"Point","coordinates":[753586.9,3619207.4]}},{"type":"Feature","properties":{"elev":135},"geometry":{"type":"Point","coordinates":[754526.3,3619207.4]}},{"type":"Feature","properties":{"elev":216},"geometry":{"type":"Point","coordinates":[755465.7,3619207.4]}},{"type":"Feature","properties":{"elev":300},"geometry":{"type":"Point","coordinates":[756405.1,3619207.4]}},{"type":"Feature","properties":{"elev":420},"geometry":{"type":"Point","coordinates":[757344.5,3619207.4]}},{"type":"Feature","properties":{"elev":314},"geometry":{"type":"Point","coordinates":[758283.9,3619207.4]}},{"type":"Feature","properties":{"elev":347},"geometry":{"type":"Point","coordinates":[759223.2,3619207.4]}},{"type":"Feature","properties":{"elev":396},"geometry":{"type":"Point","coordinates":[760162.6,3619207.4]}},{"type":"Feature","properties":{"elev":457},"geometry":{"type":"Point","coordinates":[761102.0,3619207.4]}},{"type":"Feature","properties":{"elev":406},"geometry":{"type":"Point","coordinates":[762041.4,3619207.4]}},{"type":"Feature","properties":{"elev":455},"geometry":{"type":"Point","coordinates":[762980.8,3619207.4]}},{"type":"Feature","properties":{"elev":438},"geometry":{"type":"Point","coordinates":[763920.2,3619207.4]}},{"type":"Feature","properties":{"elev":450},"geometry":{"type":"Point","coordinates":[764859.5,3619207.4]}},{"type":"Feature","properties":{"elev":469},"geometry":{"type":"Point","coordinates":[765798.9,3619207.4]}},{"type":"Feature","properties":{"elev":456},"geometry":{"type":"Point","coordinates":[766738.3,3619207.4]}},{"type":"Feature","properties":{"elev":483},"geometry":{"type":"Point","coordinates":[767677.7,3619207.4]}},{"type":"Feature","properties":{"elev":463},"geometry":{"type":"Point","coordinates":[768617.1,3619207.4]}},{"type":"Feature","properties":{"elev":451},"geometry":{"type":"Point","coordinates":[769556.5,3619207.4]}},{"type":"Feature","properties":{"elev":440},"geometry":{"type":"Point","coordinates":[770495.8,3619207.4]}},{"type":"Feature","properties":{"elev":345},"geometry":{"type":"Point","coordinates":[771435.2,3619207.4]}},{"type":"Feature","properties":{"elev":284},"geometry":{"type":"Point","coordinates":[772374.6,3619207.4]}},{"type":"Feature","properties":{"elev":292},"geometry":{"type":"Point","coordinates":[773314.0,3619207.4]}},{"type":"Feature","properties":{"elev":423},"geometry":{"type":"Point","coordinates":[774253.4,3619207.4]}},{"type":"Feature","properties":{"elev":423},"geometry":{"type":"Point","coordinates":[775192.8,3619207.4]}},{"type":"Feature","properties":{"elev":411},"geometry":{"type":"Point","coordinates":[776132.1,3619207.4]}},{"type":"Feature","properties":{"elev":420},"geometry":{"type":"Point","coordinates":[777071.5,3619207.4]}},{"type":"Feature","properties":{"elev":428},"geometry":{"type":"Point","coordinates":[778010.9,3619207.4]}},{"type":"Feature","properties":{"elev":425},"geometry":{"type":"Point","coordinates":[778950.3,3619207.4]}},{"type":"Feature","properties":{"elev":431},"geometry":{"type":"Point","coordinates":[779889.7,3619207.4]}},{"type":"Feature","properties":{"elev":431},"geometry":{"type":"Point","coordinates":[780829.1,3619207.4]}},{"type":"Feature","properties":{"elev":441},"geometry":{"type":"Point","coordinates":[781768.5,3619207.4]}},{"type":"Feature","properties":{"elev":454},"geometry":{"type":"Point","coordinates":[782707.8,3619207.4]}},{"type":"Feature","properties":{"elev":462},"geometry":{"type":"Point","coordinates":[783647.2,3619207.4]}},{"type":"Feature","properties":{"elev":459},"geometry":{"type":"Point","coordinates":[784586.6,3619207.4]}},{"type":"Feature","properties":{"elev":458},"geometry":{"type":"Point","coordinates":[785526.0,3619207.4]}},{"type":"Feature","properties":{"elev":475},"geometry":{"type":"Point","coordinates":[786465.4,3619207.4]}},{"type":"Feature","properties":{"elev":476},"geometry":{"type":"Point","coordinates":[787404.8,3619207.4]}},{"type":"Feature","properties":{"elev":482},"geometry":{"type":"Point","coordinates":[788344.1,3619207.4]}},{"type":"Feature","properties":{"elev":495},"geometry":{"type":"Point","coordinates":[789283.5,3619207.4]}},{"type":"Feature","properties":{"elev":505},"geometry":{"type":"Point","coordinates":[790222.9,3619207.4]}},{"type":"Feature","properties":{"elev":516},"geometry":{"type":"Point","coordinates":[791162.3,3619207.4]}},{"type":"Feature","properties":{"elev":520},"geometry":{"type":"Point","coordinates":[792101.7,3619207.4]}},{"type":"Feature","properties":{"elev":523},"geometry":{"type":"Point","coordinates":[793041.1,3619207.4]}},{"type":"Feature","properties":{"elev":528},"geometry":{"type":"Point","coordinates":[793980.4,3619207.4]}},{"type":"Feature","properties":{"elev":542},"geometry":{"type":"Point","coordinates":[794919.8,3619207.4]}},{"type":"Feature","properties":{"elev":281},"geometry":{"type":"Point","coordinates":[734799.3,3618268.1]}},{"type":"Feature","properties":{"elev":344},"geometry":{"type":"Point","coordinates":[735738.6,3618268.1]}},{"type":"Feature","properties":{"elev":197},"geometry":{"type":"Point","coordinates":[736678.0,3618268.1]}},{"type":"Feature","properties":{"elev":8},"geometry":{"type":"Point","coordinates":[737617.4,3618268.1]}},{"type":"Feature","properties":{"elev":-118},"geometry":{"type":"Point","coordinates":[738556.8,3618268.1]}},{"type":"Feature","properties":{"elev":-221},"geometry":{"type":"Point","coordinates":[739496.2,3618268.1]}},{"type":"Feature","properties":{"elev":-209},"geometry":{"type":"Point","coordinates":[740435.6,3618268.1]}},{"type":"Feature","properties":{"elev":-205},"geometry":{"type":"Point","coordinates":[741374.9,3618268.1]}},{"type":"Feature","properties":{"elev":-199},"geometry":{"type":"Point","coordinates":[742314.3,3618268.1]}},{"type":"Feature","properties":{"elev":-196},"geometry":{"type":"Point","coordinates":[743253.7,3618268.1]}},{"type":"Feature","properties":{"elev":-215},"geometry":{"type":"Point","coordinates":[744193.1,3618268.1]}},{"type":"Feature","properties":{"elev":-214},"geometry":{"type":"Point","coordinates":[745132.5,3618268.1]}},{"type":"Feature","properties":{"elev":-210},"geometry":{"type":"Point","coordinates":[746071.9,3618268.1]}},{"type":"Feature","properties":{"elev":-48},"geometry":{"type":"Point","coordinates":[747011.2,3618268.1]}},{"type":"Feature","properties":{"elev":-32},"geometry":{"type":"Point","coordinates":[747950.6,3618268.1]}},{"type":"Feature","properties":{"elev":-20},"geometry":{"type":"Point","coordinates":[748890.0,3618268.1]}},{"type":"Feature","properties":{"elev":-45},"geometry":{"type":"Point","coordinates":[749829.4,3618268.1]}},{"type":"Feature","properties":{"elev":-43},"geometry":{"type":"Point","coordinates":[750768.8,3618268.1]}},{"type":"Feature","properties":{"elev":92},"geometry":{"type":"Point","coordinates":[751708.2,3618268.1]}},{"type":"Feature","properties":{"elev":103},"geometry":{"type":"Point","coordinates":[752647.5,3618268.1]}},{"type":"Feature","properties":{"elev":140},"geometry":{"type":"Point","coordinates":[753586.9,3618268.1]}},{"type":"Feature","properties":{"elev":346},"geometry":{"type":"Point","coordinates":[754526.3,3618268.1]}},{"type":"Feature","properties":{"elev":272},"geometry":{"type":"Point","coordinates":[755465.7,3618268.1]}},{"type":"Feature","properties":{"elev":389},"geometry":{"type":"Point","coordinates":[756405.1,3618268.1]}},{"type":"Feature","properties":{"elev":393},"geometry":{"type":"Point","coordinates":[757344.5,3618268.1]}},{"type":"Feature","properties":{"elev":411},"geometry":{"type":"Point","coordinates":[758283.9,3618268.1]}},{"type":"Feature","properties":{"elev":434},"geometry":{"type":"Point","coordinates":[759223.2,3618268.1]}},{"type":"Feature","properties":{"elev":380},"geometry":{"type":"Point","coordinates":[760162.6,3618268.1]}},{"type":"Feature","properties":{"elev":308},"geometry":{"type":"Point","coordinates":[761102.0,3618268.1]}},{"type":"Feature","properties":{"elev":479},"geometry":{"type":"Point","coordinates":[762041.4,3618268.1]}},{"type":"Feature","properties":{"elev":489},"geometry":{"type":"Point","coordinates":[762980.8,3618268.1]}},{"type":"Feature","properties":{"elev":455},"geometry":{"type":"Point","coordinates":[763920.2,3618268.1]}},{"type":"Feature","properties":{"elev":515},"geometry":{"type":"Point","coordinates":[764859.5,3618268.1]}},{"type":"Feature","properties":{"elev":500},"geometry":{"type":"Point","coordinates":[765798.9,3618268.1]}},{"type":"Feature","properties":{"elev":483},"geometry":{"type":"Point","coordinates":[766738.3,3618268.1]}},{"type":"Feature","properties":{"elev":495},"geometry":{"type":"Point","coordinates":[767677.7,3618268.1]}},{"type":"Feature","properties":{"elev":468},"geometry":{"type":"Point","coordinates":[768617.1,3618268.1]}},{"type":"Feature","properties":{"elev":435},"geometry":{"type":"Point","coordinates":[769556.5,3618268.1]}},{"type":"Feature","properties":{"elev":450},"geometry":{"type":"Point","coordinates":[770495.8,3618268.1]}},{"type":"Feature","properties":{"elev":434},"geometry":{"type":"Point","coordinates":[771435.2,3618268.1]}},{"type":"Feature","properties":{"elev":437},"geometry":{"type":"Point","coordinates":[772374.6,3618268.1]}},{"type":"Feature","properties":{"elev":209},"geometry":{"type":"Point","coordinates":[773314.0,3618268.1]}},{"type":"Feature","properties":{"elev":317},"geometry":{"type":"Point","coordinates":[774253.4,3618268.1]}},{"type":"Feature","properties":{"elev":432},"geometry":{"type":"Point","coordinates":[775192.8,3618268.1]}},{"type":"Feature","properties":{"elev":429},"geometry":{"type":"Point","coordinates":[776132.1,3618268.1]}},{"type":"Feature","properties":{"elev":420},"geometry":{"type":"Point","coordinates":[777071.5,3618268.1]}},{"type":"Feature","properties":{"elev":430},"geometry":{"type":"Point","coordinates":[778010.9,3618268.1]}},{"type":"Feature","properties":{"elev":432},"geometry":{"type":"Point","coordinates":[778950.3,3618268.1]}},{"type":"Feature","properties":{"elev":432},"geometry":{"type":"Point","coordinates":[779889.7,3618268.1]}},{"type":"Feature","properties":{"elev":431},"geometry":{"type":"Point","coordinates":[780829.1,3618268.1]}},{"type":"Feature","properties":{"elev":444},"geometry":{"type":"Point","coordinates":[781768.5,3618268.1]}},{"type":"Feature","properties":{"elev":453},"geometry":{"type":"Point","coordinates":[782707.8,3618268.1]}},{"type":"Feature","properties":{"elev":436},"geometry":{"type":"Point","coordinates":[783647.2,3618268.1]}},{"type":"Feature","properties":{"elev":465},"geometry":{"type":"Point","coordinates":[784586.6,3618268.1]}},{"type":"Feature","properties":{"elev":467},"geometry":{"type":"Point","coordinates":[785526.0,3618268.1]}},{"type":"Feature","properties":{"elev":467},"geometry":{"type":"Point","coordinates":[786465.4,3618268.1]}},{"type":"Feature","properties":{"elev":479},"geometry":{"type":"Point","coordinates":[787404.8,3618268.1]}},{"type":"Feature","properties":{"elev":490},"geometry":{"type":"Point","coordinates":[788344.1,3618268.1]}},{"type":"Feature","properties":{"elev":495},"geometry":{"type":"Point","coordinates":[789283.5,3618268.1]}},{"type":"Feature","properties":{"elev":505},"geometry":{"type":"Point","coordinates":[790222.9,3618268.1]}},{"type":"Feature","properties":{"elev":511},"geometry":{"type":"Point","coordinates":[791162.3,3618268.1]}},{"type":"Feature","properties":{"elev":520},"geometry":{"type":"Point","coordinates":[792101.7,3618268.1]}},{"type":"Feature","properties":{"elev":517},"geometry":{"type":"Point","coordinates":[793041.1,3618268.1]}},{"type":"Feature","properties":{"elev":524},"geometry":{"type":"Point","coordinates":[793980.4,3618268.1]}},{"type":"Feature","properties":{"elev":530},"geometry":{"type":"Point","coordinates":[794919.8,3618268.1]}},{"type":"Feature","properties":{"elev":263},"geometry":{"type":"Point","coordinates":[734799.3,3617328.8]}},{"type":"Feature","properties":{"elev":333},"geometry":{"type":"Point","coordinates":[735738.6,3617328.8]}},{"type":"Feature","properties":{"elev":328},"geometry":{"type":"Point","coordinates":[736678.0,3617328.8]}},{"type":"Feature","properties":{"elev":62},"geometry":{"type":"Point","coordinates":[737617.4,3617328.8]}},{"type":"Feature","properties":{"elev":-71},"geometry":{"type":"Point","coordinates":[738556.8,3617328.8]}},{"type":"Feature","properties":{"elev":-202},"geometry":{"type":"Point","coordinates":[739496.2,3617328.8]}},{"type":"Feature","properties":{"elev":-233},"geometry":{"type":"Point","coordinates":[740435.6,3617328.8]}},{"type":"Feature","properties":{"elev":-201},"geometry":{"type":"Point","coordinates":[741374.9,3617328.8]}},{"type":"Feature","properties":{"elev":-199},"geometry":{"type":"Point","coordinates":[742314.3,3617328.8]}},{"type":"Feature","properties":{"elev":-197},"geometry":{"type":"Point","coordinates":[743253.7,3617328.8]}},{"type":"Feature","properties":{"elev":-220},"geometry":{"type":"Point","coordinates":[744193.1,3617328.8]}},{"type":"Feature","properties":{"elev":-220},"geometry":{"type":"Point","coordinates":[745132.5,3617328.8]}},{"type":"Feature","properties":{"elev":-186},"geometry":{"type":"Point","coordinates":[746071.9,3617328.8]}},{"type":"Feature","properties":{"elev":-16},"geometry":{"type":"Point","coordinates":[747011.2,3617328.8]}},{"type":"Feature","properties":{"elev":224},"geometry":{"type":"Point","coordinates":[747950.6,3617328.8]}},{"type":"Feature","properties":{"elev":223},"geometry":{"type":"Point","coordinates":[748890.0,3617328.8]}},{"type":"Feature","properties":{"elev":175},"geometry":{"type":"Point","coordinates":[749829.4,3617328.8]}},{"type":"Feature","properties":{"elev":80},"geometry":{"type":"Point","coordinates":[750768.8,3617328.8]}},{"type":"Feature","properties":{"elev":267},"geometry":{"type":"Point","coordinates":[751708.2,3617328.8]}},{"type":"Feature","properties":{"elev":241},"geometry":{"type":"Point","coordinates":[752647.5,3617328.8]}},{"type":"Feature","properties":{"elev":230},"geometry":{"type":"Point","coordinates":[753586.9,3617328.8]}},{"type":"Feature","properties":{"elev":296},"geometry":{"type":"Point","coordinates":[754526.3,3617328.8]}},{"type":"Feature","properties":{"elev":353},"geometry":{"type":"Point","coordinates":[755465.7,3617328.8]}},{"type":"Feature","properties":{"elev":362},"geometry":{"type":"Point","coordinates":[756405.1,3617328.8]}},{"type":"Feature","properties":{"elev":420},"geometry":{"type":"Point","coordinates":[757344.5,3617328.8]}},{"type":"Feature","properties":{"elev":340},"geometry":{"type":"Point","coordinates":[758283.9,3617328.8]}},{"type":"Feature","properties":{"elev":362},"geometry":{"type":"Point","coordinates":[759223.2,3617328.8]}},{"type":"Feature","properties":{"elev":473},"geometry":{"type":"Point","coordinates":[760162.6,3617328.8]}},{"type":"Feature","properties":{"elev":478},"geometry":{"type":"Point","coordinates":[761102.0,3617328.8]}},{"type":"Feature","properties":{"elev":464},"geometry":{"type":"Point","coordinates":[762041.4,3617328.8]}},{"type":"Feature","properties":{"elev":491},"geometry":{"type":"Point","coordinates":[762980.8,3617328.8]}},{"type":"Feature","properties":{"elev":467},"geometry":{"type":"Point","coordinates":[763920.2,3617328.8]}},{"type":"Feature","properties":{"elev":497},"geometry":{"type":"Point","coordinates":[764859.5,3617328.8]}},{"type":"Feature","properties":{"elev":520},"geometry":{"type":"Point","coordinates":[765798.9,3617328.8]}},{"type":"Feature","properties":{"elev":493},"geometry":{"type":"Point","coordinates":[766738.3,3617328.8]}},{"type":"Feature","properties":{"elev":494},"geometry":{"type":"Point","coordinates":[767677.7,3617328.8]}},{"type":"Feature","properties":{"elev":484},"geometry":{"type":"Point","coordinates":[768617.1,3617328.8]}},{"type":"Feature","properties":{"elev":475},"geometry":{"type":"Point","coordinates":[769556.5,3617328.8]}},{"type":"Feature","properties":{"elev":455},"geometry":{"type":"Point","coordinates":[770495.8,3617328.8]}},{"type":"Feature","properties":{"elev":448},"geometry":{"type":"Point","coordinates":[771435.2,3617328.8]}},{"type":"Feature","properties":{"elev":444},"geometry":{"type":"Point","coordinates":[772374.6,3617328.8]}},{"type":"Feature","properties":{"elev":259},"geometry":{"type":"Point","coordinates":[773314.0,3617328.8]}},{"type":"Feature","properties":{"elev":325},"geometry":{"type":"Point","coordinates":[774253.4,3617328.8]}},{"type":"Feature","properties":{"elev":445},"geometry":{"type":"Point","coordinates":[775192.8,3617328.8]}},{"type":"Feature","properties":{"elev":448},"geometry":{"type":"Point","coordinates":[776132.1,3617328.8]}},{"type":"Feature","properties":{"elev":433},"geometry":{"type":"Point","coordinates":[777071.5,3617328.8]}},{"type":"Feature","properties":{"elev":434},"geometry":{"type":"Point","coordinates":[778010.9,3617328.8]}},{"type":"Feature","properties":{"elev":439},"geometry":{"type":"Point","coordinates":[778950.3,3617328.8]}},{"type":"Feature","properties":{"elev":441},"geometry":{"type":"Point","coordinates":[779889.7,3617328.8]}},{"type":"Feature","properties":{"elev":440},"geometry":{"type":"Point","coordinates":[780829.1,3617328.8]}},{"type":"Feature","properties":{"elev":440},"geometry":{"type":"Point","coordinates":[781768.5,3617328.8]}},{"type":"Feature","properties":{"elev":463},"geometry":{"type":"Point","coordinates":[782707.8,3617328.8]}},{"type":"Feature","properties":{"elev":481},"geometry":{"type":"Point","coordinates":[783647.2,3617328.8]}},{"type":"Feature","properties":{"elev":473},"geometry":{"type":"Point","coordinates":[784586.6,3617328.8]}},{"type":"Feature","properties":{"elev":477},"geometry":{"type":"Point","coordinates":[785526.0,3617328.8]}},{"type":"Feature","properties":{"elev":472},"geometry":{"type":"Point","coordinates":[786465.4,3617328.8]}},{"type":"Feature","properties":{"elev":476},"geometry":{"type":"Point","coordinates":[787404.8,3617328.8]}},{"type":"Feature","properties":{"elev":489},"geometry":{"type":"Point","coordinates":[788344.1,3617328.8]}},{"type":"Feature","properties":{"elev":500},"geometry":{"type":"Point","coordinates":[789283.5,3617328.8]}},{"type":"Feature","properties":{"elev":506},"geometry":{"type":"Point","coordinates":[790222.9,3617328.8]}},{"type":"Feature","properties":{"elev":514},"geometry":{"type":"Point","coordinates":[791162.3,3617328.8]}},{"type":"Feature","properties":{"elev":519},"geometry":{"type":"Point","coordinates":[792101.7,3617328.8]}},{"type":"Feature","properties":{"elev":528},"geometry":{"type":"Point","coordinates":[793041.1,3617328.8]}},{"type":"Feature","properties":{"elev":521},"geometry":{"type":"Point","coordinates":[793980.4,3617328.8]}},{"type":"Feature","properties":{"elev":526},"geometry":{"type":"Point","coordinates":[794919.8,3617328.8]}},{"type":"Feature","properties":{"elev":214},"geometry":{"type":"Point","coordinates":[734799.3,3616389.5]}},{"type":"Feature","properties":{"elev":296},"geometry":{"type":"Point","coordinates":[735738.6,3616389.5]}},{"type":"Feature","properties":{"elev":303},"geometry":{"type":"Point","coordinates":[736678.0,3616389.5]}},{"type":"Feature","properties":{"elev":20},"geometry":{"type":"Point","coordinates":[737617.4,3616389.5]}},{"type":"Feature","properties":{"elev":-61},"geometry":{"type":"Point","coordinates":[738556.8,3616389.5]}},{"type":"Feature","properties":{"elev":-145},"geometry":{"type":"Point","coordinates":[739496.2,3616389.5]}},{"type":"Feature","properties":{"elev":-212},"geometry":{"type":"Point","coordinates":[740435.6,3616389.5]}},{"type":"Feature","properties":{"elev":-208},"geometry":{"type":"Point","coordinates":[741374.9,3616389.5]}},{"type":"Feature","properties":{"elev":-198},"geometry":{"type":"Point","coordinates":[742314.3,3616389.5]}},{"type":"Feature","properties":{"elev":-224},"geometry":{"type":"Point","coordinates":[743253.7,3616389.5]}},{"type":"Feature","properties":{"elev":-223},"geometry":{"type":"Point","coordinates":[744193.1,3616389.5]}},{"type":"Feature","properties":{"elev":-218},"geometry":{"type":"Point","coordinates":[745132.5,3616389.5]}},{"type":"Feature","properties":{"elev":-122},"geometry":{"type":"Point","coordinates":[746071.9,3616389.5]}},{"type":"Feature","properties":{"elev":92},"geometry":{"type":"Point","coordinates":[747011.2,3616389.5]}},{"type":"Feature","properties":{"elev":234},"geometry":{"type":"Point","coordinates":[747950.6,3616389.5]}},{"type":"Feature","properties":{"elev":333},"geometry":{"type":"Point","coordinates":[748890.0,3616389.5]}},{"type":"Feature","properties":{"elev":325},"geometry":{"type":"Point","coordinates":[749829.4,3616389.5]}},{"type":"Feature","properties":{"elev":338},"geometry":{"type":"Point","coordinates":[750768.8,3616389.5]}},{"type":"Feature","properties":{"elev":329},"geometry":{"type":"Point","coordinates":[751708.2,3616389.5]}},{"type":"Feature","properties":{"elev":345},"geometry":{"type":"Point","coordinates":[752647.5,3616389.5]}},{"type":"Feature","properties":{"elev":301},"geometry":{"type":"Point","coordinates":[753586.9,3616389.5]}},{"type":"Feature","properties":{"elev":358},"geometry":{"type":"Point","coordinates":[754526.3,3616389.5]}},{"type":"Feature","properties":{"elev":388},"geometry":{"type":"Point","coordinates":[755465.7,3616389.5]}},{"type":"Feature","properties":{"elev":381},"geometry":{"type":"Point","coordinates":[756405.1,3616389.5]}},{"type":"Feature","properties":{"elev":443},"geometry":{"type":"Point","coordinates":[757344.5,3616389.5]}},{"type":"Feature","properties":{"elev":372},"geometry":{"type":"Point","coordinates":[758283.9,3616389.5]}},{"type":"Feature","properties":{"elev":458},"geometry":{"type":"Point","coordinates":[759223.2,3616389.5]}},{"type":"Feature","properties":{"elev":462},"geometry":{"type":"Point","coordinates":[760162.6,3616389.5]}},{"type":"Feature","properties":{"elev":476},"geometry":{"type":"Point","coordinates":[761102.0,3616389.5]}},{"type":"Feature","properties":{"elev":482},"geometry":{"type":"Point","coordinates":[762041.4,3616389.5]}},{"type":"Feature","properties":{"elev":510},"geometry":{"type":"Point","coordinates":[762980.8,3616389.5]}},{"type":"Feature","properties":{"elev":485},"geometry":{"type":"Point","coordinates":[763920.2,3616389.5]}},{"type":"Feature","properties":{"elev":535},"geometry":{"type":"Point","coordinates":[764859.5,3616389.5]}},{"type":"Feature","properties":{"elev":542},"geometry":{"type":"Point","coordinates":[765798.9,3616389.5]}},{"type":"Feature","properties":{"elev":502},"geometry":{"type":"Point","coordinates":[766738.3,3616389.5]}},{"type":"Feature","properties":{"elev":508},"geometry":{"type":"Point","coordinates":[767677.7,3616389.5]}},{"type":"Feature","properties":{"elev":512},"geometry":{"type":"Point","coordinates":[768617.1,3616389.5]}},{"type":"Feature","properties":{"elev":484},"geometry":{"type":"Point","coordinates":[769556.5,3616389.5]}},{"type":"Feature","properties":{"elev":477},"geometry":{"type":"Point","coordinates":[770495.8,3616389.5]}},{"type":"Feature","properties":{"elev":463},"geometry":{"type":"Point","coordinates":[771435.2,3616389.5]}},{"type":"Feature","properties":{"elev":459},"geometry":{"type":"Point","coordinates":[772374.6,3616389.5]}},{"type":"Feature","properties":{"elev":411},"geometry":{"type":"Point","coordinates":[773314.0,3616389.5]}},{"type":"Feature","properties":{"elev":359},"geometry":{"type":"Point","coordinates":[774253.4,3616389.5]}},{"type":"Feature","properties":{"elev":337},"geometry":{"type":"Point","coordinates":[775192.8,3616389.5]}},{"type":"Feature","properties":{"elev":437},"geometry":{"type":"Point","coordinates":[776132.1,3616389.5]}},{"type":"Feature","properties":{"elev":447},"geometry":{"type":"Point","coordinates":[777071.5,3616389.5]}},{"type":"Feature","properties":{"elev":436},"geometry":{"type":"Point","coordinates":[778010.9,3616389.5]}},{"type":"Feature","properties":{"elev":435},"geometry":{"type":"Point","coordinates":[778950.3,3616389.5]}},{"type":"Feature","properties":{"elev":453},"geometry":{"type":"Point","coordinates":[779889.7,3616389.5]}},{"type":"Feature","properties":{"elev":473},"geometry":{"type":"Point","coordinates":[780829.1,3616389.5]}},{"type":"Feature","properties":{"elev":443},"geometry":{"type":"Point","coordinates":[781768.5,3616389.5]}},{"type":"Feature","properties":{"elev":461},"geometry":{"type":"Point","coordinates":[782707.8,3616389.5]}},{"type":"Feature","properties":{"elev":474},"geometry":{"type":"Point","coordinates":[783647.2,3616389.5]}},{"type":"Feature","properties":{"elev":473},"geometry":{"type":"Point","coordinates":[784586.6,3616389.5]}},{"type":"Feature","properties":{"elev":493},"geometry":{"type":"Point","coordinates":[785526.0,3616389.5]}},{"type":"Feature","properties":{"elev":484},"geometry":{"type":"Point","coordinates":[786465.4,3616389.5]}},{"type":"Feature","properties":{"elev":488},"geometry":{"type":"Point","coordinates":[787404.8,3616389.5]}},{"type":"Feature","properties":{"elev":496},"geometry":{"type":"Point","coordinates":[788344.1,3616389.5]}},{"type":"Feature","properties":{"elev":506},"geometry":{"type":"Point","coordinates":[789283.5,3616389.5]}},{"type":"Feature","properties":{"elev":507},"geometry":{"type":"Point","coordinates":[790222.9,3616389.5]}},{"type":"Feature","properties":{"elev":515},"geometry":{"type":"Point","coordinates":[791162.3,3616389.5]}},{"type":"Feature","properties":{"elev":520},"geometry":{"type":"Point","coordinates":[792101.7,3616389.5]}},{"type":"Feature","properties":{"elev":522},"geometry":{"type":"Point","coordinates":[793041.1,3616389.5]}},{"type":"Feature","properties":{"elev":519},"geometry":{"type":"Point","coordinates":[793980.4,3616389.5]}},{"type":"Feature","properties":{"elev":530},"geometry":{"type":"Point","coordinates":[794919.8,3616389.5]}},{"type":"Feature","properties":{"elev":192},"geometry":{"type":"Point","coordinates":[734799.3,3615450.1]}},{"type":"Feature","properties":{"elev":251},"geometry":{"type":"Point","coordinates":[735738.6,3615450.1]}},{"type":"Feature","properties":{"elev":269},"geometry":{"type":"Point","coordinates":[736678.0,3615450.1]}},{"type":"Feature","properties":{"elev":63},"geometry":{"type":"Point","coordinates":[737617.4,3615450.1]}},{"type":"Feature","properties":{"elev":-81},"geometry":{"type":"Point","coordinates":[738556.8,3615450.1]}},{"type":"Feature","properties":{"elev":-133},"geometry":{"type":"Point","coordinates":[739496.2,3615450.1]}},{"type":"Feature","properties":{"elev":-230},"geometry":{"type":"Point","coordinates":[740435.6,3615450.1]}},{"type":"Feature","properties":{"elev":-206},"geometry":{"type":"Point","coordinates":[741374.9,3615450.1]}},{"type":"Feature","properties":{"elev":-200},"geometry":{"type":"Point","coordinates":[742314.3,3615450.1]}},{"type":"Feature","properties":{"elev":-231},"geometry":{"type":"Point","coordinates":[743253.7,3615450.1]}},{"type":"Feature","properties":{"elev":-227},"geometry":{"type":"Point","coordinates":[744193.1,3615450.1]}},{"type":"Feature","properties":{"elev":-206},"geometry":{"type":"Point","coordinates":[745132.5,3615450.1]}},{"type":"Feature","properties":{"elev":-118},"geometry":{"type":"Point","coordinates":[746071.9,3615450.1]}},{"type":"Feature","properties":{"elev":77},"geometry":{"type":"Point","coordinates":[747011.2,3615450.1]}},{"type":"Feature","properties":{"elev":269},"geometry":{"type":"Point","coordinates":[747950.6,3615450.1]}},{"type":"Feature","properties":{"elev":329},"geometry":{"type":"Point","coordinates":[748890.0,3615450.1]}},{"type":"Feature","properties":{"elev":317},"geometry":{"type":"Point","coordinates":[749829.4,3615450.1]}},{"type":"Feature","properties":{"elev":198},"geometry":{"type":"Point","coordinates":[750768.8,3615450.1]}},{"type":"Feature","properties":{"elev":265},"geometry":{"type":"Point","coordinates":[751708.2,3615450.1]}},{"type":"Feature","properties":{"elev":363},"geometry":{"type":"Point","coordinates":[752647.5,3615450.1]}},{"type":"Feature","properties":{"elev":364},"geometry":{"type":"Point","coordinates":[753586.9,3615450.1]}},{"type":"Feature","properties":{"elev":397},"geometry":{"type":"Point","coordinates":[754526.3,3615450.1]}},{"type":"Feature","properties":{"elev":393},"geometry":{"type":"Point","coordinates":[755465.7,3615450.1]}},{"type":"Feature","properties":{"elev":395},"geometry":{"type":"Point","coordinates":[756405.1,3615450.1]}},{"type":"Feature","properties":{"elev":393},"geometry":{"type":"Point","coordinates":[757344.5,3615450.1]}},{"type":"Feature","properties":{"elev":319},"geometry":{"type":"Point","coordinates":[758283.9,3615450.1]}},{"type":"Feature","properties":{"elev":401},"geometry":{"type":"Point","coordinates":[759223.2,3615450.1]}},{"type":"Feature","properties":{"elev":389},"geometry":{"type":"Point","coordinates":[760162.6,3615450.1]}},{"type":"Feature","properties":{"elev":402},"geometry":{"type":"Point","coordinates":[761102.0,3615450.1]}},{"type":"Feature","properties":{"elev":448},"geometry":{"type":"Point","coordinates":[762041.4,3615450.1]}},{"type":"Feature","properties":{"elev":427},"geometry":{"type":"Point","coordinates":[762980.8,3615450.1]}},{"type":"Feature","properties":{"elev":405},"geometry":{"type":"Point","coordinates":[763920.2,3615450.1]}},{"type":"Feature","properties":{"elev":458},"geometry":{"type":"Point","coordinates":[764859.5,3615450.1]}},{"type":"Feature","properties":{"elev":542},"geometry":{"type":"Point","coordinates":[765798.9,3615450.1]}},{"type":"Feature","properties":{"elev":523},"geometry":{"type":"Point","coordinates":[766738.3,3615450.1]}},{"type":"Feature","properties":{"elev":522},"geometry":{"type":"Point","coordinates":[767677.7,3615450.1]}},{"type":"Feature","properties":{"elev":489},"geometry":{"type":"Point","coordinates":[768617.1,3615450.1]}},{"type":"Feature","properties":{"elev":505},"geometry":{"type":"Point","coordinates":[769556.5,3615450.1]}},{"type":"Feature","properties":{"elev":483},"geometry":{"type":"Point","coordinates":[770495.8,3615450.1]}},{"type":"Feature","properties":{"elev":447},"geometry":{"type":"Point","coordinates":[771435.2,3615450.1]}},{"type":"Feature","properties":{"elev":434},"geometry":{"type":"Point","coordinates":[772374.6,3615450.1]}},{"type":"Feature","properties":{"elev":456},"geometry":{"type":"Point","coordinates":[773314.0,3615450.1]}},{"type":"Feature","properties":{"elev":401},"geometry":{"type":"Point","coordinates":[774253.4,3615450.1]}},{"type":"Feature","properties":{"elev":439},"geometry":{"type":"Point","coordinates":[775192.8,3615450.1]}},{"type":"Feature","properties":{"elev":468},"geometry":{"type":"Point","coordinates":[776132.1,3615450.1]}},{"type":"Feature","properties":{"elev":452},"geometry":{"type":"Point","coordinates":[777071.5,3615450.1]}},{"type":"Feature","properties":{"elev":455},"geometry":{"type":"Point","coordinates":[778010.9,3615450.1]}},{"type":"Feature","properties":{"elev":442},"geometry":{"type":"Point","coordinates":[778950.3,3615450.1]}},{"type":"Feature","properties":{"elev":453},"geometry":{"type":"Point","coordinates":[779889.7,3615450.1]}},{"type":"Feature","properties":{"elev":465},"geometry":{"type":"Point","coordinates":[780829.1,3615450.1]}},{"type":"Feature","properties":{"elev":458},"geometry":{"type":"Point","coordinates":[781768.5,3615450.1]}},{"type":"Feature","properties":{"elev":480},"geometry":{"type":"Point","coordinates":[782707.8,3615450.1]}},{"type":"Feature","properties":{"elev":484},"geometry":{"type":"Point","coordinates":[783647.2,3615450.1]}},{"type":"Feature","properties":{"elev":492},"geometry":{"type":"Point","coordinates":[784586.6,3615450.1]}},{"type":"Feature","properties":{"elev":512},"geometry":{"type":"Point","coordinates":[785526.0,3615450.1]}},{"type":"Feature","properties":{"elev":470},"geometry":{"type":"Point","coordinates":[786465.4,3615450.1]}},{"type":"Feature","properties":{"elev":459},"geometry":{"type":"Point","coordinates":[787404.8,3615450.1]}},{"type":"Feature","properties":{"elev":491},"geometry":{"type":"Point","coordinates":[788344.1,3615450.1]}},{"type":"Feature","properties":{"elev":511},"geometry":{"type":"Point","coordinates":[789283.5,3615450.1]}},{"type":"Feature","properties":{"elev":515},"geometry":{"type":"Point","coordinates":[790222.9,3615450.1]}},{"type":"Feature","properties":{"elev":522},"geometry":{"type":"Point","coordinates":[791162.3,3615450.1]}},{"type":"Feature","properties":{"elev":523},"geometry":{"type":"Point","coordinates":[792101.7,3615450.1]}},{"type":"Feature","properties":{"elev":528},"geometry":{"type":"Point","coordinates":[793041.1,3615450.1]}},{"type":"Feature","properties":{"elev":526},"geometry":{"type":"Point","coordinates":[793980.4,3615450.1]}},{"type":"Feature","properties":{"elev":532},"geometry":{"type":"Point","coordinates":[794919.8,3615450.1]}},{"type":"Feature","properties":{"elev":153},"geometry":{"type":"Point","coordinates":[734799.3,3614510.8]}},{"type":"Feature","properties":{"elev":217},"geometry":{"type":"Point","coordinates":[735738.6,3614510.8]}},{"type":"Feature","properties":{"elev":264},"geometry":{"type":"Point","coordinates":[736678.0,3614510.8]}},{"type":"Feature","properties":{"elev":90},"geometry":{"type":"Point","coordinates":[737617.4,3614510.8]}},{"type":"Feature","properties":{"elev":11},"geometry":{"type":"Point","coordinates":[738556.8,3614510.8]}},{"type":"Feature","properties":{"elev":-107},"geometry":{"type":"Point","coordinates":[739496.2,3614510.8]}},{"type":"Feature","properties":{"elev":-247},"geometry":{"type":"Point","coordinates":[740435.6,3614510.8]}},{"type":"Feature","properties":{"elev":-235},"geometry":{"type":"Point","coordinates":[741374.9,3614510.8]}},{"type":"Feature","properties":{"elev":-209},"geometry":{"type":"Point","coordinates":[742314.3,3614510.8]}},{"type":"Feature","properties":{"elev":-227},"geometry":{"type":"Point","coordinates":[743253.7,3614510.8]}},{"type":"Feature","properties":{"elev":-212},"geometry":{"type":"Point","coordinates":[744193.1,3614510.8]}},{"type":"Feature","properties":{"elev":-208},"geometry":{"type":"Point","coordinates":[745132.5,3614510.8]}},{"type":"Feature","properties":{"elev":-116},"geometry":{"type":"Point","coordinates":[746071.9,3614510.8]}},{"type":"Feature","properties":{"elev":70},"geometry":{"type":"Point","coordinates":[747011.2,3614510.8]}},{"type":"Feature","properties":{"elev":251},"geometry":{"type":"Point","coordinates":[747950.6,3614510.8]}},{"type":"Feature","properties":{"elev":311},"geometry":{"type":"Point","coordinates":[748890.0,3614510.8]}},{"type":"Feature","properties":{"elev":213},"geometry":{"type":"Point","coordinates":[749829.4,3614510.8]}},{"type":"Feature","properties":{"elev":54},"geometry":{"type":"Point","coordinates":[750768.8,3614510.8]}},{"type":"Feature","properties":{"elev":48},"geometry":{"type":"Point","coordinates":[751708.2,3614510.8]}},{"type":"Feature","properties":{"elev":199},"geometry":{"type":"Point","coordinates":[752647.5,3614510.8]}},{"type":"Feature","properties":{"elev":295},"geometry":{"type":"Point","coordinates":[753586.9,3614510.8]}},{"type":"Feature","properties":{"elev":323},"geometry":{"type":"Point","coordinates":[754526.3,3614510.8]}},{"type":"Feature","properties":{"elev":298},"geometry":{"type":"Point","coordinates":[755465.7,3614510.8]}},{"type":"Feature","properties":{"elev":285},"geometry":{"type":"Point","coordinates":[756405.1,3614510.8]}},{"type":"Feature","properties":{"elev":331},"geometry":{"type":"Point","coordinates":[757344.5,3614510.8]}},{"type":"Feature","properties":{"elev":262},"geometry":{"type":"Point","coordinates":[758283.9,3614510.8]}},{"type":"Feature","properties":{"elev":305},"geometry":{"type":"Point","coordinates":[759223.2,3614510.8]}},{"type":"Feature","properties":{"elev":332},"geometry":{"type":"Point","coordinates":[760162.6,3614510.8]}},{"type":"Feature","properties":{"elev":396},"geometry":{"type":"Point","coordinates":[761102.0,3614510.8]}},{"type":"Feature","properties":{"elev":369},"geometry":{"type":"Point","coordinates":[762041.4,3614510.8]}},{"type":"Feature","properties":{"elev":416},"geometry":{"type":"Point","coordinates":[762980.8,3614510.8]}},{"type":"Feature","properties":{"elev":447},"geometry":{"type":"Point","coordinates":[763920.2,3614510.8]}},{"type":"Feature","properties":{"elev":491},"geometry":{"type":"Point","coordinates":[764859.5,3614510.8]}},{"type":"Feature","properties":{"elev":573},"geometry":{"type":"Point","coordinates":[765798.9,3614510.8]}},{"type":"Feature","properties":{"elev":558},"geometry":{"type":"Point","coordinates":[766738.3,3614510.8]}},{"type":"Feature","properties":{"elev":539},"geometry":{"type":"Point","coordinates":[767677.7,3614510.8]}},{"type":"Feature","properties":{"elev":517},"geometry":{"type":"Point","coordinates":[768617.1,3614510.8]}},{"type":"Feature","properties":{"elev":524},"geometry":{"type":"Point","coordinates":[769556.5,3614510.8]}},{"type":"Feature","properties":{"elev":465},"geometry":{"type":"Point","coordinates":[770495.8,3614510.8]}},{"type":"Feature","properties":{"elev":482},"geometry":{"type":"Point","coordinates":[771435.2,3614510.8]}},{"type":"Feature","properties":{"elev":472},"geometry":{"type":"Point","coordinates":[772374.6,3614510.8]}},{"type":"Feature","properties":{"elev":466},"geometry":{"type":"Point","coordinates":[773314.0,3614510.8]}},{"type":"Feature","properties":{"elev":479},"geometry":{"type":"Point","coordinates":[774253.4,3614510.8]}},{"type":"Feature","properties":{"elev":379},"geometry":{"type":"Point","coordinates":[775192.8,3614510.8]}},{"type":"Feature","properties":{"elev":321},"geometry":{"type":"Point","coordinates":[776132.1,3614510.8]}},{"type":"Feature","properties":{"elev":443},"geometry":{"type":"Point","coordinates":[777071.5,3614510.8]}},{"type":"Feature","properties":{"elev":458},"geometry":{"type":"Point","coordinates":[778010.9,3614510.8]}},{"type":"Feature","properties":{"elev":452},"geometry":{"type":"Point","coordinates":[778950.3,3614510.8]}},{"type":"Feature","properties":{"elev":450},"geometry":{"type":"Point","coordinates":[779889.7,3614510.8]}},{"type":"Feature","properties":{"elev":459},"geometry":{"type":"Point","coordinates":[780829.1,3614510.8]}},{"type":"Feature","properties":{"elev":475},"geometry":{"type":"Point","coordinates":[781768.5,3614510.8]}},{"type":"Feature","properties":{"elev":493},"geometry":{"type":"Point","coordinates":[782707.8,3614510.8]}},{"type":"Feature","properties":{"elev":509},"geometry":{"type":"Point","coordinates":[783647.2,3614510.8]}},{"type":"Feature","properties":{"elev":519},"geometry":{"type":"Point","coordinates":[784586.6,3614510.8]}},{"type":"Feature","properties":{"elev":513},"geometry":{"type":"Point","coordinates":[785526.0,3614510.8]}},{"type":"Feature","properties":{"elev":523},"geometry":{"type":"Point","coordinates":[786465.4,3614510.8]}},{"type":"Feature","properties":{"elev":498},"geometry":{"type":"Point","coordinates":[787404.8,3614510.8]}},{"type":"Feature","properties":{"elev":491},"geometry":{"type":"Point","coordinates":[788344.1,3614510.8]}},{"type":"Feature","properties":{"elev":469},"geometry":{"type":"Point","coordinates":[789283.5,3614510.8]}},{"type":"Feature","properties":{"elev":503},"geometry":{"type":"Point","coordinates":[790222.9,3614510.8]}},{"type":"Feature","properties":{"elev":519},"geometry":{"type":"Point","coordinates":[791162.3,3614510.8]}},{"type":"Feature","properties":{"elev":523},"geometry":{"type":"Point","coordinates":[792101.7,3614510.8]}},{"type":"Feature","properties":{"elev":528},"geometry":{"type":"Point","coordinates":[793041.1,3614510.8]}},{"type":"Feature","properties":{"elev":530},"geometry":{"type":"Point","coordinates":[793980.4,3614510.8]}},{"type":"Feature","properties":{"elev":540},"geometry":{"type":"Point","coordinates":[794919.8,3614510.8]}},{"type":"Feature","properties":{"elev":-1},"geometry":{"type":"Point","coordinates":[734799.3,3613571.5]}},{"type":"Feature","properties":{"elev":156},"geometry":{"type":"Point","coordinates":[735738.6,3613571.5]}},{"type":"Feature","properties":{"elev":198},"geometry":{"type":"Point","coordinates":[736678.0,3613571.5]}},{"type":"Feature","properties":{"elev":78},"geometry":{"type":"Point","coordinates":[737617.4,3613571.5]}},{"type":"Feature","properties":{"elev":-40},"geometry":{"type":"Point","coordinates":[738556.8,3613571.5]}},{"type":"Feature","properties":{"elev":-151},"geometry":{"type":"Point","coordinates":[739496.2,3613571.5]}},{"type":"Feature","properties":{"elev":-235},"geometry":{"type":"Point","coordinates":[740435.6,3613571.5]}},{"type":"Feature","properties":{"elev":-211},"geometry":{"type":"Point","coordinates":[741374.9,3613571.5]}},{"type":"Feature","properties":{"elev":-212},"geometry":{"type":"Point","coordinates":[742314.3,3613571.5]}},{"type":"Feature","properties":{"elev":-214},"geometry":{"type":"Point","coordinates":[743253.7,3613571.5]}},{"type":"Feature","properties":{"elev":-216},"geometry":{"type":"Point","coordinates":[744193.1,3613571.5]}},{"type":"Feature","properties":{"elev":-210},"geometry":{"type":"Point","coordinates":[745132.5,3613571.5]}},{"type":"Feature","properties":{"elev":-109},"geometry":{"type":"Point","coordinates":[746071.9,3613571.5]}},{"type":"Feature","properties":{"elev":54},"geometry":{"type":"Point","coordinates":[747011.2,3613571.5]}},{"type":"Feature","properties":{"elev":210},"geometry":{"type":"Point","coordinates":[747950.6,3613571.5]}},{"type":"Feature","properties":{"elev":115},"geometry":{"type":"Point","coordinates":[748890.0,3613571.5]}},{"type":"Feature","properties":{"elev":27},"geometry":{"type":"Point","coordinates":[749829.4,3613571.5]}},{"type":"Feature","properties":{"elev":29},"geometry":{"type":"Point","coordinates":[750768.8,3613571.5]}},{"type":"Feature","properties":{"elev":167},"geometry":{"type":"Point","coordinates":[751708.2,3613571.5]}},{"type":"Feature","properties":{"elev":83},"geometry":{"type":"Point","coordinates":[752647.5,3613571.5]}},{"type":"Feature","properties":{"elev":112},"geometry":{"type":"Point","coordinates":[753586.9,3613571.5]}},{"type":"Feature","properties":{"elev":186},"geometry":{"type":"Point","coordinates":[754526.3,3613571.5]}},{"type":"Feature","properties":{"elev":252},"geometry":{"type":"Point","coordinates":[755465.7,3613571.5]}},{"type":"Feature","properties":{"elev":294},"geometry":{"type":"Point","coordinates":[756405.1,3613571.5]}},{"type":"Feature","properties":{"elev":311},"geometry":{"type":"Point","coordinates":[757344.5,3613571.5]}},{"type":"Feature","properties":{"elev":329},"geometry":{"type":"Point","coordinates":[758283.9,3613571.5]}},{"type":"Feature","properties":{"elev":350},"geometry":{"type":"Point","coordinates":[759223.2,3613571.5]}},{"type":"Feature","properties":{"elev":320},"geometry":{"type":"Point","coordinates":[760162.6,3613571.5]}},{"type":"Feature","properties":{"elev":372},"geometry":{"type":"Point","coordinates":[761102.0,3613571.5]}},{"type":"Feature","properties":{"elev":388},"geometry":{"type":"Point","coordinates":[762041.4,3613571.5]}},{"type":"Feature","properties":{"elev":430},"geometry":{"type":"Point","coordinates":[762980.8,3613571.5]}},{"type":"Feature","properties":{"elev":444},"geometry":{"type":"Point","coordinates":[763920.2,3613571.5]}},{"type":"Feature","properties":{"elev":467},"geometry":{"type":"Point","coordinates":[764859.5,3613571.5]}},{"type":"Feature","properties":{"elev":550},"geometry":{"type":"Point","coordinates":[765798.9,3613571.5]}},{"type":"Feature","properties":{"elev":552},"geometry":{"type":"Point","coordinates":[766738.3,3613571.5]}},{"type":"Feature","properties":{"elev":513},"geometry":{"type":"Point","coordinates":[767677.7,3613571.5]}},{"type":"Feature","properties":{"elev":525},"geometry":{"type":"Point","coordinates":[768617.1,3613571.5]}},{"type":"Feature","properties":{"elev":501},"geometry":{"type":"Point","coordinates":[769556.5,3613571.5]}},{"type":"Feature","properties":{"elev":505},"geometry":{"type":"Point","coordinates":[770495.8,3613571.5]}},{"type":"Feature","properties":{"elev":499},"geometry":{"type":"Point","coordinates":[771435.2,3613571.5]}},{"type":"Feature","properties":{"elev":478},"geometry":{"type":"Point","coordinates":[772374.6,3613571.5]}},{"type":"Feature","properties":{"elev":485},"geometry":{"type":"Point","coordinates":[773314.0,3613571.5]}},{"type":"Feature","properties":{"elev":483},"geometry":{"type":"Point","coordinates":[774253.4,3613571.5]}},{"type":"Feature","properties":{"elev":484},"geometry":{"type":"Point","coordinates":[775192.8,3613571.5]}},{"type":"Feature","properties":{"elev":402},"geometry":{"type":"Point","coordinates":[776132.1,3613571.5]}},{"type":"Feature","properties":{"elev":344},"geometry":{"type":"Point","coordinates":[777071.5,3613571.5]}},{"type":"Feature","properties":{"elev":466},"geometry":{"type":"Point","coordinates":[778010.9,3613571.5]}},{"type":"Feature","properties":{"elev":465},"geometry":{"type":"Point","coordinates":[778950.3,3613571.5]}},{"type":"Feature","properties":{"elev":460},"geometry":{"type":"Point","coordinates":[779889.7,3613571.5]}},{"type":"Feature","properties":{"elev":458},"geometry":{"type":"Point","coordinates":[780829.1,3613571.5]}},{"type":"Feature","properties":{"elev":480},"geometry":{"type":"Point","coordinates":[781768.5,3613571.5]}},{"type":"Feature","properties":{"elev":495},"geometry":{"type":"Point","coordinates":[782707.8,3613571.5]}},{"type":"Feature","properties":{"elev":514},"geometry":{"type":"Point","coordinates":[783647.2,3613571.5]}},{"type":"Feature","properties":{"elev":523},"geometry":{"type":"Point","coordinates":[784586.6,3613571.5]}},{"type":"Feature","properties":{"elev":542},"geometry":{"type":"Point","coordinates":[785526.0,3613571.5]}},{"type":"Feature","properties":{"elev":543},"geometry":{"type":"Point","coordinates":[786465.4,3613571.5]}},{"type":"Feature","properties":{"elev":520},"geometry":{"type":"Point","coordinates":[787404.8,3613571.5]}},{"type":"Feature","properties":{"elev":508},"geometry":{"type":"Point","coordinates":[788344.1,3613571.5]}},{"type":"Feature","properties":{"elev":523},"geometry":{"type":"Point","coordinates":[789283.5,3613571.5]}},{"type":"Feature","properties":{"elev":508},"geometry":{"type":"Point","coordinates":[790222.9,3613571.5]}},{"type":"Feature","properties":{"elev":514},"geometry":{"type":"Point","coordinates":[791162.3,3613571.5]}},{"type":"Feature","properties":{"elev":520},"geometry":{"type":"Point","coordinates":[792101.7,3613571.5]}},{"type":"Feature","properties":{"elev":520},"geometry":{"type":"Point","coordinates":[793041.1,3613571.5]}},{"type":"Feature","properties":{"elev":529},"geometry":{"type":"Point","coordinates":[793980.4,3613571.5]}},{"type":"Feature","properties":{"elev":533},"geometry":{"type":"Point","coordinates":[794919.8,3613571.5]}},{"type":"Feature","properties":{"elev":-59},"geometry":{"type":"Point","coordinates":[734799.3,3612632.2]}},{"type":"Feature","properties":{"elev":53},"geometry":{"type":"Point","coordinates":[735738.6,3612632.2]}},{"type":"Feature","properties":{"elev":64},"geometry":{"type":"Point","coordinates":[736678.0,3612632.2]}},{"type":"Feature","properties":{"elev":36},"geometry":{"type":"Point","coordinates":[737617.4,3612632.2]}},{"type":"Feature","properties":{"elev":-90},"geometry":{"type":"Point","coordinates":[738556.8,3612632.2]}},{"type":"Feature","properties":{"elev":-156},"geometry":{"type":"Point","coordinates":[739496.2,3612632.2]}},{"type":"Feature","properties":{"elev":-255},"geometry":{"type":"Point","coordinates":[740435.6,3612632.2]}},{"type":"Feature","properties":{"elev":-221},"geometry":{"type":"Point","coordinates":[741374.9,3612632.2]}},{"type":"Feature","properties":{"elev":-217},"geometry":{"type":"Point","coordinates":[742314.3,3612632.2]}},{"type":"Feature","properties":{"elev":-218},"geometry":{"type":"Point","coordinates":[743253.7,3612632.2]}},{"type":"Feature","properties":{"elev":-218},"geometry":{"type":"Point","coordinates":[744193.1,3612632.2]}},{"type":"Feature","properties":{"elev":-211},"geometry":{"type":"Point","coordinates":[745132.5,3612632.2]}},{"type":"Feature","properties":{"elev":-69},"geometry":{"type":"Point","coordinates":[746071.9,3612632.2]}},{"type":"Feature","properties":{"elev":-24},"geometry":{"type":"Point","coordinates":[747011.2,3612632.2]}},{"type":"Feature","properties":{"elev":-19},"geometry":{"type":"Point","coordinates":[747950.6,3612632.2]}},{"type":"Feature","properties":{"elev":-100},"geometry":{"type":"Point","coordinates":[748890.0,3612632.2]}},{"type":"Feature","properties":{"elev":-48},"geometry":{"type":"Point","coordinates":[749829.4,3612632.2]}},{"type":"Feature","properties":{"elev":31},"geometry":{"type":"Point","coordinates":[750768.8,3612632.2]}},{"type":"Feature","properties":{"elev":231},"geometry":{"type":"Point","coordinates":[751708.2,3612632.2]}},{"type":"Feature","properties":{"elev":242},"geometry":{"type":"Point","coordinates":[752647.5,3612632.2]}},{"type":"Feature","properties":{"elev":223},"geometry":{"type":"Point","coordinates":[753586.9,3612632.2]}},{"type":"Feature","properties":{"elev":104},"geometry":{"type":"Point","coordinates":[754526.3,3612632.2]}},{"type":"Feature","properties":{"elev":206},"geometry":{"type":"Point","coordinates":[755465.7,3612632.2]}},{"type":"Feature","properties":{"elev":157},"geometry":{"type":"Point","coordinates":[756405.1,3612632.2]}},{"type":"Feature","properties":{"elev":188},"geometry":{"type":"Point","coordinates":[757344.5,3612632.2]}},{"type":"Feature","properties":{"elev":231},"geometry":{"type":"Point","coordinates":[758283.9,3612632.2]}},{"type":"Feature","properties":{"elev":334},"geometry":{"type":"Point","coordinates":[759223.2,3612632.2]}},{"type":"Feature","properties":{"elev":349},"geometry":{"type":"Point","coordinates":[760162.6,3612632.2]}},{"type":"Feature","properties":{"elev":392},"geometry":{"type":"Point","coordinates":[761102.0,3612632.2]}},{"type":"Feature","properties":{"elev":377},"geometry":{"type":"Point","coordinates":[762041.4,3612632.2]}},{"type":"Feature","properties":{"elev":375},"geometry":{"type":"Point","coordinates":[762980.8,3612632.2]}},{"type":"Feature","properties":{"elev":417},"geometry":{"type":"Point","coordinates":[763920.2,3612632.2]}},{"type":"Feature","properties":{"elev":451},"geometry":{"type":"Point","coordinates":[764859.5,3612632.2]}},{"type":"Feature","properties":{"elev":462},"geometry":{"type":"Point","coordinates":[765798.9,3612632.2]}},{"type":"Feature","properties":{"elev":556},"geometry":{"type":"Point","coordinates":[766738.3,3612632.2]}},{"type":"Feature","properties":{"elev":528},"geometry":{"type":"Point","coordinates":[767677.7,3612632.2]}},{"type":"Feature","properties":{"elev":550},"geometry":{"type":"Point","coordinates":[768617.1,3612632.2]}},{"type":"Feature","properties":{"elev":536},"geometry":{"type":"Point","coordinates":[769556.5,3612632.2]}},{"type":"Feature","properties":{"elev":530},"geometry":{"type":"Point","coordinates":[770495.8,3612632.2]}},{"type":"Feature","properties":{"elev":509},"geometry":{"type":"Point","coordinates":[771435.2,3612632.2]}},{"type":"Feature","properties":{"elev":490},"geometry":{"type":"Point","coordinates":[772374.6,3612632.2]}},{"type":"Feature","properties":{"elev":499},"geometry":{"type":"Point","coordinates":[773314.0,3612632.2]}},{"type":"Feature","properties":{"elev":502},"geometry":{"type":"Point","coordinates":[774253.4,3612632.2]}},{"type":"Feature","properties":{"elev":487},"geometry":{"type":"Point","coordinates":[775192.8,3612632.2]}},{"type":"Feature","properties":{"elev":484},"geometry":{"type":"Point","coordinates":[776132.1,3612632.2]}},{"type":"Feature","properties":{"elev":357},"geometry":{"type":"Point","coordinates":[777071.5,3612632.2]}},{"type":"Feature","properties":{"elev":481},"geometry":{"type":"Point","coordinates":[778010.9,3612632.2]}},{"type":"Feature","properties":{"elev":487},"geometry":{"type":"Point","coordinates":[778950.3,3612632.2]}},{"type":"Feature","properties":{"elev":470},"geometry":{"type":"Point","coordinates":[779889.7,3612632.2]}},{"type":"Feature","properties":{"elev":473},"geometry":{"type":"Point","coordinates":[780829.1,3612632.2]}},{"type":"Feature","properties":{"elev":473},"geometry":{"type":"Point","coordinates":[781768.5,3612632.2]}},{"type":"Feature","properties":{"elev":492},"geometry":{"type":"Point","coordinates":[782707.8,3612632.2]}},{"type":"Feature","properties":{"elev":505},"geometry":{"type":"Point","coordinates":[783647.2,3612632.2]}},{"type":"Feature","properties":{"elev":509},"geometry":{"type":"Point","coordinates":[784586.6,3612632.2]}},{"type":"Feature","properties":{"elev":524},"geometry":{"type":"Point","coordinates":[785526.0,3612632.2]}},{"type":"Feature","properties":{"elev":548},"geometry":{"type":"Point","coordinates":[786465.4,3612632.2]}},{"type":"Feature","properties":{"elev":560},"geometry":{"type":"Point","coordinates":[787404.8,3612632.2]}},{"type":"Feature","properties":{"elev":534},"geometry":{"type":"Point","coordinates":[788344.1,3612632.2]}},{"type":"Feature","properties":{"elev":521},"geometry":{"type":"Point","coordinates":[789283.5,3612632.2]}},{"type":"Feature","properties":{"elev":524},"geometry":{"type":"Point","coordinates":[790222.9,3612632.2]}},{"type":"Feature","properties":{"elev":524},"geometry":{"type":"Point","coordinates":[791162.3,3612632.2]}},{"type":"Feature","properties":{"elev":490},"geometry":{"type":"Point","coordinates":[792101.7,3612632.2]}},{"type":"Feature","properties":{"elev":535},"geometry":{"type":"Point","coordinates":[793041.1,3612632.2]}},{"type":"Feature","properties":{"elev":533},"geometry":{"type":"Point","coordinates":[793980.4,3612632.2]}},{"type":"Feature","properties":{"elev":534},"geometry":{"type":"Point","coordinates":[794919.8,3612632.2]}},{"type":"Feature","properties":{"elev":-98},"geometry":{"type":"Point","coordinates":[734799.3,3611692.9]}},{"type":"Feature","properties":{"elev":-132},"geometry":{"type":"Point","coordinates":[735738.6,3611692.9]}},{"type":"Feature","properties":{"elev":-168},"geometry":{"type":"Point","coordinates":[736678.0,3611692.9]}},{"type":"Feature","properties":{"elev":-112},"geometry":{"type":"Point","coordinates":[737617.4,3611692.9]}},{"type":"Feature","properties":{"elev":-104},"geometry":{"type":"Point","coordinates":[738556.8,3611692.9]}},{"type":"Feature","properties":{"elev":-207},"geometry":{"type":"Point","coordinates":[739496.2,3611692.9]}},{"type":"Feature","properties":{"elev":-251},"geometry":{"type":"Point","coordinates":[740435.6,3611692.9]}},{"type":"Feature","properties":{"elev":-228},"geometry":{"type":"Point","coordinates":[741374.9,3611692.9]}},{"type":"Feature","properties":{"elev":-218},"geometry":{"type":"Point","coordinates":[742314.3,3611692.9]}},{"type":"Feature","properties":{"elev":-220},"geometry":{"type":"Point","coordinates":[743253.7,3611692.9]}},{"type":"Feature","properties":{"elev":-217},"geometry":{"type":"Point","coordinates":[744193.1,3611692.9]}},{"type":"Feature","properties":{"elev":-190},"geometry":{"type":"Point","coordinates":[745132.5,3611692.9]}},{"type":"Feature","properties":{"elev":-169},"geometry":{"type":"Point","coordinates":[746071.9,3611692.9]}},{"type":"Feature","properties":{"elev":-101},"geometry":{"type":"Point","coordinates":[747011.2,3611692.9]}},{"type":"Feature","properties":{"elev":-90},"geometry":{"type":"Point","coordinates":[747950.6,3611692.9]}},{"type":"Feature","properties":{"elev":-81},"geometry":{"type":"Point","coordinates":[748890.0,3611692.9]}},{"type":"Feature","properties":{"elev":31},"geometry":{"type":"Point","coordinates":[749829.4,3611692.9]}},{"type":"Feature","properties":{"elev":98},"geometry":{"type":"Point","coordinates":[750768.8,3611692.9]}},{"type":"Feature","properties":{"elev":263},"geometry":{"type":"Point","coordinates":[751708.2,3611692.9]}},{"type":"Feature","properties":{"elev":348},"geometry":{"type":"Point","coordinates":[752647.5,3611692.9]}},{"type":"Feature","properties":{"elev":308},"geometry":{"type":"Point","coordinates":[753586.9,3611692.9]}},{"type":"Feature","properties":{"elev":294},"geometry":{"type":"Point","coordinates":[754526.3,3611692.9]}},{"type":"Feature","properties":{"elev":279},"geometry":{"type":"Point","coordinates":[755465.7,3611692.9]}},{"type":"Feature","properties":{"elev":295},"geometry":{"type":"Point","coordinates":[756405.1,3611692.9]}},{"type":"Feature","properties":{"elev":265},"geometry":{"type":"Point","coordinates":[757344.5,3611692.9]}},{"type":"Feature","properties":{"elev":361},"geometry":{"type":"Point","coordinates":[758283.9,3611692.9]}},{"type":"Feature","properties":{"elev":371},"geometry":{"type":"Point","coordinates":[759223.2,3611692.9]}},{"type":"Feature","properties":{"elev":371},"geometry":{"type":"Point","coordinates":[760162.6,3611692.9]}},{"type":"Feature","properties":{"elev":354},"geometry":{"type":"Point","coordinates":[761102.0,3611692.9]}},{"type":"Feature","properties":{"elev":343},"geometry":{"type":"Point","coordinates":[762041.4,3611692.9]}},{"type":"Feature","properties":{"elev":404},"geometry":{"type":"Point","coordinates":[762980.8,3611692.9]}},{"type":"Feature","properties":{"elev":419},"geometry":{"type":"Point","coordinates":[763920.2,3611692.9]}},{"type":"Feature","properties":{"elev":415},"geometry":{"type":"Point","coordinates":[764859.5,3611692.9]}},{"type":"Feature","properties":{"elev":473},"geometry":{"type":"Point","coordinates":[765798.9,3611692.9]}},{"type":"Feature","properties":{"elev":500},"geometry":{"type":"Point","coordinates":[766738.3,3611692.9]}},{"type":"Feature","properties":{"elev":483},"geometry":{"type":"Point","coordinates":[767677.7,3611692.9]}},{"type":"Feature","properties":{"elev":559},"geometry":{"type":"Point","coordinates":[768617.1,3611692.9]}},{"type":"Feature","properties":{"elev":547},"geometry":{"type":"Point","coordinates":[769556.5,3611692.9]}},{"type":"Feature","properties":{"elev":527},"geometry":{"type":"Point","coordinates":[770495.8,3611692.9]}},{"type":"Feature","properties":{"elev":524},"geometry":{"type":"Point","coordinates":[771435.2,3611692.9]}},{"type":"Feature","properties":{"elev":514},"geometry":{"type":"Point","coordinates":[772374.6,3611692.9]}},{"type":"Feature","properties":{"elev":510},"geometry":{"type":"Point","coordinates":[773314.0,3611692.9]}},{"type":"Feature","properties":{"elev":488},"geometry":{"type":"Point","coordinates":[774253.4,3611692.9]}},{"type":"Feature","properties":{"elev":477},"geometry":{"type":"Point","coordinates":[775192.8,3611692.9]}},{"type":"Feature","properties":{"elev":488},"geometry":{"type":"Point","coordinates":[776132.1,3611692.9]}},{"type":"Feature","properties":{"elev":380},"geometry":{"type":"Point","coordinates":[777071.5,3611692.9]}},{"type":"Feature","properties":{"elev":499},"geometry":{"type":"Point","coordinates":[778010.9,3611692.9]}},{"type":"Feature","properties":{"elev":497},"geometry":{"type":"Point","coordinates":[778950.3,3611692.9]}},{"type":"Feature","properties":{"elev":470},"geometry":{"type":"Point","coordinates":[779889.7,3611692.9]}},{"type":"Feature","properties":{"elev":483},"geometry":{"type":"Point","coordinates":[780829.1,3611692.9]}},{"type":"Feature","properties":{"elev":496},"geometry":{"type":"Point","coordinates":[781768.5,3611692.9]}},{"type":"Feature","properties":{"elev":500},"geometry":{"type":"Point","coordinates":[782707.8,3611692.9]}},{"type":"Feature","properties":{"elev":494},"geometry":{"type":"Point","coordinates":[783647.2,3611692.9]}},{"type":"Feature","properties":{"elev":515},"geometry":{"type":"Point","coordinates":[784586.6,3611692.9]}},{"type":"Feature","properties":{"elev":525},"geometry":{"type":"Point","coordinates":[785526.0,3611692.9]}},{"type":"Feature","properties":{"elev":544},"geometry":{"type":"Point","coordinates":[786465.4,3611692.9]}},{"type":"Feature","properties":{"elev":567},"geometry":{"type":"Point","coordinates":[787404.8,3611692.9]}},{"type":"Feature","properties":{"elev":557},"geometry":{"type":"Point","coordinates":[788344.1,3611692.9]}},{"type":"Feature","properties":{"elev":536},"geometry":{"type":"Point","coordinates":[789283.5,3611692.9]}},{"type":"Feature","properties":{"elev":549},"geometry":{"type":"Point","coordinates":[790222.9,3611692.9]}},{"type":"Feature","properties":{"elev":504},"geometry":{"type":"Point","coordinates":[791162.3,3611692.9]}},{"type":"Feature","properties":{"elev":526},"geometry":{"type":"Point","coordinates":[792101.7,3611692.9]}},{"type":"Feature","properties":{"elev":537},"geometry":{"type":"Point","coordinates":[793041.1,3611692.9]}},{"type":"Feature","properties":{"elev":539},"geometry":{"type":"Point","coordinates":[793980.4,3611692.9]}},{"type":"Feature","properties":{"elev":538},"geometry":{"type":"Point","coordinates":[794919.8,3611692.9]}},{"type":"Feature","properties":{"elev":111},"geometry":{"type":"Point","coordinates":[734799.3,3610753.5]}},{"type":"Feature","properties":{"elev":130},"geometry":{"type":"Point","coordinates":[735738.6,3610753.5]}},{"type":"Feature","properties":{"elev":94},"geometry":{"type":"Point","coordinates":[736678.0,3610753.5]}},{"type":"Feature","properties":{"elev":-90},"geometry":{"type":"Point","coordinates":[737617.4,3610753.5]}},{"type":"Feature","properties":{"elev":-213},"geometry":{"type":"Point","coordinates":[738556.8,3610753.5]}},{"type":"Feature","properties":{"elev":-220},"geometry":{"type":"Point","coordinates":[739496.2,3610753.5]}},{"type":"Feature","properties":{"elev":-255},"geometry":{"type":"Point","coordinates":[740435.6,3610753.5]}},{"type":"Feature","properties":{"elev":-261},"geometry":{"type":"Point","coordinates":[741374.9,3610753.5]}},{"type":"Feature","properties":{"elev":-220},"geometry":{"type":"Point","coordinates":[742314.3,3610753.5]}},{"type":"Feature","properties":{"elev":-220},"geometry":{"type":"Point","coordinates":[743253.7,3610753.5]}},{"type":"Feature","properties":{"elev":-211},"geometry":{"type":"Point","coordinates":[744193.1,3610753.5]}},{"type":"Feature","properties":{"elev":-183},"geometry":{"type":"Point","coordinates":[745132.5,3610753.5]}},{"type":"Feature","properties":{"elev":-133},"geometry":{"type":"Point","coordinates":[746071.9,3610753.5]}},{"type":"Feature","properties":{"elev":-76},"geometry":{"type":"Point","coordinates":[747011.2,3610753.5]}},{"type":"Feature","properties":{"elev":26},"geometry":{"type":"Point","coordinates":[747950.6,3610753.5]}},{"type":"Feature","properties":{"elev":7},"geometry":{"type":"Point","coordinates":[748890.0,3610753.5]}},{"type":"Feature","properties":{"elev":13},"geometry":{"type":"Point","coordinates":[749829.4,3610753.5]}},{"type":"Feature","properties":{"elev":122},"geometry":{"type":"Point","coordinates":[750768.8,3610753.5]}},{"type":"Feature","properties":{"elev":189},"geometry":{"type":"Point","coordinates":[751708.2,3610753.5]}},{"type":"Feature","properties":{"elev":321},"geometry":{"type":"Point","coordinates":[752647.5,3610753.5]}},{"type":"Feature","properties":{"elev":327},"geometry":{"type":"Point","coordinates":[753586.9,3610753.5]}},{"type":"Feature","properties":{"elev":287},"geometry":{"type":"Point","coordinates":[754526.3,3610753.5]}},{"type":"Feature","properties":{"elev":210},"geometry":{"type":"Point","coordinates":[755465.7,3610753.5]}},{"type":"Feature","properties":{"elev":341},"geometry":{"type":"Point","coordinates":[756405.1,3610753.5]}},{"type":"Feature","properties":{"elev":304},"geometry":{"type":"Point","coordinates":[757344.5,3610753.5]}},{"type":"Feature","properties":{"elev":216},"geometry":{"type":"Point","coordinates":[758283.9,3610753.5]}},{"type":"Feature","properties":{"elev":348},"geometry":{"type":"Point","coordinates":[759223.2,3610753.5]}},{"type":"Feature","properties":{"elev":374},"geometry":{"type":"Point","coordinates":[760162.6,3610753.5]}},{"type":"Feature","properties":{"elev":403},"geometry":{"type":"Point","coordinates":[761102.0,3610753.5]}},{"type":"Feature","properties":{"elev":391},"geometry":{"type":"Point","coordinates":[762041.4,3610753.5]}},{"type":"Feature","properties":{"elev":427},"geometry":{"type":"Point","coordinates":[762980.8,3610753.5]}},{"type":"Feature","properties":{"elev":429},"geometry":{"type":"Point","coordinates":[763920.2,3610753.5]}},{"type":"Feature","properties":{"elev":433},"geometry":{"type":"Point","coordinates":[764859.5,3610753.5]}},{"type":"Feature","properties":{"elev":462},"geometry":{"type":"Point","coordinates":[765798.9,3610753.5]}},{"type":"Feature","properties":{"elev":518},"geometry":{"type":"Point","coordinates":[766738.3,3610753.5]}},{"type":"Feature","properties":{"elev":560},"geometry":{"type":"Point","coordinates":[767677.7,3610753.5]}},{"type":"Feature","properties":{"elev":573},"geometry":{"type":"Point","coordinates":[768617.1,3610753.5]}},{"type":"Feature","properties":{"elev":553},"geometry":{"type":"Point","coordinates":[769556.5,3610753.5]}},{"type":"Feature","properties":{"elev":534},"geometry":{"type":"Point","coordinates":[770495.8,3610753.5]}},{"type":"Feature","properties":{"elev":537},"geometry":{"type":"Point","coordinates":[771435.2,3610753.5]}},{"type":"Feature","properties":{"elev":531},"geometry":{"type":"Point","coordinates":[772374.6,3610753.5]}},{"type":"Feature","properties":{"elev":515},"geometry":{"type":"Point","coordinates":[773314.0,3610753.5]}},{"type":"Feature","properties":{"elev":476},"geometry":{"type":"Point","coordinates":[774253.4,3610753.5]}},{"type":"Feature","properties":{"elev":540},"geometry":{"type":"Point","coordinates":[775192.8,3610753.5]}},{"type":"Feature","properties":{"elev":479},"geometry":{"type":"Point","coordinates":[776132.1,3610753.5]}},{"type":"Feature","properties":{"elev":381},"geometry":{"type":"Point","coordinates":[777071.5,3610753.5]}},{"type":"Feature","properties":{"elev":516},"geometry":{"type":"Point","coordinates":[778010.9,3610753.5]}},{"type":"Feature","properties":{"elev":515},"geometry":{"type":"Point","coordinates":[778950.3,3610753.5]}},{"type":"Feature","properties":{"elev":474},"geometry":{"type":"Point","coordinates":[779889.7,3610753.5]}},{"type":"Feature","properties":{"elev":483},"geometry":{"type":"Point","coordinates":[780829.1,3610753.5]}},{"type":"Feature","properties":{"elev":500},"geometry":{"type":"Point","coordinates":[781768.5,3610753.5]}},{"type":"Feature","properties":{"elev":520},"geometry":{"type":"Point","coordinates":[782707.8,3610753.5]}},{"type":"Feature","properties":{"elev":528},"geometry":{"type":"Point","coordinates":[783647.2,3610753.5]}},{"type":"Feature","properties":{"elev":526},"geometry":{"type":"Point","coordinates":[784586.6,3610753.5]}},{"type":"Feature","properties":{"elev":535},"geometry":{"type":"Point","coordinates":[785526.0,3610753.5]}},{"type":"Feature","properties":{"elev":549},"geometry":{"type":"Point","coordinates":[786465.4,3610753.5]}},{"type":"Feature","properties":{"elev":542},"geometry":{"type":"Point","coordinates":[787404.8,3610753.5]}},{"type":"Feature","properties":{"elev":567},"geometry":{"type":"Point","coordinates":[788344.1,3610753.5]}},{"type":"Feature","properties":{"elev":553},"geometry":{"type":"Point","coordinates":[789283.5,3610753.5]}},{"type":"Feature","properties":{"elev":555},"geometry":{"type":"Point","coordinates":[790222.9,3610753.5]}},{"type":"Feature","properties":{"elev":514},"geometry":{"type":"Point","coordinates":[791162.3,3610753.5]}},{"type":"Feature","properties":{"elev":527},"geometry":{"type":"Point","coordinates":[792101.7,3610753.5]}},{"type":"Feature","properties":{"elev":538},"geometry":{"type":"Point","coordinates":[793041.1,3610753.5]}},{"type":"Feature","properties":{"elev":528},"geometry":{"type":"Point","coordinates":[793980.4,3610753.5]}},{"type":"Feature","properties":{"elev":559},"geometry":{"type":"Point","coordinates":[794919.8,3610753.5]}},{"type":"Feature","properties":{"elev":196},"geometry":{"type":"Point","coordinates":[734799.3,3609814.2]}},{"type":"Feature","properties":{"elev":189},"geometry":{"type":"Point","coordinates":[735738.6,3609814.2]}},{"type":"Feature","properties":{"elev":167},"geometry":{"type":"Point","coordinates":[736678.0,3609814.2]}},{"type":"Feature","properties":{"elev":-67},"geometry":{"type":"Point","coordinates":[737617.4,3609814.2]}},{"type":"Feature","properties":{"elev":-203},"geometry":{"type":"Point","coordinates":[738556.8,3609814.2]}},{"type":"Feature","properties":{"elev":-227},"geometry":{"type":"Point","coordinates":[739496.2,3609814.2]}},{"type":"Feature","properties":{"elev":-258},"geometry":{"type":"Point","coordinates":[740435.6,3609814.2]}},{"type":"Feature","properties":{"elev":-260},"geometry":{"type":"Point","coordinates":[741374.9,3609814.2]}},{"type":"Feature","properties":{"elev":-225},"geometry":{"type":"Point","coordinates":[742314.3,3609814.2]}},{"type":"Feature","properties":{"elev":-236},"geometry":{"type":"Point","coordinates":[743253.7,3609814.2]}},{"type":"Feature","properties":{"elev":-221},"geometry":{"type":"Point","coordinates":[744193.1,3609814.2]}},{"type":"Feature","properties":{"elev":-167},"geometry":{"type":"Point","coordinates":[745132.5,3609814.2]}},{"type":"Feature","properties":{"elev":-12},"geometry":{"type":"Point","coordinates":[746071.9,3609814.2]}},{"type":"Feature","properties":{"elev":104},"geometry":{"type":"Point","coordinates":[747011.2,3609814.2]}},{"type":"Feature","properties":{"elev":160},"geometry":{"type":"Point","coordinates":[747950.6,3609814.2]}},{"type":"Feature","properties":{"elev":126},"geometry":{"type":"Point","coordinates":[748890.0,3609814.2]}},{"type":"Feature","properties":{"elev":87},"geometry":{"type":"Point","coordinates":[749829.4,3609814.2]}},{"type":"Feature","properties":{"elev":120},"geometry":{"type":"Point","coordinates":[750768.8,3609814.2]}},{"type":"Feature","properties":{"elev":291},"geometry":{"type":"Point","coordinates":[751708.2,3609814.2]}},{"type":"Feature","properties":{"elev":306},"geometry":{"type":"Point","coordinates":[752647.5,3609814.2]}},{"type":"Feature","properties":{"elev":241},"geometry":{"type":"Point","coordinates":[753586.9,3609814.2]}},{"type":"Feature","properties":{"elev":348},"geometry":{"type":"Point","coordinates":[754526.3,3609814.2]}},{"type":"Feature","properties":{"elev":321},"geometry":{"type":"Point","coordinates":[755465.7,3609814.2]}},{"type":"Feature","properties":{"elev":296},"geometry":{"type":"Point","coordinates":[756405.1,3609814.2]}},{"type":"Feature","properties":{"elev":313},"geometry":{"type":"Point","coordinates":[757344.5,3609814.2]}},{"type":"Feature","properties":{"elev":380},"geometry":{"type":"Point","coordinates":[758283.9,3609814.2]}},{"type":"Feature","properties":{"elev":384},"geometry":{"type":"Point","coordinates":[759223.2,3609814.2]}},{"type":"Feature","properties":{"elev":371},"geometry":{"type":"Point","coordinates":[760162.6,3609814.2]}},{"type":"Feature","properties":{"elev":288},"geometry":{"type":"Point","coordinates":[761102.0,3609814.2]}},{"type":"Feature","properties":{"elev":313},"geometry":{"type":"Point","coordinates":[762041.4,3609814.2]}},{"type":"Feature","properties":{"elev":317},"geometry":{"type":"Point","coordinates":[762980.8,3609814.2]}},{"type":"Feature","properties":{"elev":441},"geometry":{"type":"Point","coordinates":[763920.2,3609814.2]}},{"type":"Feature","properties":{"elev":439},"geometry":{"type":"Point","coordinates":[764859.5,3609814.2]}},{"type":"Feature","properties":{"elev":466},"geometry":{"type":"Point","coordinates":[765798.9,3609814.2]}},{"type":"Feature","properties":{"elev":494},"geometry":{"type":"Point","coordinates":[766738.3,3609814.2]}},{"type":"Feature","properties":{"elev":530},"geometry":{"type":"Point","coordinates":[767677.7,3609814.2]}},{"type":"Feature","properties":{"elev":579},"geometry":{"type":"Point","coordinates":[768617.1,3609814.2]}},{"type":"Feature","properties":{"elev":558},"geometry":{"type":"Point","coordinates":[769556.5,3609814.2]}},{"type":"Feature","properties":{"elev":546},"geometry":{"type":"Point","coordinates":[770495.8,3609814.2]}},{"type":"Feature","properties":{"elev":561},"geometry":{"type":"Point","coordinates":[771435.2,3609814.2]}},{"type":"Feature","properties":{"elev":545},"geometry":{"type":"Point","coordinates":[772374.6,3609814.2]}},{"type":"Feature","properties":{"elev":510},"geometry":{"type":"Point","coordinates":[773314.0,3609814.2]}},{"type":"Feature","properties":{"elev":528},"geometry":{"type":"Point","coordinates":[774253.4,3609814.2]}},{"type":"Feature","properties":{"elev":538},"geometry":{"type":"Point","coordinates":[775192.8,3609814.2]}},{"type":"Feature","properties":{"elev":509},"geometry":{"type":"Point","coordinates":[776132.1,3609814.2]}},{"type":"Feature","properties":{"elev":413},"geometry":{"type":"Point","coordinates":[777071.5,3609814.2]}},{"type":"Feature","properties":{"elev":504},"geometry":{"type":"Point","coordinates":[778010.9,3609814.2]}},{"type":"Feature","properties":{"elev":492},"geometry":{"type":"Point","coordinates":[778950.3,3609814.2]}},{"type":"Feature","properties":{"elev":486},"geometry":{"type":"Point","coordinates":[779889.7,3609814.2]}},{"type":"Feature","properties":{"elev":480},"geometry":{"type":"Point","coordinates":[780829.1,3609814.2]}},{"type":"Feature","properties":{"elev":492},"geometry":{"type":"Point","coordinates":[781768.5,3609814.2]}},{"type":"Feature","properties":{"elev":510},"geometry":{"type":"Point","coordinates":[782707.8,3609814.2]}},{"type":"Feature","properties":{"elev":538},"geometry":{"type":"Point","coordinates":[783647.2,3609814.2]}},{"type":"Feature","properties":{"elev":534},"geometry":{"type":"Point","coordinates":[784586.6,3609814.2]}},{"type":"Feature","properties":{"elev":547},"geometry":{"type":"Point","coordinates":[785526.0,3609814.2]}},{"type":"Feature","properties":{"elev":574},"geometry":{"type":"Point","coordinates":[786465.4,3609814.2]}},{"type":"Feature","properties":{"elev":590},"geometry":{"type":"Point","coordinates":[787404.8,3609814.2]}},{"type":"Feature","properties":{"elev":587},"geometry":{"type":"Point","coordinates":[788344.1,3609814.2]}},{"type":"Feature","properties":{"elev":571},"geometry":{"type":"Point","coordinates":[789283.5,3609814.2]}},{"type":"Feature","properties":{"elev":534},"geometry":{"type":"Point","coordinates":[790222.9,3609814.2]}},{"type":"Feature","properties":{"elev":529},"geometry":{"type":"Point","coordinates":[791162.3,3609814.2]}},{"type":"Feature","properties":{"elev":554},"geometry":{"type":"Point","coordinates":[792101.7,3609814.2]}},{"type":"Feature","properties":{"elev":521},"geometry":{"type":"Point","coordinates":[793041.1,3609814.2]}},{"type":"Feature","properties":{"elev":535},"geometry":{"type":"Point","coordinates":[793980.4,3609814.2]}},{"type":"Feature","properties":{"elev":559},"geometry":{"type":"Point","coordinates":[794919.8,3609814.2]}},{"type":"Feature","properties":{"elev":215},"geometry":{"type":"Point","coordinates":[734799.3,3608874.9]}},{"type":"Feature","properties":{"elev":256},"geometry":{"type":"Point","coordinates":[735738.6,3608874.9]}},{"type":"Feature","properties":{"elev":264},"geometry":{"type":"Point","coordinates":[736678.0,3608874.9]}},{"type":"Feature","properties":{"elev":-24},"geometry":{"type":"Point","coordinates":[737617.4,3608874.9]}},{"type":"Feature","properties":{"elev":-191},"geometry":{"type":"Point","coordinates":[738556.8,3608874.9]}},{"type":"Feature","properties":{"elev":-226},"geometry":{"type":"Point","coordinates":[739496.2,3608874.9]}},{"type":"Feature","properties":{"elev":-223},"geometry":{"type":"Point","coordinates":[740435.6,3608874.9]}},{"type":"Feature","properties":{"elev":-239},"geometry":{"type":"Point","coordinates":[741374.9,3608874.9]}},{"type":"Feature","properties":{"elev":-256},"geometry":{"type":"Point","coordinates":[742314.3,3608874.9]}},{"type":"Feature","properties":{"elev":-237},"geometry":{"type":"Point","coordinates":[743253.7,3608874.9]}},{"type":"Feature","properties":{"elev":-217},"geometry":{"type":"Point","coordinates":[744193.1,3608874.9]}},{"type":"Feature","properties":{"elev":-147},"geometry":{"type":"Point","coordinates":[745132.5,3608874.9]}},{"type":"Feature","properties":{"elev":11},"geometry":{"type":"Point","coordinates":[746071.9,3608874.9]}},{"type":"Feature","properties":{"elev":126},"geometry":{"type":"Point","coordinates":[747011.2,3608874.9]}},{"type":"Feature","properties":{"elev":185},"geometry":{"type":"Point","coordinates":[747950.6,3608874.9]}},{"type":"Feature","properties":{"elev":224},"geometry":{"type":"Point","coordinates":[748890.0,3608874.9]}},{"type":"Feature","properties":{"elev":198},"geometry":{"type":"Point","coordinates":[749829.4,3608874.9]}},{"type":"Feature","properties":{"elev":101},"geometry":{"type":"Point","coordinates":[750768.8,3608874.9]}},{"type":"Feature","properties":{"elev":155},"geometry":{"type":"Point","coordinates":[751708.2,3608874.9]}},{"type":"Feature","properties":{"elev":244},"geometry":{"type":"Point","coordinates":[752647.5,3608874.9]}},{"type":"Feature","properties":{"elev":300},"geometry":{"type":"Point","coordinates":[753586.9,3608874.9]}},{"type":"Feature","properties":{"elev":333},"geometry":{"type":"Point","coordinates":[754526.3,3608874.9]}},{"type":"Feature","properties":{"elev":327},"geometry":{"type":"Point","coordinates":[755465.7,3608874.9]}},{"type":"Feature","properties":{"elev":317},"geometry":{"type":"Point","coordinates":[756405.1,3608874.9]}},{"type":"Feature","properties":{"elev":351},"geometry":{"type":"Point","coordinates":[757344.5,3608874.9]}},{"type":"Feature","properties":{"elev":371},"geometry":{"type":"Point","coordinates":[758283.9,3608874.9]}},{"type":"Feature","properties":{"elev":377},"geometry":{"type":"Point","coordinates":[759223.2,3608874.9]}},{"type":"Feature","properties":{"elev":372},"geometry":{"type":"Point","coordinates":[760162.6,3608874.9]}},{"type":"Feature","properties":{"elev":355},"geometry":{"type":"Point","coordinates":[761102.0,3608874.9]}},{"type":"Feature","properties":{"elev":388},"geometry":{"type":"Point","coordinates":[762041.4,3608874.9]}},{"type":"Feature","properties":{"elev":437},"geometry":{"type":"Point","coordinates":[762980.8,3608874.9]}},{"type":"Feature","properties":{"elev":460},"geometry":{"type":"Point","coordinates":[763920.2,3608874.9]}},{"type":"Feature","properties":{"elev":479},"geometry":{"type":"Point","coordinates":[764859.5,3608874.9]}},{"type":"Feature","properties":{"elev":484},"geometry":{"type":"Point","coordinates":[765798.9,3608874.9]}},{"type":"Feature","properties":{"elev":497},"geometry":{"type":"Point","coordinates":[766738.3,3608874.9]}},{"type":"Feature","properties":{"elev":513},"geometry":{"type":"Point","coordinates":[767677.7,3608874.9]}},{"type":"Feature","properties":{"elev":530},"geometry":{"type":"Point","coordinates":[768617.1,3608874.9]}},{"type":"Feature","properties":{"elev":545},"geometry":{"type":"Point","coordinates":[769556.5,3608874.9]}},{"type":"Feature","properties":{"elev":531},"geometry":{"type":"Point","coordinates":[770495.8,3608874.9]}},{"type":"Feature","properties":{"elev":527},"geometry":{"type":"Point","coordinates":[771435.2,3608874.9]}},{"type":"Feature","properties":{"elev":525},"geometry":{"type":"Point","coordinates":[772374.6,3608874.9]}},{"type":"Feature","properties":{"elev":529},"geometry":{"type":"Point","coordinates":[773314.0,3608874.9]}},{"type":"Feature","properties":{"elev":545},"geometry":{"type":"Point","coordinates":[774253.4,3608874.9]}},{"type":"Feature","properties":{"elev":538},"geometry":{"type":"Point","coordinates":[775192.8,3608874.9]}},{"type":"Feature","properties":{"elev":497},"geometry":{"type":"Point","coordinates":[776132.1,3608874.9]}},{"type":"Feature","properties":{"elev":428},"geometry":{"type":"Point","coordinates":[777071.5,3608874.9]}},{"type":"Feature","properties":{"elev":495},"geometry":{"type":"Point","coordinates":[778010.9,3608874.9]}},{"type":"Feature","properties":{"elev":523},"geometry":{"type":"Point","coordinates":[778950.3,3608874.9]}},{"type":"Feature","properties":{"elev":502},"geometry":{"type":"Point","coordinates":[779889.7,3608874.9]}},{"type":"Feature","properties":{"elev":493},"geometry":{"type":"Point","coordinates":[780829.1,3608874.9]}},{"type":"Feature","properties":{"elev":502},"geometry":{"type":"Point","coordinates":[781768.5,3608874.9]}},{"type":"Feature","properties":{"elev":523},"geometry":{"type":"Point","coordinates":[782707.8,3608874.9]}},{"type":"Feature","properties":{"elev":548},"geometry":{"type":"Point","coordinates":[783647.2,3608874.9]}},{"type":"Feature","properties":{"elev":514},"geometry":{"type":"Point","coordinates":[784586.6,3608874.9]}},{"type":"Feature","properties":{"elev":531},"geometry":{"type":"Point","coordinates":[785526.0,3608874.9]}},{"type":"Feature","properties":{"elev":564},"geometry":{"type":"Point","coordinates":[786465.4,3608874.9]}},{"type":"Feature","properties":{"elev":602},"geometry":{"type":"Point","coordinates":[787404.8,3608874.9]}},{"type":"Feature","properties":{"elev":589},"geometry":{"type":"Point","coordinates":[788344.1,3608874.9]}},{"type":"Feature","properties":{"elev":563},"geometry":{"type":"Point","coordinates":[789283.5,3608874.9]}},{"type":"Feature","properties":{"elev":552},"geometry":{"type":"Point","coordinates":[790222.9,3608874.9]}},{"type":"Feature","properties":{"elev":543},"geometry":{"type":"Point","coordinates":[791162.3,3608874.9]}},{"type":"Feature","properties":{"elev":584},"geometry":{"type":"Point","coordinates":[792101.7,3608874.9]}},{"type":"Feature","properties":{"elev":548},"geometry":{"type":"Point","coordinates":[793041.1,3608874.9]}},{"type":"Feature","properties":{"elev":553},"geometry":{"type":"Point","coordinates":[793980.4,3608874.9]}},{"type":"Feature","properties":{"elev":580},"geometry":{"type":"Point","coordinates":[794919.8,3608874.9]}},{"type":"Feature","properties":{"elev":166},"geometry":{"type":"Point","coordinates":[734799.3,3607935.6]}},{"type":"Feature","properties":{"elev":192},"geometry":{"type":"Point","coordinates":[735738.6,3607935.6]}},{"type":"Feature","properties":{"elev":226},"geometry":{"type":"Point","coordinates":[736678.0,3607935.6]}},{"type":"Feature","properties":{"elev":13},"geometry":{"type":"Point","coordinates":[737617.4,3607935.6]}},{"type":"Feature","properties":{"elev":-157},"geometry":{"type":"Point","coordinates":[738556.8,3607935.6]}},{"type":"Feature","properties":{"elev":-223},"geometry":{"type":"Point","coordinates":[739496.2,3607935.6]}},{"type":"Feature","properties":{"elev":-226},"geometry":{"type":"Point","coordinates":[740435.6,3607935.6]}},{"type":"Feature","properties":{"elev":-263},"geometry":{"type":"Point","coordinates":[741374.9,3607935.6]}},{"type":"Feature","properties":{"elev":-264},"geometry":{"type":"Point","coordinates":[742314.3,3607935.6]}},{"type":"Feature","properties":{"elev":-238},"geometry":{"type":"Point","coordinates":[743253.7,3607935.6]}},{"type":"Feature","properties":{"elev":-218},"geometry":{"type":"Point","coordinates":[744193.1,3607935.6]}},{"type":"Feature","properties":{"elev":-162},"geometry":{"type":"Point","coordinates":[745132.5,3607935.6]}},{"type":"Feature","properties":{"elev":-68},"geometry":{"type":"Point","coordinates":[746071.9,3607935.6]}},{"type":"Feature","properties":{"elev":91},"geometry":{"type":"Point","coordinates":[747011.2,3607935.6]}},{"type":"Feature","properties":{"elev":194},"geometry":{"type":"Point","coordinates":[747950.6,3607935.6]}},{"type":"Feature","properties":{"elev":222},"geometry":{"type":"Point","coordinates":[748890.0,3607935.6]}},{"type":"Feature","properties":{"elev":243},"geometry":{"type":"Point","coordinates":[749829.4,3607935.6]}},{"type":"Feature","properties":{"elev":294},"geometry":{"type":"Point","coordinates":[750768.8,3607935.6]}},{"type":"Feature","properties":{"elev":309},"geometry":{"type":"Point","coordinates":[751708.2,3607935.6]}},{"type":"Feature","properties":{"elev":133},"geometry":{"type":"Point","coordinates":[752647.5,3607935.6]}},{"type":"Feature","properties":{"elev":166},"geometry":{"type":"Point","coordinates":[753586.9,3607935.6]}},{"type":"Feature","properties":{"elev":269},"geometry":{"type":"Point","coordinates":[754526.3,3607935.6]}},{"type":"Feature","properties":{"elev":302},"geometry":{"type":"Point","coordinates":[755465.7,3607935.6]}},{"type":"Feature","properties":{"elev":366},"geometry":{"type":"Point","coordinates":[756405.1,3607935.6]}},{"type":"Feature","properties":{"elev":363},"geometry":{"type":"Point","coordinates":[757344.5,3607935.6]}},{"type":"Feature","properties":{"elev":358},"geometry":{"type":"Point","coordinates":[758283.9,3607935.6]}},{"type":"Feature","properties":{"elev":391},"geometry":{"type":"Point","coordinates":[759223.2,3607935.6]}},{"type":"Feature","properties":{"elev":401},"geometry":{"type":"Point","coordinates":[760162.6,3607935.6]}},{"type":"Feature","properties":{"elev":412},"geometry":{"type":"Point","coordinates":[761102.0,3607935.6]}},{"type":"Feature","properties":{"elev":444},"geometry":{"type":"Point","coordinates":[762041.4,3607935.6]}},{"type":"Feature","properties":{"elev":463},"geometry":{"type":"Point","coordinates":[762980.8,3607935.6]}},{"type":"Feature","properties":{"elev":387},"geometry":{"type":"Point","coordinates":[763920.2,3607935.6]}},{"type":"Feature","properties":{"elev":510},"geometry":{"type":"Point","coordinates":[764859.5,3607935.6]}},{"type":"Feature","properties":{"elev":486},"geometry":{"type":"Point","coordinates":[765798.9,3607935.6]}},{"type":"Feature","properties":{"elev":478},"geometry":{"type":"Point","coordinates":[766738.3,3607935.6]}},{"type":"Feature","properties":{"elev":503},"geometry":{"type":"Point","coordinates":[767677.7,3607935.6]}},{"type":"Feature","properties":{"elev":557},"geometry":{"type":"Point","coordinates":[768617.1,3607935.6]}},{"type":"Feature","properties":{"elev":540},"geometry":{"type":"Point","coordinates":[769556.5,3607935.6]}},{"type":"Feature","properties":{"elev":538},"geometry":{"type":"Point","coordinates":[770495.8,3607935.6]}},{"type":"Feature","properties":{"elev":533},"geometry":{"type":"Point","coordinates":[771435.2,3607935.6]}},{"type":"Feature","properties":{"elev":539},"geometry":{"type":"Point","coordinates":[772374.6,3607935.6]}},{"type":"Feature","properties":{"elev":545},"geometry":{"type":"Point","coordinates":[773314.0,3607935.6]}},{"type":"Feature","properties":{"elev":561},"geometry":{"type":"Point","coordinates":[774253.4,3607935.6]}},{"type":"Feature","properties":{"elev":506},"geometry":{"type":"Point","coordinates":[775192.8,3607935.6]}},{"type":"Feature","properties":{"elev":467},"geometry":{"type":"Point","coordinates":[776132.1,3607935.6]}},{"type":"Feature","properties":{"elev":505},"geometry":{"type":"Point","coordinates":[777071.5,3607935.6]}},{"type":"Feature","properties":{"elev":510},"geometry":{"type":"Point","coordinates":[778010.9,3607935.6]}},{"type":"Feature","properties":{"elev":522},"geometry":{"type":"Point","coordinates":[778950.3,3607935.6]}},{"type":"Feature","properties":{"elev":518},"geometry":{"type":"Point","coordinates":[779889.7,3607935.6]}},{"type":"Feature","properties":{"elev":504},"geometry":{"type":"Point","coordinates":[780829.1,3607935.6]}},{"type":"Feature","properties":{"elev":497},"geometry":{"type":"Point","coordinates":[781768.5,3607935.6]}},{"type":"Feature","properties":{"elev":513},"geometry":{"type":"Point","coordinates":[782707.8,3607935.6]}},{"type":"Feature","properties":{"elev":510},"geometry":{"type":"Point","coordinates":[783647.2,3607935.6]}},{"type":"Feature","properties":{"elev":514},"geometry":{"type":"Point","coordinates":[784586.6,3607935.6]}},{"type":"Feature","properties":{"elev":526},"geometry":{"type":"Point","coordinates":[785526.0,3607935.6]}},{"type":"Feature","properties":{"elev":541},"geometry":{"type":"Point","coordinates":[786465.4,3607935.6]}},{"type":"Feature","properties":{"elev":571},"geometry":{"type":"Point","coordinates":[787404.8,3607935.6]}},{"type":"Feature","properties":{"elev":584},"geometry":{"type":"Point","coordinates":[788344.1,3607935.6]}},{"type":"Feature","properties":{"elev":591},"geometry":{"type":"Point","coordinates":[789283.5,3607935.6]}},{"type":"Feature","properties":{"elev":571},"geometry":{"type":"Point","coordinates":[790222.9,3607935.6]}},{"type":"Feature","properties":{"elev":562},"geometry":{"type":"Point","coordinates":[791162.3,3607935.6]}},{"type":"Feature","properties":{"elev":591},"geometry":{"type":"Point","coordinates":[792101.7,3607935.6]}},{"type":"Feature","properties":{"elev":574},"geometry":{"type":"Point","coordinates":[793041.1,3607935.6]}},{"type":"Feature","properties":{"elev":564},"geometry":{"type":"Point","coordinates":[793980.4,3607935.6]}},{"type":"Feature","properties":{"elev":611},"geometry":{"type":"Point","coordinates":[794919.8,3607935.6]}},{"type":"Feature","properties":{"elev":114},"geometry":{"type":"Point","coordinates":[734799.3,3606996.3]}},{"type":"Feature","properties":{"elev":141},"geometry":{"type":"Point","coordinates":[735738.6,3606996.3]}},{"type":"Feature","properties":{"elev":177},"geometry":{"type":"Point","coordinates":[736678.0,3606996.3]}},{"type":"Feature","properties":{"elev":106},"geometry":{"type":"Point","coordinates":[737617.4,3606996.3]}},{"type":"Feature","properties":{"elev":-89},"geometry":{"type":"Point","coordinates":[738556.8,3606996.3]}},{"type":"Feature","properties":{"elev":-212},"geometry":{"type":"Point","coordinates":[739496.2,3606996.3]}},{"type":"Feature","properties":{"elev":-229},"geometry":{"type":"Point","coordinates":[740435.6,3606996.3]}},{"type":"Feature","properties":{"elev":-269},"geometry":{"type":"Point","coordinates":[741374.9,3606996.3]}},{"type":"Feature","properties":{"elev":-268},"geometry":{"type":"Point","coordinates":[742314.3,3606996.3]}},{"type":"Feature","properties":{"elev":-254},"geometry":{"type":"Point","coordinates":[743253.7,3606996.3]}},{"type":"Feature","properties":{"elev":-234},"geometry":{"type":"Point","coordinates":[744193.1,3606996.3]}},{"type":"Feature","properties":{"elev":-183},"geometry":{"type":"Point","coordinates":[745132.5,3606996.3]}},{"type":"Feature","properties":{"elev":-56},"geometry":{"type":"Point","coordinates":[746071.9,3606996.3]}},{"type":"Feature","properties":{"elev":51},"geometry":{"type":"Point","coordinates":[747011.2,3606996.3]}},{"type":"Feature","properties":{"elev":140},"geometry":{"type":"Point","coordinates":[747950.6,3606996.3]}},{"type":"Feature","properties":{"elev":213},"geometry":{"type":"Point","coordinates":[748890.0,3606996.3]}},{"type":"Feature","properties":{"elev":249},"geometry":{"type":"Point","coordinates":[749829.4,3606996.3]}},{"type":"Feature","properties":{"elev":306},"geometry":{"type":"Point","coordinates":[750768.8,3606996.3]}},{"type":"Feature","properties":{"elev":316},"geometry":{"type":"Point","coordinates":[751708.2,3606996.3]}},{"type":"Feature","properties":{"elev":318},"geometry":{"type":"Point","coordinates":[752647.5,3606996.3]}},{"type":"Feature","properties":{"elev":175},"geometry":{"type":"Point","coordinates":[753586.9,3606996.3]}},{"type":"Feature","properties":{"elev":344},"geometry":{"type":"Point","coordinates":[754526.3,3606996.3]}},{"type":"Feature","properties":{"elev":332},"geometry":{"type":"Point","coordinates":[755465.7,3606996.3]}},{"type":"Feature","properties":{"elev":382},"geometry":{"type":"Point","coordinates":[756405.1,3606996.3]}},{"type":"Feature","properties":{"elev":371},"geometry":{"type":"Point","coordinates":[757344.5,3606996.3]}},{"type":"Feature","properties":{"elev":380},"geometry":{"type":"Point","coordinates":[758283.9,3606996.3]}},{"type":"Feature","properties":{"elev":415},"geometry":{"type":"Point","coordinates":[759223.2,3606996.3]}},{"type":"Feature","properties":{"elev":410},"geometry":{"type":"Point","coordinates":[760162.6,3606996.3]}},{"type":"Feature","properties":{"elev":432},"geometry":{"type":"Point","coordinates":[761102.0,3606996.3]}},{"type":"Feature","properties":{"elev":447},"geometry":{"type":"Point","coordinates":[762041.4,3606996.3]}},{"type":"Feature","properties":{"elev":483},"geometry":{"type":"Point","coordinates":[762980.8,3606996.3]}},{"type":"Feature","properties":{"elev":411},"geometry":{"type":"Point","coordinates":[763920.2,3606996.3]}},{"type":"Feature","properties":{"elev":509},"geometry":{"type":"Point","coordinates":[764859.5,3606996.3]}},{"type":"Feature","properties":{"elev":499},"geometry":{"type":"Point","coordinates":[765798.9,3606996.3]}},{"type":"Feature","properties":{"elev":507},"geometry":{"type":"Point","coordinates":[766738.3,3606996.3]}},{"type":"Feature","properties":{"elev":511},"geometry":{"type":"Point","coordinates":[767677.7,3606996.3]}},{"type":"Feature","properties":{"elev":562},"geometry":{"type":"Point","coordinates":[768617.1,3606996.3]}},{"type":"Feature","properties":{"elev":559},"geometry":{"type":"Point","coordinates":[769556.5,3606996.3]}},{"type":"Feature","properties":{"elev":555},"geometry":{"type":"Point","coordinates":[770495.8,3606996.3]}},{"type":"Feature","properties":{"elev":548},"geometry":{"type":"Point","coordinates":[771435.2,3606996.3]}},{"type":"Feature","properties":{"elev":552},"geometry":{"type":"Point","coordinates":[772374.6,3606996.3]}},{"type":"Feature","properties":{"elev":564},"geometry":{"type":"Point","coordinates":[773314.0,3606996.3]}},{"type":"Feature","properties":{"elev":530},"geometry":{"type":"Point","coordinates":[774253.4,3606996.3]}},{"type":"Feature","properties":{"elev":464},"geometry":{"type":"Point","coordinates":[775192.8,3606996.3]}},{"type":"Feature","properties":{"elev":478},"geometry":{"type":"Point","coordinates":[776132.1,3606996.3]}},{"type":"Feature","properties":{"elev":527},"geometry":{"type":"Point","coordinates":[777071.5,3606996.3]}},{"type":"Feature","properties":{"elev":547},"geometry":{"type":"Point","coordinates":[778010.9,3606996.3]}},{"type":"Feature","properties":{"elev":535},"geometry":{"type":"Point","coordinates":[778950.3,3606996.3]}},{"type":"Feature","properties":{"elev":524},"geometry":{"type":"Point","coordinates":[779889.7,3606996.3]}},{"type":"Feature","properties":{"elev":513},"geometry":{"type":"Point","coordinates":[780829.1,3606996.3]}},{"type":"Feature","properties":{"elev":511},"geometry":{"type":"Point","coordinates":[781768.5,3606996.3]}},{"type":"Feature","properties":{"elev":520},"geometry":{"type":"Point","coordinates":[782707.8,3606996.3]}},{"type":"Feature","properties":{"elev":503},"geometry":{"type":"Point","coordinates":[783647.2,3606996.3]}},{"type":"Feature","properties":{"elev":510},"geometry":{"type":"Point","coordinates":[784586.6,3606996.3]}},{"type":"Feature","properties":{"elev":522},"geometry":{"type":"Point","coordinates":[785526.0,3606996.3]}},{"type":"Feature","properties":{"elev":535},"geometry":{"type":"Point","coordinates":[786465.4,3606996.3]}},{"type":"Feature","properties":{"elev":556},"geometry":{"type":"Point","coordinates":[787404.8,3606996.3]}},{"type":"Feature","properties":{"elev":610},"geometry":{"type":"Point","coordinates":[788344.1,3606996.3]}},{"type":"Feature","properties":{"elev":581},"geometry":{"type":"Point","coordinates":[789283.5,3606996.3]}},{"type":"Feature","properties":{"elev":562},"geometry":{"type":"Point","coordinates":[790222.9,3606996.3]}},{"type":"Feature","properties":{"elev":561},"geometry":{"type":"Point","coordinates":[791162.3,3606996.3]}},{"type":"Feature","properties":{"elev":598},"geometry":{"type":"Point","coordinates":[792101.7,3606996.3]}},{"type":"Feature","properties":{"elev":590},"geometry":{"type":"Point","coordinates":[793041.1,3606996.3]}},{"type":"Feature","properties":{"elev":563},"geometry":{"type":"Point","coordinates":[793980.4,3606996.3]}},{"type":"Feature","properties":{"elev":602},"geometry":{"type":"Point","coordinates":[794919.8,3606996.3]}},{"type":"Feature","properties":{"elev":48},"geometry":{"type":"Point","coordinates":[734799.3,3606057.0]}},{"type":"Feature","properties":{"elev":95},"geometry":{"type":"Point","coordinates":[735738.6,3606057.0]}},{"type":"Feature","properties":{"elev":148},"geometry":{"type":"Point","coordinates":[736678.0,3606057.0]}},{"type":"Feature","properties":{"elev":108},"geometry":{"type":"Point","coordinates":[737617.4,3606057.0]}},{"type":"Feature","properties":{"elev":-103},"geometry":{"type":"Point","coordinates":[738556.8,3606057.0]}},{"type":"Feature","properties":{"elev":-219},"geometry":{"type":"Point","coordinates":[739496.2,3606057.0]}},{"type":"Feature","properties":{"elev":-236},"geometry":{"type":"Point","coordinates":[740435.6,3606057.0]}},{"type":"Feature","properties":{"elev":-270},"geometry":{"type":"Point","coordinates":[741374.9,3606057.0]}},{"type":"Feature","properties":{"elev":-267},"geometry":{"type":"Point","coordinates":[742314.3,3606057.0]}},{"type":"Feature","properties":{"elev":-251},"geometry":{"type":"Point","coordinates":[743253.7,3606057.0]}},{"type":"Feature","properties":{"elev":-236},"geometry":{"type":"Point","coordinates":[744193.1,3606057.0]}},{"type":"Feature","properties":{"elev":-200},"geometry":{"type":"Point","coordinates":[745132.5,3606057.0]}},{"type":"Feature","properties":{"elev":-75},"geometry":{"type":"Point","coordinates":[746071.9,3606057.0]}},{"type":"Feature","properties":{"elev":89},"geometry":{"type":"Point","coordinates":[747011.2,3606057.0]}},{"type":"Feature","properties":{"elev":178},"geometry":{"type":"Point","coordinates":[747950.6,3606057.0]}},{"type":"Feature","properties":{"elev":145},"geometry":{"type":"Point","coordinates":[748890.0,3606057.0]}},{"type":"Feature","properties":{"elev":114},"geometry":{"type":"Point","coordinates":[749829.4,3606057.0]}},{"type":"Feature","properties":{"elev":161},"geometry":{"type":"Point","coordinates":[750768.8,3606057.0]}},{"type":"Feature","properties":{"elev":281},"geometry":{"type":"Point","coordinates":[751708.2,3606057.0]}},{"type":"Feature","properties":{"elev":295},"geometry":{"type":"Point","coordinates":[752647.5,3606057.0]}},{"type":"Feature","properties":{"elev":325},"geometry":{"type":"Point","coordinates":[753586.9,3606057.0]}},{"type":"Feature","properties":{"elev":265},"geometry":{"type":"Point","coordinates":[754526.3,3606057.0]}},{"type":"Feature","properties":{"elev":345},"geometry":{"type":"Point","coordinates":[755465.7,3606057.0]}},{"type":"Feature","properties":{"elev":349},"geometry":{"type":"Point","coordinates":[756405.1,3606057.0]}},{"type":"Feature","properties":{"elev":377},"geometry":{"type":"Point","coordinates":[757344.5,3606057.0]}},{"type":"Feature","properties":{"elev":393},"geometry":{"type":"Point","coordinates":[758283.9,3606057.0]}},{"type":"Feature","properties":{"elev":418},"geometry":{"type":"Point","coordinates":[759223.2,3606057.0]}},{"type":"Feature","properties":{"elev":445},"geometry":{"type":"Point","coordinates":[760162.6,3606057.0]}},{"type":"Feature","properties":{"elev":446},"geometry":{"type":"Point","coordinates":[761102.0,3606057.0]}},{"type":"Feature","properties":{"elev":506},"geometry":{"type":"Point","coordinates":[762041.4,3606057.0]}},{"type":"Feature","properties":{"elev":531},"geometry":{"type":"Point","coordinates":[762980.8,3606057.0]}},{"type":"Feature","properties":{"elev":511},"geometry":{"type":"Point","coordinates":[763920.2,3606057.0]}},{"type":"Feature","properties":{"elev":507},"geometry":{"type":"Point","coordinates":[764859.5,3606057.0]}},{"type":"Feature","properties":{"elev":530},"geometry":{"type":"Point","coordinates":[765798.9,3606057.0]}},{"type":"Feature","properties":{"elev":555},"geometry":{"type":"Point","coordinates":[766738.3,3606057.0]}},{"type":"Feature","properties":{"elev":565},"geometry":{"type":"Point","coordinates":[767677.7,3606057.0]}},{"type":"Feature","properties":{"elev":568},"geometry":{"type":"Point","coordinates":[768617.1,3606057.0]}},{"type":"Feature","properties":{"elev":558},"geometry":{"type":"Point","coordinates":[769556.5,3606057.0]}},{"type":"Feature","properties":{"elev":565},"geometry":{"type":"Point","coordinates":[770495.8,3606057.0]}},{"type":"Feature","properties":{"elev":559},"geometry":{"type":"Point","coordinates":[771435.2,3606057.0]}},{"type":"Feature","properties":{"elev":509},"geometry":{"type":"Point","coordinates":[772374.6,3606057.0]}},{"type":"Feature","properties":{"elev":499},"geometry":{"type":"Point","coordinates":[773314.0,3606057.0]}},{"type":"Feature","properties":{"elev":491},"geometry":{"type":"Point","coordinates":[774253.4,3606057.0]}},{"type":"Feature","properties":{"elev":479},"geometry":{"type":"Point","coordinates":[775192.8,3606057.0]}},{"type":"Feature","properties":{"elev":504},"geometry":{"type":"Point","coordinates":[776132.1,3606057.0]}},{"type":"Feature","properties":{"elev":504},"geometry":{"type":"Point","coordinates":[777071.5,3606057.0]}},{"type":"Feature","properties":{"elev":519},"geometry":{"type":"Point","coordinates":[778010.9,3606057.0]}},{"type":"Feature","properties":{"elev":524},"geometry":{"type":"Point","coordinates":[778950.3,3606057.0]}},{"type":"Feature","properties":{"elev":511},"geometry":{"type":"Point","coordinates":[779889.7,3606057.0]}},{"type":"Feature","properties":{"elev":521},"geometry":{"type":"Point","coordinates":[780829.1,3606057.0]}},{"type":"Feature","properties":{"elev":523},"geometry":{"type":"Point","coordinates":[781768.5,3606057.0]}},{"type":"Feature","properties":{"elev":527},"geometry":{"type":"Point","coordinates":[782707.8,3606057.0]}},{"type":"Feature","properties":{"elev":511},"geometry":{"type":"Point","coordinates":[783647.2,3606057.0]}},{"type":"Feature","properties":{"elev":510},"geometry":{"type":"Point","coordinates":[784586.6,3606057.0]}},{"type":"Feature","properties":{"elev":529},"geometry":{"type":"Point","coordinates":[785526.0,3606057.0]}},{"type":"Feature","properties":{"elev":541},"geometry":{"type":"Point","coordinates":[786465.4,3606057.0]}},{"type":"Feature","properties":{"elev":549},"geometry":{"type":"Point","coordinates":[787404.8,3606057.0]}},{"type":"Feature","properties":{"elev":588},"geometry":{"type":"Point","coordinates":[788344.1,3606057.0]}},{"type":"Feature","properties":{"elev":592},"geometry":{"type":"Point","coordinates":[789283.5,3606057.0]}},{"type":"Feature","properties":{"elev":590},"geometry":{"type":"Point","coordinates":[790222.9,3606057.0]}},{"type":"Feature","properties":{"elev":580},"geometry":{"type":"Point","coordinates":[791162.3,3606057.0]}},{"type":"Feature","properties":{"elev":625},"geometry":{"type":"Point","coordinates":[792101.7,3606057.0]}},{"type":"Feature","properties":{"elev":621},"geometry":{"type":"Point","coordinates":[793041.1,3606057.0]}},{"type":"Feature","properties":{"elev":628},"geometry":{"type":"Point","coordinates":[793980.4,3606057.0]}},{"type":"Feature","properties":{"elev":612},"geometry":{"type":"Point","coordinates":[794919.8,3606057.0]}},{"type":"Feature","properties":{"elev":-78},"geometry":{"type":"Point","coordinates":[734799.3,3605117.6]}},{"type":"Feature","properties":{"elev":19},"geometry":{"type":"Point","coordinates":[735738.6,3605117.6]}},{"type":"Feature","properties":{"elev":-47},"geometry":{"type":"Point","coordinates":[736678.0,3605117.6]}},{"type":"Feature","properties":{"elev":-6},"geometry":{"type":"Point","coordinates":[737617.4,3605117.6]}},{"type":"Feature","properties":{"elev":-205},"geometry":{"type":"Point","coordinates":[738556.8,3605117.6]}},{"type":"Feature","properties":{"elev":-229},"geometry":{"type":"Point","coordinates":[739496.2,3605117.6]}},{"type":"Feature","properties":{"elev":-242},"geometry":{"type":"Point","coordinates":[740435.6,3605117.6]}},{"type":"Feature","properties":{"elev":-274},"geometry":{"type":"Point","coordinates":[741374.9,3605117.6]}},{"type":"Feature","properties":{"elev":-270},"geometry":{"type":"Point","coordinates":[742314.3,3605117.6]}},{"type":"Feature","properties":{"elev":-239},"geometry":{"type":"Point","coordinates":[743253.7,3605117.6]}},{"type":"Feature","properties":{"elev":-228},"geometry":{"type":"Point","coordinates":[744193.1,3605117.6]}},{"type":"Feature","properties":{"elev":-163},"geometry":{"type":"Point","coordinates":[745132.5,3605117.6]}},{"type":"Feature","properties":{"elev":-118},"geometry":{"type":"Point","coordinates":[746071.9,3605117.6]}},{"type":"Feature","properties":{"elev":-3},"geometry":{"type":"Point","coordinates":[747011.2,3605117.6]}},{"type":"Feature","properties":{"elev":43},"geometry":{"type":"Point","coordinates":[747950.6,3605117.6]}},{"type":"Feature","properties":{"elev":207},"geometry":{"type":"Point","coordinates":[748890.0,3605117.6]}},{"type":"Feature","properties":{"elev":272},"geometry":{"type":"Point","coordinates":[749829.4,3605117.6]}},{"type":"Feature","properties":{"elev":305},"geometry":{"type":"Point","coordinates":[750768.8,3605117.6]}},{"type":"Feature","properties":{"elev":320},"geometry":{"type":"Point","coordinates":[751708.2,3605117.6]}},{"type":"Feature","properties":{"elev":342},"geometry":{"type":"Point","coordinates":[752647.5,3605117.6]}},{"type":"Feature","properties":{"elev":360},"geometry":{"type":"Point","coordinates":[753586.9,3605117.6]}},{"type":"Feature","properties":{"elev":368},"geometry":{"type":"Point","coordinates":[754526.3,3605117.6]}},{"type":"Feature","properties":{"elev":294},"geometry":{"type":"Point","coordinates":[755465.7,3605117.6]}},{"type":"Feature","properties":{"elev":392},"geometry":{"type":"Point","coordinates":[756405.1,3605117.6]}},{"type":"Feature","properties":{"elev":337},"geometry":{"type":"Point","coordinates":[757344.5,3605117.6]}},{"type":"Feature","properties":{"elev":404},"geometry":{"type":"Point","coordinates":[758283.9,3605117.6]}},{"type":"Feature","properties":{"elev":435},"geometry":{"type":"Point","coordinates":[759223.2,3605117.6]}},{"type":"Feature","properties":{"elev":462},"geometry":{"type":"Point","coordinates":[760162.6,3605117.6]}},{"type":"Feature","properties":{"elev":500},"geometry":{"type":"Point","coordinates":[761102.0,3605117.6]}},{"type":"Feature","properties":{"elev":528},"geometry":{"type":"Point","coordinates":[762041.4,3605117.6]}},{"type":"Feature","properties":{"elev":548},"geometry":{"type":"Point","coordinates":[762980.8,3605117.6]}},{"type":"Feature","properties":{"elev":551},"geometry":{"type":"Point","coordinates":[763920.2,3605117.6]}},{"type":"Feature","properties":{"elev":564},"geometry":{"type":"Point","coordinates":[764859.5,3605117.6]}},{"type":"Feature","properties":{"elev":500},"geometry":{"type":"Point","coordinates":[765798.9,3605117.6]}},{"type":"Feature","properties":{"elev":554},"geometry":{"type":"Point","coordinates":[766738.3,3605117.6]}},{"type":"Feature","properties":{"elev":567},"geometry":{"type":"Point","coordinates":[767677.7,3605117.6]}},{"type":"Feature","properties":{"elev":573},"geometry":{"type":"Point","coordinates":[768617.1,3605117.6]}},{"type":"Feature","properties":{"elev":560},"geometry":{"type":"Point","coordinates":[769556.5,3605117.6]}},{"type":"Feature","properties":{"elev":562},"geometry":{"type":"Point","coordinates":[770495.8,3605117.6]}},{"type":"Feature","properties":{"elev":542},"geometry":{"type":"Point","coordinates":[771435.2,3605117.6]}},{"type":"Feature","properties":{"elev":530},"geometry":{"type":"Point","coordinates":[772374.6,3605117.6]}},{"type":"Feature","properties":{"elev":531},"geometry":{"type":"Point","coordinates":[773314.0,3605117.6]}},{"type":"Feature","properties":{"elev":500},"geometry":{"type":"Point","coordinates":[774253.4,3605117.6]}},{"type":"Feature","properties":{"elev":514},"geometry":{"type":"Point","coordinates":[775192.8,3605117.6]}},{"type":"Feature","properties":{"elev":518},"geometry":{"type":"Point","coordinates":[776132.1,3605117.6]}},{"type":"Feature","properties":{"elev":537},"geometry":{"type":"Point","coordinates":[777071.5,3605117.6]}},{"type":"Feature","properties":{"elev":512},"geometry":{"type":"Point","coordinates":[778010.9,3605117.6]}},{"type":"Feature","properties":{"elev":528},"geometry":{"type":"Point","coordinates":[778950.3,3605117.6]}},{"type":"Feature","properties":{"elev":526},"geometry":{"type":"Point","coordinates":[779889.7,3605117.6]}},{"type":"Feature","properties":{"elev":529},"geometry":{"type":"Point","coordinates":[780829.1,3605117.6]}},{"type":"Feature","properties":{"elev":525},"geometry":{"type":"Point","coordinates":[781768.5,3605117.6]}},{"type":"Feature","properties":{"elev":524},"geometry":{"type":"Point","coordinates":[782707.8,3605117.6]}},{"type":"Feature","properties":{"elev":517},"geometry":{"type":"Point","coordinates":[783647.2,3605117.6]}},{"type":"Feature","properties":{"elev":519},"geometry":{"type":"Point","coordinates":[784586.6,3605117.6]}},{"type":"Feature","properties":{"elev":531},"geometry":{"type":"Point","coordinates":[785526.0,3605117.6]}},{"type":"Feature","properties":{"elev":543},"geometry":{"type":"Point","coordinates":[786465.4,3605117.6]}},{"type":"Feature","properties":{"elev":554},"geometry":{"type":"Point","coordinates":[787404.8,3605117.6]}},{"type":"Feature","properties":{"elev":594},"geometry":{"type":"Point","coordinates":[788344.1,3605117.6]}},{"type":"Feature","properties":{"elev":622},"geometry":{"type":"Point","coordinates":[789283.5,3605117.6]}},{"type":"Feature","properties":{"elev":597},"geometry":{"type":"Point","coordinates":[790222.9,3605117.6]}},{"type":"Feature","properties":{"elev":586},"geometry":{"type":"Point","coordinates":[791162.3,3605117.6]}},{"type":"Feature","properties":{"elev":619},"geometry":{"type":"Point","coordinates":[792101.7,3605117.6]}},{"type":"Feature","properties":{"elev":637},"geometry":{"type":"Point","coordinates":[793041.1,3605117.6]}},{"type":"Feature","properties":{"elev":626},"geometry":{"type":"Point","coordinates":[793980.4,3605117.6]}},{"type":"Feature","properties":{"elev":634},"geometry":{"type":"Point","coordinates":[794919.8,3605117.6]}},{"type":"Feature","properties":{"elev":5},"geometry":{"type":"Point","coordinates":[734799.3,3604178.3]}},{"type":"Feature","properties":{"elev":-109},"geometry":{"type":"Point","coordinates":[735738.6,3604178.3]}},{"type":"Feature","properties":{"elev":-158},"geometry":{"type":"Point","coordinates":[736678.0,3604178.3]}},{"type":"Feature","properties":{"elev":-194},"geometry":{"type":"Point","coordinates":[737617.4,3604178.3]}},{"type":"Feature","properties":{"elev":-225},"geometry":{"type":"Point","coordinates":[738556.8,3604178.3]}},{"type":"Feature","properties":{"elev":-241},"geometry":{"type":"Point","coordinates":[739496.2,3604178.3]}},{"type":"Feature","properties":{"elev":-260},"geometry":{"type":"Point","coordinates":[740435.6,3604178.3]}},{"type":"Feature","properties":{"elev":-275},"geometry":{"type":"Point","coordinates":[741374.9,3604178.3]}},{"type":"Feature","properties":{"elev":-257},"geometry":{"type":"Point","coordinates":[742314.3,3604178.3]}},{"type":"Feature","properties":{"elev":-232},"geometry":{"type":"Point","coordinates":[743253.7,3604178.3]}},{"type":"Feature","properties":{"elev":-209},"geometry":{"type":"Point","coordinates":[744193.1,3604178.3]}},{"type":"Feature","properties":{"elev":-175},"geometry":{"type":"Point","coordinates":[745132.5,3604178.3]}},{"type":"Feature","properties":{"elev":-103},"geometry":{"type":"Point","coordinates":[746071.9,3604178.3]}},{"type":"Feature","properties":{"elev":117},"geometry":{"type":"Point","coordinates":[747011.2,3604178.3]}},{"type":"Feature","properties":{"elev":192},"geometry":{"type":"Point","coordinates":[747950.6,3604178.3]}},{"type":"Feature","properties":{"elev":201},"geometry":{"type":"Point","coordinates":[748890.0,3604178.3]}},{"type":"Feature","properties":{"elev":270},"geometry":{"type":"Point","coordinates":[749829.4,3604178.3]}},{"type":"Feature","properties":{"elev":300},"geometry":{"type":"Point","coordinates":[750768.8,3604178.3]}},{"type":"Feature","properties":{"elev":311},"geometry":{"type":"Point","coordinates":[751708.2,3604178.3]}},{"type":"Feature","properties":{"elev":298},"geometry":{"type":"Point","coordinates":[752647.5,3604178.3]}},{"type":"Feature","properties":{"elev":337},"geometry":{"type":"Point","coordinates":[753586.9,3604178.3]}},{"type":"Feature","properties":{"elev":369},"geometry":{"type":"Point","coordinates":[754526.3,3604178.3]}},{"type":"Feature","properties":{"elev":375},"geometry":{"type":"Point","coordinates":[755465.7,3604178.3]}},{"type":"Feature","properties":{"elev":329},"geometry":{"type":"Point","coordinates":[756405.1,3604178.3]}},{"type":"Feature","properties":{"elev":413},"geometry":{"type":"Point","coordinates":[757344.5,3604178.3]}},{"type":"Feature","properties":{"elev":424},"geometry":{"type":"Point","coordinates":[758283.9,3604178.3]}},{"type":"Feature","properties":{"elev":451},"geometry":{"type":"Point","coordinates":[759223.2,3604178.3]}},{"type":"Feature","properties":{"elev":486},"geometry":{"type":"Point","coordinates":[760162.6,3604178.3]}},{"type":"Feature","properties":{"elev":506},"geometry":{"type":"Point","coordinates":[761102.0,3604178.3]}},{"type":"Feature","properties":{"elev":510},"geometry":{"type":"Point","coordinates":[762041.4,3604178.3]}},{"type":"Feature","properties":{"elev":556},"geometry":{"type":"Point","coordinates":[762980.8,3604178.3]}},{"type":"Feature","properties":{"elev":595},"geometry":{"type":"Point","coordinates":[763920.2,3604178.3]}},{"type":"Feature","properties":{"elev":584},"geometry":{"type":"Point","coordinates":[764859.5,3604178.3]}},{"type":"Feature","properties":{"elev":533},"geometry":{"type":"Point","coordinates":[765798.9,3604178.3]}},{"type":"Feature","properties":{"elev":567},"geometry":{"type":"Point","coordinates":[766738.3,3604178.3]}},{"type":"Feature","properties":{"elev":596},"geometry":{"type":"Point","coordinates":[767677.7,3604178.3]}},{"type":"Feature","properties":{"elev":585},"geometry":{"type":"Point","coordinates":[768617.1,3604178.3]}},{"type":"Feature","properties":{"elev":579},"geometry":{"type":"Point","coordinates":[769556.5,3604178.3]}},{"type":"Feature","properties":{"elev":568},"geometry":{"type":"Point","coordinates":[770495.8,3604178.3]}},{"type":"Feature","properties":{"elev":571},"geometry":{"type":"Point","coordinates":[771435.2,3604178.3]}},{"type":"Feature","properties":{"elev":557},"geometry":{"type":"Point","coordinates":[772374.6,3604178.3]}},{"type":"Feature","properties":{"elev":525},"geometry":{"type":"Point","coordinates":[773314.0,3604178.3]}},{"type":"Feature","properties":{"elev":504},"geometry":{"type":"Point","coordinates":[774253.4,3604178.3]}},{"type":"Feature","properties":{"elev":530},"geometry":{"type":"Point","coordinates":[775192.8,3604178.3]}},{"type":"Feature","properties":{"elev":527},"geometry":{"type":"Point","coordinates":[776132.1,3604178.3]}},{"type":"Feature","properties":{"elev":511},"geometry":{"type":"Point","coordinates":[777071.5,3604178.3]}},{"type":"Feature","properties":{"elev":524},"geometry":{"type":"Point","coordinates":[778010.9,3604178.3]}},{"type":"Feature","properties":{"elev":533},"geometry":{"type":"Point","coordinates":[778950.3,3604178.3]}},{"type":"Feature","properties":{"elev":534},"geometry":{"type":"Point","coordinates":[779889.7,3604178.3]}},{"type":"Feature","properties":{"elev":530},"geometry":{"type":"Point","coordinates":[780829.1,3604178.3]}},{"type":"Feature","properties":{"elev":532},"geometry":{"type":"Point","coordinates":[781768.5,3604178.3]}},{"type":"Feature","properties":{"elev":526},"geometry":{"type":"Point","coordinates":[782707.8,3604178.3]}},{"type":"Feature","properties":{"elev":520},"geometry":{"type":"Point","coordinates":[783647.2,3604178.3]}},{"type":"Feature","properties":{"elev":523},"geometry":{"type":"Point","coordinates":[784586.6,3604178.3]}},{"type":"Feature","properties":{"elev":529},"geometry":{"type":"Point","coordinates":[785526.0,3604178.3]}},{"type":"Feature","properties":{"elev":543},"geometry":{"type":"Point","coordinates":[786465.4,3604178.3]}},{"type":"Feature","properties":{"elev":561},"geometry":{"type":"Point","coordinates":[787404.8,3604178.3]}},{"type":"Feature","properties":{"elev":579},"geometry":{"type":"Point","coordinates":[788344.1,3604178.3]}},{"type":"Feature","properties":{"elev":652},"geometry":{"type":"Point","coordinates":[789283.5,3604178.3]}},{"type":"Feature","properties":{"elev":610},"geometry":{"type":"Point","coordinates":[790222.9,3604178.3]}},{"type":"Feature","properties":{"elev":596},"geometry":{"type":"Point","coordinates":[791162.3,3604178.3]}},{"type":"Feature","properties":{"elev":612},"geometry":{"type":"Point","coordinates":[792101.7,3604178.3]}},{"type":"Feature","properties":{"elev":644},"geometry":{"type":"Point","coordinates":[793041.1,3604178.3]}},{"type":"Feature","properties":{"elev":638},"geometry":{"type":"Point","coordinates":[793980.4,3604178.3]}},{"type":"Feature","properties":{"elev":649},"geometry":{"type":"Point","coordinates":[794919.8,3604178.3]}},{"type":"Feature","properties":{"elev":14},"geometry":{"type":"Point","coordinates":[734799.3,3603239.0]}},{"type":"Feature","properties":{"elev":7},"geometry":{"type":"Point","coordinates":[735738.6,3603239.0]}},{"type":"Feature","properties":{"elev":-82},"geometry":{"type":"Point","coordinates":[736678.0,3603239.0]}},{"type":"Feature","properties":{"elev":-126},"geometry":{"type":"Point","coordinates":[737617.4,3603239.0]}},{"type":"Feature","properties":{"elev":-229},"geometry":{"type":"Point","coordinates":[738556.8,3603239.0]}},{"type":"Feature","properties":{"elev":-240},"geometry":{"type":"Point","coordinates":[739496.2,3603239.0]}},{"type":"Feature","properties":{"elev":-276},"geometry":{"type":"Point","coordinates":[740435.6,3603239.0]}},{"type":"Feature","properties":{"elev":-274},"geometry":{"type":"Point","coordinates":[741374.9,3603239.0]}},{"type":"Feature","properties":{"elev":-242},"geometry":{"type":"Point","coordinates":[742314.3,3603239.0]}},{"type":"Feature","properties":{"elev":-229},"geometry":{"type":"Point","coordinates":[743253.7,3603239.0]}},{"type":"Feature","properties":{"elev":-205},"geometry":{"type":"Point","coordinates":[744193.1,3603239.0]}},{"type":"Feature","properties":{"elev":-88},"geometry":{"type":"Point","coordinates":[745132.5,3603239.0]}},{"type":"Feature","properties":{"elev":-99},"geometry":{"type":"Point","coordinates":[746071.9,3603239.0]}},{"type":"Feature","properties":{"elev":-58},"geometry":{"type":"Point","coordinates":[747011.2,3603239.0]}},{"type":"Feature","properties":{"elev":-6},"geometry":{"type":"Point","coordinates":[747950.6,3603239.0]}},{"type":"Feature","properties":{"elev":71},"geometry":{"type":"Point","coordinates":[748890.0,3603239.0]}},{"type":"Feature","properties":{"elev":175},"geometry":{"type":"Point","coordinates":[749829.4,3603239.0]}},{"type":"Feature","properties":{"elev":176},"geometry":{"type":"Point","coordinates":[750768.8,3603239.0]}},{"type":"Feature","properties":{"elev":210},"geometry":{"type":"Point","coordinates":[751708.2,3603239.0]}},{"type":"Feature","properties":{"elev":225},"geometry":{"type":"Point","coordinates":[752647.5,3603239.0]}},{"type":"Feature","properties":{"elev":326},"geometry":{"type":"Point","coordinates":[753586.9,3603239.0]}},{"type":"Feature","properties":{"elev":350},"geometry":{"type":"Point","coordinates":[754526.3,3603239.0]}},{"type":"Feature","properties":{"elev":382},"geometry":{"type":"Point","coordinates":[755465.7,3603239.0]}},{"type":"Feature","properties":{"elev":423},"geometry":{"type":"Point","coordinates":[756405.1,3603239.0]}},{"type":"Feature","properties":{"elev":407},"geometry":{"type":"Point","coordinates":[757344.5,3603239.0]}},{"type":"Feature","properties":{"elev":461},"geometry":{"type":"Point","coordinates":[758283.9,3603239.0]}},{"type":"Feature","properties":{"elev":501},"geometry":{"type":"Point","coordinates":[759223.2,3603239.0]}},{"type":"Feature","properties":{"elev":514},"geometry":{"type":"Point","coordinates":[760162.6,3603239.0]}},{"type":"Feature","properties":{"elev":521},"geometry":{"type":"Point","coordinates":[761102.0,3603239.0]}},{"type":"Feature","properties":{"elev":563},"geometry":{"type":"Point","coordinates":[762041.4,3603239.0]}},{"type":"Feature","properties":{"elev":595},"geometry":{"type":"Point","coordinates":[762980.8,3603239.0]}},{"type":"Feature","properties":{"elev":625},"geometry":{"type":"Point","coordinates":[763920.2,3603239.0]}},{"type":"Feature","properties":{"elev":517},"geometry":{"type":"Point","coordinates":[764859.5,3603239.0]}},{"type":"Feature","properties":{"elev":609},"geometry":{"type":"Point","coordinates":[765798.9,3603239.0]}},{"type":"Feature","properties":{"elev":619},"geometry":{"type":"Point","coordinates":[766738.3,3603239.0]}},{"type":"Feature","properties":{"elev":614},"geometry":{"type":"Point","coordinates":[767677.7,3603239.0]}},{"type":"Feature","properties":{"elev":602},"geometry":{"type":"Point","coordinates":[768617.1,3603239.0]}},{"type":"Feature","properties":{"elev":586},"geometry":{"type":"Point","coordinates":[769556.5,3603239.0]}},{"type":"Feature","properties":{"elev":579},"geometry":{"type":"Point","coordinates":[770495.8,3603239.0]}},{"type":"Feature","properties":{"elev":561},"geometry":{"type":"Point","coordinates":[771435.2,3603239.0]}},{"type":"Feature","properties":{"elev":556},"geometry":{"type":"Point","coordinates":[772374.6,3603239.0]}},{"type":"Feature","properties":{"elev":538},"geometry":{"type":"Point","coordinates":[773314.0,3603239.0]}},{"type":"Feature","properties":{"elev":513},"geometry":{"type":"Point","coordinates":[774253.4,3603239.0]}},{"type":"Feature","properties":{"elev":534},"geometry":{"type":"Point","coordinates":[775192.8,3603239.0]}},{"type":"Feature","properties":{"elev":534},"geometry":{"type":"Point","coordinates":[776132.1,3603239.0]}},{"type":"Feature","properties":{"elev":533},"geometry":{"type":"Point","coordinates":[777071.5,3603239.0]}},{"type":"Feature","properties":{"elev":527},"geometry":{"type":"Point","coordinates":[778010.9,3603239.0]}},{"type":"Feature","properties":{"elev":543},"geometry":{"type":"Point","coordinates":[778950.3,3603239.0]}},{"type":"Feature","properties":{"elev":538},"geometry":{"type":"Point","coordinates":[779889.7,3603239.0]}},{"type":"Feature","properties":{"elev":531},"geometry":{"type":"Point","coordinates":[780829.1,3603239.0]}},{"type":"Feature","properties":{"elev":530},"geometry":{"type":"Point","coordinates":[781768.5,3603239.0]}},{"type":"Feature","properties":{"elev":528},"geometry":{"type":"Point","coordinates":[782707.8,3603239.0]}},{"type":"Feature","properties":{"elev":524},"geometry":{"type":"Point","coordinates":[783647.2,3603239.0]}},{"type":"Feature","properties":{"elev":526},"geometry":{"type":"Point","coordinates":[784586.6,3603239.0]}},{"type":"Feature","properties":{"elev":536},"geometry":{"type":"Point","coordinates":[785526.0,3603239.0]}},{"type":"Feature","properties":{"elev":548},"geometry":{"type":"Point","coordinates":[786465.4,3603239.0]}},{"type":"Feature","properties":{"elev":563},"geometry":{"type":"Point","coordinates":[787404.8,3603239.0]}},{"type":"Feature","properties":{"elev":585},"geometry":{"type":"Point","coordinates":[788344.1,3603239.0]}},{"type":"Feature","properties":{"elev":665},"geometry":{"type":"Point","coordinates":[789283.5,3603239.0]}},{"type":"Feature","properties":{"elev":612},"geometry":{"type":"Point","coordinates":[790222.9,3603239.0]}},{"type":"Feature","properties":{"elev":634},"geometry":{"type":"Point","coordinates":[791162.3,3603239.0]}},{"type":"Feature","properties":{"elev":652},"geometry":{"type":"Point","coordinates":[792101.7,3603239.0]}},{"type":"Feature","properties":{"elev":636},"geometry":{"type":"Point","coordinates":[793041.1,3603239.0]}},{"type":"Feature","properties":{"elev":648},"geometry":{"type":"Point","coordinates":[793980.4,3603239.0]}},{"type":"Feature","properties":{"elev":674},"geometry":{"type":"Point","coordinates":[794919.8,3603239.0]}},{"type":"Feature","properties":{"elev":-38},"geometry":{"type":"Point","coordinates":[734799.3,3602299.7]}},{"type":"Feature","properties":{"elev":-73},"geometry":{"type":"Point","coordinates":[735738.6,3602299.7]}},{"type":"Feature","properties":{"elev":-151},"geometry":{"type":"Point","coordinates":[736678.0,3602299.7]}},{"type":"Feature","properties":{"elev":-145},"geometry":{"type":"Point","coordinates":[737617.4,3602299.7]}},{"type":"Feature","properties":{"elev":-228},"geometry":{"type":"Point","coordinates":[738556.8,3602299.7]}},{"type":"Feature","properties":{"elev":-250},"geometry":{"type":"Point","coordinates":[739496.2,3602299.7]}},{"type":"Feature","properties":{"elev":-276},"geometry":{"type":"Point","coordinates":[740435.6,3602299.7]}},{"type":"Feature","properties":{"elev":-243},"geometry":{"type":"Point","coordinates":[741374.9,3602299.7]}},{"type":"Feature","properties":{"elev":-241},"geometry":{"type":"Point","coordinates":[742314.3,3602299.7]}},{"type":"Feature","properties":{"elev":-222},"geometry":{"type":"Point","coordinates":[743253.7,3602299.7]}},{"type":"Feature","properties":{"elev":-206},"geometry":{"type":"Point","coordinates":[744193.1,3602299.7]}},{"type":"Feature","properties":{"elev":-95},"geometry":{"type":"Point","coordinates":[745132.5,3602299.7]}},{"type":"Feature","properties":{"elev":-83},"geometry":{"type":"Point","coordinates":[746071.9,3602299.7]}},{"type":"Feature","properties":{"elev":35},"geometry":{"type":"Point","coordinates":[747011.2,3602299.7]}},{"type":"Feature","properties":{"elev":206},"geometry":{"type":"Point","coordinates":[747950.6,3602299.7]}},{"type":"Feature","properties":{"elev":211},"geometry":{"type":"Point","coordinates":[748890.0,3602299.7]}},{"type":"Feature","properties":{"elev":272},"geometry":{"type":"Point","coordinates":[749829.4,3602299.7]}},{"type":"Feature","properties":{"elev":291},"geometry":{"type":"Point","coordinates":[750768.8,3602299.7]}},{"type":"Feature","properties":{"elev":311},"geometry":{"type":"Point","coordinates":[751708.2,3602299.7]}},{"type":"Feature","properties":{"elev":312},"geometry":{"type":"Point","coordinates":[752647.5,3602299.7]}},{"type":"Feature","properties":{"elev":303},"geometry":{"type":"Point","coordinates":[753586.9,3602299.7]}},{"type":"Feature","properties":{"elev":340},"geometry":{"type":"Point","coordinates":[754526.3,3602299.7]}},{"type":"Feature","properties":{"elev":296},"geometry":{"type":"Point","coordinates":[755465.7,3602299.7]}},{"type":"Feature","properties":{"elev":402},"geometry":{"type":"Point","coordinates":[756405.1,3602299.7]}},{"type":"Feature","properties":{"elev":431},"geometry":{"type":"Point","coordinates":[757344.5,3602299.7]}},{"type":"Feature","properties":{"elev":471},"geometry":{"type":"Point","coordinates":[758283.9,3602299.7]}},{"type":"Feature","properties":{"elev":521},"geometry":{"type":"Point","coordinates":[759223.2,3602299.7]}},{"type":"Feature","properties":{"elev":511},"geometry":{"type":"Point","coordinates":[760162.6,3602299.7]}},{"type":"Feature","properties":{"elev":599},"geometry":{"type":"Point","coordinates":[761102.0,3602299.7]}},{"type":"Feature","properties":{"elev":526},"geometry":{"type":"Point","coordinates":[762041.4,3602299.7]}},{"type":"Feature","properties":{"elev":607},"geometry":{"type":"Point","coordinates":[762980.8,3602299.7]}},{"type":"Feature","properties":{"elev":632},"geometry":{"type":"Point","coordinates":[763920.2,3602299.7]}},{"type":"Feature","properties":{"elev":619},"geometry":{"type":"Point","coordinates":[764859.5,3602299.7]}},{"type":"Feature","properties":{"elev":579},"geometry":{"type":"Point","coordinates":[765798.9,3602299.7]}},{"type":"Feature","properties":{"elev":666},"geometry":{"type":"Point","coordinates":[766738.3,3602299.7]}},{"type":"Feature","properties":{"elev":664},"geometry":{"type":"Point","coordinates":[767677.7,3602299.7]}},{"type":"Feature","properties":{"elev":630},"geometry":{"type":"Point","coordinates":[768617.1,3602299.7]}},{"type":"Feature","properties":{"elev":594},"geometry":{"type":"Point","coordinates":[769556.5,3602299.7]}},{"type":"Feature","properties":{"elev":586},"geometry":{"type":"Point","coordinates":[770495.8,3602299.7]}},{"type":"Feature","properties":{"elev":577},"geometry":{"type":"Point","coordinates":[771435.2,3602299.7]}},{"type":"Feature","properties":{"elev":565},"geometry":{"type":"Point","coordinates":[772374.6,3602299.7]}},{"type":"Feature","properties":{"elev":548},"geometry":{"type":"Point","coordinates":[773314.0,3602299.7]}},{"type":"Feature","properties":{"elev":532},"geometry":{"type":"Point","coordinates":[774253.4,3602299.7]}},{"type":"Feature","properties":{"elev":528},"geometry":{"type":"Point","coordinates":[775192.8,3602299.7]}},{"type":"Feature","properties":{"elev":545},"geometry":{"type":"Point","coordinates":[776132.1,3602299.7]}},{"type":"Feature","properties":{"elev":543},"geometry":{"type":"Point","coordinates":[777071.5,3602299.7]}},{"type":"Feature","properties":{"elev":538},"geometry":{"type":"Point","coordinates":[778010.9,3602299.7]}},{"type":"Feature","properties":{"elev":538},"geometry":{"type":"Point","coordinates":[778950.3,3602299.7]}},{"type":"Feature","properties":{"elev":540},"geometry":{"type":"Point","coordinates":[779889.7,3602299.7]}},{"type":"Feature","properties":{"elev":533},"geometry":{"type":"Point","coordinates":[780829.1,3602299.7]}},{"type":"Feature","properties":{"elev":539},"geometry":{"type":"Point","coordinates":[781768.5,3602299.7]}},{"type":"Feature","properties":{"elev":539},"geometry":{"type":"Point","coordinates":[782707.8,3602299.7]}},{"type":"Feature","properties":{"elev":530},"geometry":{"type":"Point","coordinates":[783647.2,3602299.7]}},{"type":"Feature","properties":{"elev":532},"geometry":{"type":"Point","coordinates":[784586.6,3602299.7]}},{"type":"Feature","properties":{"elev":537},"geometry":{"type":"Point","coordinates":[785526.0,3602299.7]}},{"type":"Feature","properties":{"elev":547},"geometry":{"type":"Point","coordinates":[786465.4,3602299.7]}},{"type":"Feature","properties":{"elev":565},"geometry":{"type":"Point","coordinates":[787404.8,3602299.7]}},{"type":"Feature","properties":{"elev":580},"geometry":{"type":"Point","coordinates":[788344.1,3602299.7]}},{"type":"Feature","properties":{"elev":619},"geometry":{"type":"Point","coordinates":[789283.5,3602299.7]}},{"type":"Feature","properties":{"elev":646},"geometry":{"type":"Point","coordinates":[790222.9,3602299.7]}},{"type":"Feature","properties":{"elev":615},"geometry":{"type":"Point","coordinates":[791162.3,3602299.7]}},{"type":"Feature","properties":{"elev":643},"geometry":{"type":"Point","coordinates":[792101.7,3602299.7]}},{"type":"Feature","properties":{"elev":672},"geometry":{"type":"Point","coordinates":[793041.1,3602299.7]}},{"type":"Feature","properties":{"elev":685},"geometry":{"type":"Point","coordinates":[793980.4,3602299.7]}},{"type":"Feature","properties":{"elev":660},"geometry":{"type":"Point","coordinates":[794919.8,3602299.7]}},{"type":"Feature","properties":{"elev":-80},"geometry":{"type":"Point","coordinates":[734799.3,3601360.4]}},{"type":"Feature","properties":{"elev":-84},"geometry":{"type":"Point","coordinates":[735738.6,3601360.4]}},{"type":"Feature","properties":{"elev":-182},"geometry":{"type":"Point","coordinates":[736678.0,3601360.4]}},{"type":"Feature","properties":{"elev":-210},"geometry":{"type":"Point","coordinates":[737617.4,3601360.4]}},{"type":"Feature","properties":{"elev":-235},"geometry":{"type":"Point","coordinates":[738556.8,3601360.4]}},{"type":"Feature","properties":{"elev":-248},"geometry":{"type":"Point","coordinates":[739496.2,3601360.4]}},{"type":"Feature","properties":{"elev":-277},"geometry":{"type":"Point","coordinates":[740435.6,3601360.4]}},{"type":"Feature","properties":{"elev":-245},"geometry":{"type":"Point","coordinates":[741374.9,3601360.4]}},{"type":"Feature","properties":{"elev":-243},"geometry":{"type":"Point","coordinates":[742314.3,3601360.4]}},{"type":"Feature","properties":{"elev":-226},"geometry":{"type":"Point","coordinates":[743253.7,3601360.4]}},{"type":"Feature","properties":{"elev":-203},"geometry":{"type":"Point","coordinates":[744193.1,3601360.4]}},{"type":"Feature","properties":{"elev":-177},"geometry":{"type":"Point","coordinates":[745132.5,3601360.4]}},{"type":"Feature","properties":{"elev":-99},"geometry":{"type":"Point","coordinates":[746071.9,3601360.4]}},{"type":"Feature","properties":{"elev":-73},"geometry":{"type":"Point","coordinates":[747011.2,3601360.4]}},{"type":"Feature","properties":{"elev":0},"geometry":{"type":"Point","coordinates":[747950.6,3601360.4]}},{"type":"Feature","properties":{"elev":99},"geometry":{"type":"Point","coordinates":[748890.0,3601360.4]}},{"type":"Feature","properties":{"elev":194},"geometry":{"type":"Point","coordinates":[749829.4,3601360.4]}},{"type":"Feature","properties":{"elev":169},"geometry":{"type":"Point","coordinates":[750768.8,3601360.4]}},{"type":"Feature","properties":{"elev":161},"geometry":{"type":"Point","coordinates":[751708.2,3601360.4]}},{"type":"Feature","properties":{"elev":301},"geometry":{"type":"Point","coordinates":[752647.5,3601360.4]}},{"type":"Feature","properties":{"elev":368},"geometry":{"type":"Point","coordinates":[753586.9,3601360.4]}},{"type":"Feature","properties":{"elev":388},"geometry":{"type":"Point","coordinates":[754526.3,3601360.4]}},{"type":"Feature","properties":{"elev":379},"geometry":{"type":"Point","coordinates":[755465.7,3601360.4]}},{"type":"Feature","properties":{"elev":422},"geometry":{"type":"Point","coordinates":[756405.1,3601360.4]}},{"type":"Feature","properties":{"elev":445},"geometry":{"type":"Point","coordinates":[757344.5,3601360.4]}},{"type":"Feature","properties":{"elev":389},"geometry":{"type":"Point","coordinates":[758283.9,3601360.4]}},{"type":"Feature","properties":{"elev":425},"geometry":{"type":"Point","coordinates":[759223.2,3601360.4]}},{"type":"Feature","properties":{"elev":526},"geometry":{"type":"Point","coordinates":[760162.6,3601360.4]}},{"type":"Feature","properties":{"elev":579},"geometry":{"type":"Point","coordinates":[761102.0,3601360.4]}},{"type":"Feature","properties":{"elev":603},"geometry":{"type":"Point","coordinates":[762041.4,3601360.4]}},{"type":"Feature","properties":{"elev":604},"geometry":{"type":"Point","coordinates":[762980.8,3601360.4]}},{"type":"Feature","properties":{"elev":654},"geometry":{"type":"Point","coordinates":[763920.2,3601360.4]}},{"type":"Feature","properties":{"elev":661},"geometry":{"type":"Point","coordinates":[764859.5,3601360.4]}},{"type":"Feature","properties":{"elev":594},"geometry":{"type":"Point","coordinates":[765798.9,3601360.4]}},{"type":"Feature","properties":{"elev":700},"geometry":{"type":"Point","coordinates":[766738.3,3601360.4]}},{"type":"Feature","properties":{"elev":663},"geometry":{"type":"Point","coordinates":[767677.7,3601360.4]}},{"type":"Feature","properties":{"elev":617},"geometry":{"type":"Point","coordinates":[768617.1,3601360.4]}},{"type":"Feature","properties":{"elev":609},"geometry":{"type":"Point","coordinates":[769556.5,3601360.4]}},{"type":"Feature","properties":{"elev":598},"geometry":{"type":"Point","coordinates":[770495.8,3601360.4]}},{"type":"Feature","properties":{"elev":603},"geometry":{"type":"Point","coordinates":[771435.2,3601360.4]}},{"type":"Feature","properties":{"elev":583},"geometry":{"type":"Point","coordinates":[772374.6,3601360.4]}},{"type":"Feature","properties":{"elev":561},"geometry":{"type":"Point","coordinates":[773314.0,3601360.4]}},{"type":"Feature","properties":{"elev":547},"geometry":{"type":"Point","coordinates":[774253.4,3601360.4]}},{"type":"Feature","properties":{"elev":533},"geometry":{"type":"Point","coordinates":[775192.8,3601360.4]}},{"type":"Feature","properties":{"elev":540},"geometry":{"type":"Point","coordinates":[776132.1,3601360.4]}},{"type":"Feature","properties":{"elev":544},"geometry":{"type":"Point","coordinates":[777071.5,3601360.4]}},{"type":"Feature","properties":{"elev":547},"geometry":{"type":"Point","coordinates":[778010.9,3601360.4]}},{"type":"Feature","properties":{"elev":546},"geometry":{"type":"Point","coordinates":[778950.3,3601360.4]}},{"type":"Feature","properties":{"elev":544},"geometry":{"type":"Point","coordinates":[779889.7,3601360.4]}},{"type":"Feature","properties":{"elev":537},"geometry":{"type":"Point","coordinates":[780829.1,3601360.4]}},{"type":"Feature","properties":{"elev":549},"geometry":{"type":"Point","coordinates":[781768.5,3601360.4]}},{"type":"Feature","properties":{"elev":534},"geometry":{"type":"Point","coordinates":[782707.8,3601360.4]}},{"type":"Feature","properties":{"elev":533},"geometry":{"type":"Point","coordinates":[783647.2,3601360.4]}},{"type":"Feature","properties":{"elev":539},"geometry":{"type":"Point","coordinates":[784586.6,3601360.4]}},{"type":"Feature","properties":{"elev":550},"geometry":{"type":"Point","coordinates":[785526.0,3601360.4]}},{"type":"Feature","properties":{"elev":564},"geometry":{"type":"Point","coordinates":[786465.4,3601360.4]}},{"type":"Feature","properties":{"elev":568},"geometry":{"type":"Point","coordinates":[787404.8,3601360.4]}},{"type":"Feature","properties":{"elev":582},"geometry":{"type":"Point","coordinates":[788344.1,3601360.4]}},{"type":"Feature","properties":{"elev":672},"geometry":{"type":"Point","coordinates":[789283.5,3601360.4]}},{"type":"Feature","properties":{"elev":672},"geometry":{"type":"Point","coordinates":[790222.9,3601360.4]}},{"type":"Feature","properties":{"elev":638},"geometry":{"type":"Point","coordinates":[791162.3,3601360.4]}},{"type":"Feature","properties":{"elev":652},"geometry":{"type":"Point","coordinates":[792101.7,3601360.4]}},{"type":"Feature","properties":{"elev":661},"geometry":{"type":"Point","coordinates":[793041.1,3601360.4]}},{"type":"Feature","properties":{"elev":692},"geometry":{"type":"Point","coordinates":[793980.4,3601360.4]}},{"type":"Feature","properties":{"elev":680},"geometry":{"type":"Point","coordinates":[794919.8,3601360.4]}},{"type":"Feature","properties":{"elev":-113},"geometry":{"type":"Point","coordinates":[734799.3,3600421.0]}},{"type":"Feature","properties":{"elev":-160},"geometry":{"type":"Point","coordinates":[735738.6,3600421.0]}},{"type":"Feature","properties":{"elev":-175},"geometry":{"type":"Point","coordinates":[736678.0,3600421.0]}},{"type":"Feature","properties":{"elev":-224},"geometry":{"type":"Point","coordinates":[737617.4,3600421.0]}},{"type":"Feature","properties":{"elev":-265},"geometry":{"type":"Point","coordinates":[738556.8,3600421.0]}},{"type":"Feature","properties":{"elev":-272},"geometry":{"type":"Point","coordinates":[739496.2,3600421.0]}},{"type":"Feature","properties":{"elev":-277},"geometry":{"type":"Point","coordinates":[740435.6,3600421.0]}},{"type":"Feature","properties":{"elev":-266},"geometry":{"type":"Point","coordinates":[741374.9,3600421.0]}},{"type":"Feature","properties":{"elev":-247},"geometry":{"type":"Point","coordinates":[742314.3,3600421.0]}},{"type":"Feature","properties":{"elev":-230},"geometry":{"type":"Point","coordinates":[743253.7,3600421.0]}},{"type":"Feature","properties":{"elev":-213},"geometry":{"type":"Point","coordinates":[744193.1,3600421.0]}},{"type":"Feature","properties":{"elev":-59},"geometry":{"type":"Point","coordinates":[745132.5,3600421.0]}},{"type":"Feature","properties":{"elev":-36},"geometry":{"type":"Point","coordinates":[746071.9,3600421.0]}},{"type":"Feature","properties":{"elev":108},"geometry":{"type":"Point","coordinates":[747011.2,3600421.0]}},{"type":"Feature","properties":{"elev":188},"geometry":{"type":"Point","coordinates":[747950.6,3600421.0]}},{"type":"Feature","properties":{"elev":116},"geometry":{"type":"Point","coordinates":[748890.0,3600421.0]}},{"type":"Feature","properties":{"elev":262},"geometry":{"type":"Point","coordinates":[749829.4,3600421.0]}},{"type":"Feature","properties":{"elev":279},"geometry":{"type":"Point","coordinates":[750768.8,3600421.0]}},{"type":"Feature","properties":{"elev":310},"geometry":{"type":"Point","coordinates":[751708.2,3600421.0]}},{"type":"Feature","properties":{"elev":291},"geometry":{"type":"Point","coordinates":[752647.5,3600421.0]}},{"type":"Feature","properties":{"elev":355},"geometry":{"type":"Point","coordinates":[753586.9,3600421.0]}},{"type":"Feature","properties":{"elev":267},"geometry":{"type":"Point","coordinates":[754526.3,3600421.0]}},{"type":"Feature","properties":{"elev":367},"geometry":{"type":"Point","coordinates":[755465.7,3600421.0]}},{"type":"Feature","properties":{"elev":410},"geometry":{"type":"Point","coordinates":[756405.1,3600421.0]}},{"type":"Feature","properties":{"elev":478},"geometry":{"type":"Point","coordinates":[757344.5,3600421.0]}},{"type":"Feature","properties":{"elev":520},"geometry":{"type":"Point","coordinates":[758283.9,3600421.0]}},{"type":"Feature","properties":{"elev":520},"geometry":{"type":"Point","coordinates":[759223.2,3600421.0]}},{"type":"Feature","properties":{"elev":515},"geometry":{"type":"Point","coordinates":[760162.6,3600421.0]}},{"type":"Feature","properties":{"elev":558},"geometry":{"type":"Point","coordinates":[761102.0,3600421.0]}},{"type":"Feature","properties":{"elev":616},"geometry":{"type":"Point","coordinates":[762041.4,3600421.0]}},{"type":"Feature","properties":{"elev":657},"geometry":{"type":"Point","coordinates":[762980.8,3600421.0]}},{"type":"Feature","properties":{"elev":691},"geometry":{"type":"Point","coordinates":[763920.2,3600421.0]}},{"type":"Feature","properties":{"elev":660},"geometry":{"type":"Point","coordinates":[764859.5,3600421.0]}},{"type":"Feature","properties":{"elev":715},"geometry":{"type":"Point","coordinates":[765798.9,3600421.0]}},{"type":"Feature","properties":{"elev":641},"geometry":{"type":"Point","coordinates":[766738.3,3600421.0]}},{"type":"Feature","properties":{"elev":661},"geometry":{"type":"Point","coordinates":[767677.7,3600421.0]}},{"type":"Feature","properties":{"elev":678},"geometry":{"type":"Point","coordinates":[768617.1,3600421.0]}},{"type":"Feature","properties":{"elev":635},"geometry":{"type":"Point","coordinates":[769556.5,3600421.0]}},{"type":"Feature","properties":{"elev":608},"geometry":{"type":"Point","coordinates":[770495.8,3600421.0]}},{"type":"Feature","properties":{"elev":605},"geometry":{"type":"Point","coordinates":[771435.2,3600421.0]}},{"type":"Feature","properties":{"elev":585},"geometry":{"type":"Point","coordinates":[772374.6,3600421.0]}},{"type":"Feature","properties":{"elev":570},"geometry":{"type":"Point","coordinates":[773314.0,3600421.0]}},{"type":"Feature","properties":{"elev":563},"geometry":{"type":"Point","coordinates":[774253.4,3600421.0]}},{"type":"Feature","properties":{"elev":548},"geometry":{"type":"Point","coordinates":[775192.8,3600421.0]}},{"type":"Feature","properties":{"elev":544},"geometry":{"type":"Point","coordinates":[776132.1,3600421.0]}},{"type":"Feature","properties":{"elev":558},"geometry":{"type":"Point","coordinates":[777071.5,3600421.0]}},{"type":"Feature","properties":{"elev":550},"geometry":{"type":"Point","coordinates":[778010.9,3600421.0]}},{"type":"Feature","properties":{"elev":552},"geometry":{"type":"Point","coordinates":[778950.3,3600421.0]}},{"type":"Feature","properties":{"elev":565},"geometry":{"type":"Point","coordinates":[779889.7,3600421.0]}},{"type":"Feature","properties":{"elev":567},"geometry":{"type":"Point","coordinates":[780829.1,3600421.0]}},{"type":"Feature","properties":{"elev":561},"geometry":{"type":"Point","coordinates":[781768.5,3600421.0]}},{"type":"Feature","properties":{"elev":543},"geometry":{"type":"Point","coordinates":[782707.8,3600421.0]}},{"type":"Feature","properties":{"elev":535},"geometry":{"type":"Point","coordinates":[783647.2,3600421.0]}},{"type":"Feature","properties":{"elev":554},"geometry":{"type":"Point","coordinates":[784586.6,3600421.0]}},{"type":"Feature","properties":{"elev":544},"geometry":{"type":"Point","coordinates":[785526.0,3600421.0]}},{"type":"Feature","properties":{"elev":557},"geometry":{"type":"Point","coordinates":[786465.4,3600421.0]}},{"type":"Feature","properties":{"elev":573},"geometry":{"type":"Point","coordinates":[787404.8,3600421.0]}},{"type":"Feature","properties":{"elev":592},"geometry":{"type":"Point","coordinates":[788344.1,3600421.0]}},{"type":"Feature","properties":{"elev":633},"geometry":{"type":"Point","coordinates":[789283.5,3600421.0]}},{"type":"Feature","properties":{"elev":669},"geometry":{"type":"Point","coordinates":[790222.9,3600421.0]}},{"type":"Feature","properties":{"elev":665},"geometry":{"type":"Point","coordinates":[791162.3,3600421.0]}},{"type":"Feature","properties":{"elev":677},"geometry":{"type":"Point","coordinates":[792101.7,3600421.0]}},{"type":"Feature","properties":{"elev":681},"geometry":{"type":"Point","coordinates":[793041.1,3600421.0]}},{"type":"Feature","properties":{"elev":686},"geometry":{"type":"Point","coordinates":[793980.4,3600421.0]}},{"type":"Feature","properties":{"elev":680},"geometry":{"type":"Point","coordinates":[794919.8,3600421.0]}},{"type":"Feature","properties":{"elev":-152},"geometry":{"type":"Point","coordinates":[734799.3,3599481.7]}},{"type":"Feature","properties":{"elev":-165},"geometry":{"type":"Point","coordinates":[735738.6,3599481.7]}},{"type":"Feature","properties":{"elev":-204},"geometry":{"type":"Point","coordinates":[736678.0,3599481.7]}},{"type":"Feature","properties":{"elev":-235},"geometry":{"type":"Point","coordinates":[737617.4,3599481.7]}},{"type":"Feature","properties":{"elev":-235},"geometry":{"type":"Point","coordinates":[738556.8,3599481.7]}},{"type":"Feature","properties":{"elev":-244},"geometry":{"type":"Point","coordinates":[739496.2,3599481.7]}},{"type":"Feature","properties":{"elev":-280},"geometry":{"type":"Point","coordinates":[740435.6,3599481.7]}},{"type":"Feature","properties":{"elev":-272},"geometry":{"type":"Point","coordinates":[741374.9,3599481.7]}},{"type":"Feature","properties":{"elev":-258},"geometry":{"type":"Point","coordinates":[742314.3,3599481.7]}},{"type":"Feature","properties":{"elev":-240},"geometry":{"type":"Point","coordinates":[743253.7,3599481.7]}},{"type":"Feature","properties":{"elev":-213},"geometry":{"type":"Point","coordinates":[744193.1,3599481.7]}},{"type":"Feature","properties":{"elev":-167},"geometry":{"type":"Point","coordinates":[745132.5,3599481.7]}},{"type":"Feature","properties":{"elev":-71},"geometry":{"type":"Point","coordinates":[746071.9,3599481.7]}},{"type":"Feature","properties":{"elev":-81},"geometry":{"type":"Point","coordinates":[747011.2,3599481.7]}},{"type":"Feature","properties":{"elev":6},"geometry":{"type":"Point","coordinates":[747950.6,3599481.7]}},{"type":"Feature","properties":{"elev":126},"geometry":{"type":"Point","coordinates":[748890.0,3599481.7]}},{"type":"Feature","properties":{"elev":222},"geometry":{"type":"Point","coordinates":[749829.4,3599481.7]}},{"type":"Feature","properties":{"elev":281},"geometry":{"type":"Point","coordinates":[750768.8,3599481.7]}},{"type":"Feature","properties":{"elev":339},"geometry":{"type":"Point","coordinates":[751708.2,3599481.7]}},{"type":"Feature","properties":{"elev":353},"geometry":{"type":"Point","coordinates":[752647.5,3599481.7]}},{"type":"Feature","properties":{"elev":363},"geometry":{"type":"Point","coordinates":[753586.9,3599481.7]}},{"type":"Feature","properties":{"elev":242},"geometry":{"type":"Point","coordinates":[754526.3,3599481.7]}},{"type":"Feature","properties":{"elev":377},"geometry":{"type":"Point","coordinates":[755465.7,3599481.7]}},{"type":"Feature","properties":{"elev":397},"geometry":{"type":"Point","coordinates":[756405.1,3599481.7]}},{"type":"Feature","properties":{"elev":502},"geometry":{"type":"Point","coordinates":[757344.5,3599481.7]}},{"type":"Feature","properties":{"elev":532},"geometry":{"type":"Point","coordinates":[758283.9,3599481.7]}},{"type":"Feature","properties":{"elev":545},"geometry":{"type":"Point","coordinates":[759223.2,3599481.7]}},{"type":"Feature","properties":{"elev":588},"geometry":{"type":"Point","coordinates":[760162.6,3599481.7]}},{"type":"Feature","properties":{"elev":583},"geometry":{"type":"Point","coordinates":[761102.0,3599481.7]}},{"type":"Feature","properties":{"elev":569},"geometry":{"type":"Point","coordinates":[762041.4,3599481.7]}},{"type":"Feature","properties":{"elev":609},"geometry":{"type":"Point","coordinates":[762980.8,3599481.7]}},{"type":"Feature","properties":{"elev":704},"geometry":{"type":"Point","coordinates":[763920.2,3599481.7]}},{"type":"Feature","properties":{"elev":720},"geometry":{"type":"Point","coordinates":[764859.5,3599481.7]}},{"type":"Feature","properties":{"elev":724},"geometry":{"type":"Point","coordinates":[765798.9,3599481.7]}},{"type":"Feature","properties":{"elev":684},"geometry":{"type":"Point","coordinates":[766738.3,3599481.7]}},{"type":"Feature","properties":{"elev":734},"geometry":{"type":"Point","coordinates":[767677.7,3599481.7]}},{"type":"Feature","properties":{"elev":706},"geometry":{"type":"Point","coordinates":[768617.1,3599481.7]}},{"type":"Feature","properties":{"elev":674},"geometry":{"type":"Point","coordinates":[769556.5,3599481.7]}},{"type":"Feature","properties":{"elev":616},"geometry":{"type":"Point","coordinates":[770495.8,3599481.7]}},{"type":"Feature","properties":{"elev":605},"geometry":{"type":"Point","coordinates":[771435.2,3599481.7]}},{"type":"Feature","properties":{"elev":610},"geometry":{"type":"Point","coordinates":[772374.6,3599481.7]}},{"type":"Feature","properties":{"elev":584},"geometry":{"type":"Point","coordinates":[773314.0,3599481.7]}},{"type":"Feature","properties":{"elev":577},"geometry":{"type":"Point","coordinates":[774253.4,3599481.7]}},{"type":"Feature","properties":{"elev":568},"geometry":{"type":"Point","coordinates":[775192.8,3599481.7]}},{"type":"Feature","properties":{"elev":562},"geometry":{"type":"Point","coordinates":[776132.1,3599481.7]}},{"type":"Feature","properties":{"elev":562},"geometry":{"type":"Point","coordinates":[777071.5,3599481.7]}},{"type":"Feature","properties":{"elev":563},"geometry":{"type":"Point","coordinates":[778010.9,3599481.7]}},{"type":"Feature","properties":{"elev":571},"geometry":{"type":"Point","coordinates":[778950.3,3599481.7]}},{"type":"Feature","properties":{"elev":572},"geometry":{"type":"Point","coordinates":[779889.7,3599481.7]}},{"type":"Feature","properties":{"elev":582},"geometry":{"type":"Point","coordinates":[780829.1,3599481.7]}},{"type":"Feature","properties":{"elev":569},"geometry":{"type":"Point","coordinates":[781768.5,3599481.7]}},{"type":"Feature","properties":{"elev":566},"geometry":{"type":"Point","coordinates":[782707.8,3599481.7]}},{"type":"Feature","properties":{"elev":546},"geometry":{"type":"Point","coordinates":[783647.2,3599481.7]}},{"type":"Feature","properties":{"elev":545},"geometry":{"type":"Point","coordinates":[784586.6,3599481.7]}},{"type":"Feature","properties":{"elev":552},"geometry":{"type":"Point","coordinates":[785526.0,3599481.7]}},{"type":"Feature","properties":{"elev":576},"geometry":{"type":"Point","coordinates":[786465.4,3599481.7]}},{"type":"Feature","properties":{"elev":580},"geometry":{"type":"Point","coordinates":[787404.8,3599481.7]}},{"type":"Feature","properties":{"elev":602},"geometry":{"type":"Point","coordinates":[788344.1,3599481.7]}},{"type":"Feature","properties":{"elev":687},"geometry":{"type":"Point","coordinates":[789283.5,3599481.7]}},{"type":"Feature","properties":{"elev":659},"geometry":{"type":"Point","coordinates":[790222.9,3599481.7]}},{"type":"Feature","properties":{"elev":677},"geometry":{"type":"Point","coordinates":[791162.3,3599481.7]}},{"type":"Feature","properties":{"elev":676},"geometry":{"type":"Point","coordinates":[792101.7,3599481.7]}},{"type":"Feature","properties":{"elev":690},"geometry":{"type":"Point","coordinates":[793041.1,3599481.7]}},{"type":"Feature","properties":{"elev":689},"geometry":{"type":"Point","coordinates":[793980.4,3599481.7]}},{"type":"Feature","properties":{"elev":671},"geometry":{"type":"Point","coordinates":[794919.8,3599481.7]}},{"type":"Feature","properties":{"elev":-127},"geometry":{"type":"Point","coordinates":[734799.3,3598542.4]}},{"type":"Feature","properties":{"elev":-149},"geometry":{"type":"Point","coordinates":[735738.6,3598542.4]}},{"type":"Feature","properties":{"elev":-208},"geometry":{"type":"Point","coordinates":[736678.0,3598542.4]}},{"type":"Feature","properties":{"elev":-236},"geometry":{"type":"Point","coordinates":[737617.4,3598542.4]}},{"type":"Feature","properties":{"elev":-236},"geometry":{"type":"Point","coordinates":[738556.8,3598542.4]}},{"type":"Feature","properties":{"elev":-241},"geometry":{"type":"Point","coordinates":[739496.2,3598542.4]}},{"type":"Feature","properties":{"elev":-266},"geometry":{"type":"Point","coordinates":[740435.6,3598542.4]}},{"type":"Feature","properties":{"elev":-266},"geometry":{"type":"Point","coordinates":[741374.9,3598542.4]}},{"type":"Feature","properties":{"elev":-267},"geometry":{"type":"Point","coordinates":[742314.3,3598542.4]}},{"type":"Feature","properties":{"elev":-243},"geometry":{"type":"Point","coordinates":[743253.7,3598542.4]}},{"type":"Feature","properties":{"elev":-216},"geometry":{"type":"Point","coordinates":[744193.1,3598542.4]}},{"type":"Feature","properties":{"elev":-150},"geometry":{"type":"Point","coordinates":[745132.5,3598542.4]}},{"type":"Feature","properties":{"elev":19},"geometry":{"type":"Point","coordinates":[746071.9,3598542.4]}},{"type":"Feature","properties":{"elev":64},"geometry":{"type":"Point","coordinates":[747011.2,3598542.4]}},{"type":"Feature","properties":{"elev":168},"geometry":{"type":"Point","coordinates":[747950.6,3598542.4]}},{"type":"Feature","properties":{"elev":190},"geometry":{"type":"Point","coordinates":[748890.0,3598542.4]}},{"type":"Feature","properties":{"elev":208},"geometry":{"type":"Point","coordinates":[749829.4,3598542.4]}},{"type":"Feature","properties":{"elev":317},"geometry":{"type":"Point","coordinates":[750768.8,3598542.4]}},{"type":"Feature","properties":{"elev":308},"geometry":{"type":"Point","coordinates":[751708.2,3598542.4]}},{"type":"Feature","properties":{"elev":390},"geometry":{"type":"Point","coordinates":[752647.5,3598542.4]}},{"type":"Feature","properties":{"elev":421},"geometry":{"type":"Point","coordinates":[753586.9,3598542.4]}},{"type":"Feature","properties":{"elev":361},"geometry":{"type":"Point","coordinates":[754526.3,3598542.4]}},{"type":"Feature","properties":{"elev":387},"geometry":{"type":"Point","coordinates":[755465.7,3598542.4]}},{"type":"Feature","properties":{"elev":326},"geometry":{"type":"Point","coordinates":[756405.1,3598542.4]}},{"type":"Feature","properties":{"elev":435},"geometry":{"type":"Point","coordinates":[757344.5,3598542.4]}},{"type":"Feature","properties":{"elev":529},"geometry":{"type":"Point","coordinates":[758283.9,3598542.4]}},{"type":"Feature","properties":{"elev":587},"geometry":{"type":"Point","coordinates":[759223.2,3598542.4]}},{"type":"Feature","properties":{"elev":661},"geometry":{"type":"Point","coordinates":[760162.6,3598542.4]}},{"type":"Feature","properties":{"elev":634},"geometry":{"type":"Point","coordinates":[761102.0,3598542.4]}},{"type":"Feature","properties":{"elev":722},"geometry":{"type":"Point","coordinates":[762041.4,3598542.4]}},{"type":"Feature","properties":{"elev":714},"geometry":{"type":"Point","coordinates":[762980.8,3598542.4]}},{"type":"Feature","properties":{"elev":618},"geometry":{"type":"Point","coordinates":[763920.2,3598542.4]}},{"type":"Feature","properties":{"elev":768},"geometry":{"type":"Point","coordinates":[764859.5,3598542.4]}},{"type":"Feature","properties":{"elev":754},"geometry":{"type":"Point","coordinates":[765798.9,3598542.4]}},{"type":"Feature","properties":{"elev":733},"geometry":{"type":"Point","coordinates":[766738.3,3598542.4]}},{"type":"Feature","properties":{"elev":765},"geometry":{"type":"Point","coordinates":[767677.7,3598542.4]}},{"type":"Feature","properties":{"elev":768},"geometry":{"type":"Point","coordinates":[768617.1,3598542.4]}},{"type":"Feature","properties":{"elev":728},"geometry":{"type":"Point","coordinates":[769556.5,3598542.4]}},{"type":"Feature","properties":{"elev":649},"geometry":{"type":"Point","coordinates":[770495.8,3598542.4]}},{"type":"Feature","properties":{"elev":626},"geometry":{"type":"Point","coordinates":[771435.2,3598542.4]}},{"type":"Feature","properties":{"elev":651},"geometry":{"type":"Point","coordinates":[772374.6,3598542.4]}},{"type":"Feature","properties":{"elev":611},"geometry":{"type":"Point","coordinates":[773314.0,3598542.4]}},{"type":"Feature","properties":{"elev":589},"geometry":{"type":"Point","coordinates":[774253.4,3598542.4]}},{"type":"Feature","properties":{"elev":587},"geometry":{"type":"Point","coordinates":[775192.8,3598542.4]}},{"type":"Feature","properties":{"elev":584},"geometry":{"type":"Point","coordinates":[776132.1,3598542.4]}},{"type":"Feature","properties":{"elev":586},"geometry":{"type":"Point","coordinates":[777071.5,3598542.4]}},{"type":"Feature","properties":{"elev":573},"geometry":{"type":"Point","coordinates":[778010.9,3598542.4]}},{"type":"Feature","properties":{"elev":585},"geometry":{"type":"Point","coordinates":[778950.3,3598542.4]}},{"type":"Feature","properties":{"elev":590},"geometry":{"type":"Point","coordinates":[779889.7,3598542.4]}},{"type":"Feature","properties":{"elev":587},"geometry":{"type":"Point","coordinates":[780829.1,3598542.4]}},{"type":"Feature","properties":{"elev":583},"geometry":{"type":"Point","coordinates":[781768.5,3598542.4]}},{"type":"Feature","properties":{"elev":568},"geometry":{"type":"Point","coordinates":[782707.8,3598542.4]}},{"type":"Feature","properties":{"elev":576},"geometry":{"type":"Point","coordinates":[783647.2,3598542.4]}},{"type":"Feature","properties":{"elev":558},"geometry":{"type":"Point","coordinates":[784586.6,3598542.4]}},{"type":"Feature","properties":{"elev":554},"geometry":{"type":"Point","coordinates":[785526.0,3598542.4]}},{"type":"Feature","properties":{"elev":569},"geometry":{"type":"Point","coordinates":[786465.4,3598542.4]}},{"type":"Feature","properties":{"elev":582},"geometry":{"type":"Point","coordinates":[787404.8,3598542.4]}},{"type":"Feature","properties":{"elev":599},"geometry":{"type":"Point","coordinates":[788344.1,3598542.4]}},{"type":"Feature","properties":{"elev":697},"geometry":{"type":"Point","coordinates":[789283.5,3598542.4]}},{"type":"Feature","properties":{"elev":672},"geometry":{"type":"Point","coordinates":[790222.9,3598542.4]}},{"type":"Feature","properties":{"elev":687},"geometry":{"type":"Point","coordinates":[791162.3,3598542.4]}},{"type":"Feature","properties":{"elev":700},"geometry":{"type":"Point","coordinates":[792101.7,3598542.4]}},{"type":"Feature","properties":{"elev":706},"geometry":{"type":"Point","coordinates":[793041.1,3598542.4]}},{"type":"Feature","properties":{"elev":707},"geometry":{"type":"Point","coordinates":[793980.4,3598542.4]}},{"type":"Feature","properties":{"elev":659},"geometry":{"type":"Point","coordinates":[794919.8,3598542.4]}},{"type":"Feature","properties":{"elev":-117},"geometry":{"type":"Point","coordinates":[734799.3,3597603.1]}},{"type":"Feature","properties":{"elev":-144},"geometry":{"type":"Point","coordinates":[735738.6,3597603.1]}},{"type":"Feature","properties":{"elev":-206},"geometry":{"type":"Point","coordinates":[736678.0,3597603.1]}},{"type":"Feature","properties":{"elev":-226},"geometry":{"type":"Point","coordinates":[737617.4,3597603.1]}},{"type":"Feature","properties":{"elev":-233},"geometry":{"type":"Point","coordinates":[738556.8,3597603.1]}},{"type":"Feature","properties":{"elev":-241},"geometry":{"type":"Point","coordinates":[739496.2,3597603.1]}},{"type":"Feature","properties":{"elev":-247},"geometry":{"type":"Point","coordinates":[740435.6,3597603.1]}},{"type":"Feature","properties":{"elev":-256},"geometry":{"type":"Point","coordinates":[741374.9,3597603.1]}},{"type":"Feature","properties":{"elev":-281},"geometry":{"type":"Point","coordinates":[742314.3,3597603.1]}},{"type":"Feature","properties":{"elev":-253},"geometry":{"type":"Point","coordinates":[743253.7,3597603.1]}},{"type":"Feature","properties":{"elev":-212},"geometry":{"type":"Point","coordinates":[744193.1,3597603.1]}},{"type":"Feature","properties":{"elev":-52},"geometry":{"type":"Point","coordinates":[745132.5,3597603.1]}},{"type":"Feature","properties":{"elev":-7},"geometry":{"type":"Point","coordinates":[746071.9,3597603.1]}},{"type":"Feature","properties":{"elev":98},"geometry":{"type":"Point","coordinates":[747011.2,3597603.1]}},{"type":"Feature","properties":{"elev":252},"geometry":{"type":"Point","coordinates":[747950.6,3597603.1]}},{"type":"Feature","properties":{"elev":325},"geometry":{"type":"Point","coordinates":[748890.0,3597603.1]}},{"type":"Feature","properties":{"elev":286},"geometry":{"type":"Point","coordinates":[749829.4,3597603.1]}},{"type":"Feature","properties":{"elev":318},"geometry":{"type":"Point","coordinates":[750768.8,3597603.1]}},{"type":"Feature","properties":{"elev":391},"geometry":{"type":"Point","coordinates":[751708.2,3597603.1]}},{"type":"Feature","properties":{"elev":338},"geometry":{"type":"Point","coordinates":[752647.5,3597603.1]}},{"type":"Feature","properties":{"elev":395},"geometry":{"type":"Point","coordinates":[753586.9,3597603.1]}},{"type":"Feature","properties":{"elev":418},"geometry":{"type":"Point","coordinates":[754526.3,3597603.1]}},{"type":"Feature","properties":{"elev":521},"geometry":{"type":"Point","coordinates":[755465.7,3597603.1]}},{"type":"Feature","properties":{"elev":468},"geometry":{"type":"Point","coordinates":[756405.1,3597603.1]}},{"type":"Feature","properties":{"elev":526},"geometry":{"type":"Point","coordinates":[757344.5,3597603.1]}},{"type":"Feature","properties":{"elev":631},"geometry":{"type":"Point","coordinates":[758283.9,3597603.1]}},{"type":"Feature","properties":{"elev":571},"geometry":{"type":"Point","coordinates":[759223.2,3597603.1]}},{"type":"Feature","properties":{"elev":571},"geometry":{"type":"Point","coordinates":[760162.6,3597603.1]}},{"type":"Feature","properties":{"elev":720},"geometry":{"type":"Point","coordinates":[761102.0,3597603.1]}},{"type":"Feature","properties":{"elev":677},"geometry":{"type":"Point","coordinates":[762041.4,3597603.1]}},{"type":"Feature","properties":{"elev":785},"geometry":{"type":"Point","coordinates":[762980.8,3597603.1]}},{"type":"Feature","properties":{"elev":746},"geometry":{"type":"Point","coordinates":[763920.2,3597603.1]}},{"type":"Feature","properties":{"elev":684},"geometry":{"type":"Point","coordinates":[764859.5,3597603.1]}},{"type":"Feature","properties":{"elev":711},"geometry":{"type":"Point","coordinates":[765798.9,3597603.1]}},{"type":"Feature","properties":{"elev":786},"geometry":{"type":"Point","coordinates":[766738.3,3597603.1]}},{"type":"Feature","properties":{"elev":796},"geometry":{"type":"Point","coordinates":[767677.7,3597603.1]}},{"type":"Feature","properties":{"elev":765},"geometry":{"type":"Point","coordinates":[768617.1,3597603.1]}},{"type":"Feature","properties":{"elev":740},"geometry":{"type":"Point","coordinates":[769556.5,3597603.1]}},{"type":"Feature","properties":{"elev":670},"geometry":{"type":"Point","coordinates":[770495.8,3597603.1]}},{"type":"Feature","properties":{"elev":648},"geometry":{"type":"Point","coordinates":[771435.2,3597603.1]}},{"type":"Feature","properties":{"elev":690},"geometry":{"type":"Point","coordinates":[772374.6,3597603.1]}},{"type":"Feature","properties":{"elev":636},"geometry":{"type":"Point","coordinates":[773314.0,3597603.1]}},{"type":"Feature","properties":{"elev":605},"geometry":{"type":"Point","coordinates":[774253.4,3597603.1]}},{"type":"Feature","properties":{"elev":607},"geometry":{"type":"Point","coordinates":[775192.8,3597603.1]}},{"type":"Feature","properties":{"elev":638},"geometry":{"type":"Point","coordinates":[776132.1,3597603.1]}},{"type":"Feature","properties":{"elev":607},"geometry":{"type":"Point","coordinates":[777071.5,3597603.1]}},{"type":"Feature","properties":{"elev":591},"geometry":{"type":"Point","coordinates":[778010.9,3597603.1]}},{"type":"Feature","properties":{"elev":598},"geometry":{"type":"Point","coordinates":[778950.3,3597603.1]}},{"type":"Feature","properties":{"elev":601},"geometry":{"type":"Point","coordinates":[779889.7,3597603.1]}},{"type":"Feature","properties":{"elev":594},"geometry":{"type":"Point","coordinates":[780829.1,3597603.1]}},{"type":"Feature","properties":{"elev":594},"geometry":{"type":"Point","coordinates":[781768.5,3597603.1]}},{"type":"Feature","properties":{"elev":586},"geometry":{"type":"Point","coordinates":[782707.8,3597603.1]}},{"type":"Feature","properties":{"elev":590},"geometry":{"type":"Point","coordinates":[783647.2,3597603.1]}},{"type":"Feature","properties":{"elev":573},"geometry":{"type":"Point","coordinates":[784586.6,3597603.1]}},{"type":"Feature","properties":{"elev":566},"geometry":{"type":"Point","coordinates":[785526.0,3597603.1]}},{"type":"Feature","properties":{"elev":563},"geometry":{"type":"Point","coordinates":[786465.4,3597603.1]}},{"type":"Feature","properties":{"elev":584},"geometry":{"type":"Point","coordinates":[787404.8,3597603.1]}},{"type":"Feature","properties":{"elev":605},"geometry":{"type":"Point","coordinates":[788344.1,3597603.1]}},{"type":"Feature","properties":{"elev":677},"geometry":{"type":"Point","coordinates":[789283.5,3597603.1]}},{"type":"Feature","properties":{"elev":684},"geometry":{"type":"Point","coordinates":[790222.9,3597603.1]}},{"type":"Feature","properties":{"elev":711},"geometry":{"type":"Point","coordinates":[791162.3,3597603.1]}},{"type":"Feature","properties":{"elev":722},"geometry":{"type":"Point","coordinates":[792101.7,3597603.1]}},{"type":"Feature","properties":{"elev":714},"geometry":{"type":"Point","coordinates":[793041.1,3597603.1]}},{"type":"Feature","properties":{"elev":719},"geometry":{"type":"Point","coordinates":[793980.4,3597603.1]}},{"type":"Feature","properties":{"elev":658},"geometry":{"type":"Point","coordinates":[794919.8,3597603.1]}},{"type":"Feature","properties":{"elev":-120},"geometry":{"type":"Point","coordinates":[734799.3,3596663.8]}},{"type":"Feature","properties":{"elev":-171},"geometry":{"type":"Point","coordinates":[735738.6,3596663.8]}},{"type":"Feature","properties":{"elev":-217},"geometry":{"type":"Point","coordinates":[736678.0,3596663.8]}},{"type":"Feature","properties":{"elev":-233},"geometry":{"type":"Point","coordinates":[737617.4,3596663.8]}},{"type":"Feature","properties":{"elev":-237},"geometry":{"type":"Point","coordinates":[738556.8,3596663.8]}},{"type":"Feature","properties":{"elev":-245},"geometry":{"type":"Point","coordinates":[739496.2,3596663.8]}},{"type":"Feature","properties":{"elev":-245},"geometry":{"type":"Point","coordinates":[740435.6,3596663.8]}},{"type":"Feature","properties":{"elev":-283},"geometry":{"type":"Point","coordinates":[741374.9,3596663.8]}},{"type":"Feature","properties":{"elev":-267},"geometry":{"type":"Point","coordinates":[742314.3,3596663.8]}},{"type":"Feature","properties":{"elev":-239},"geometry":{"type":"Point","coordinates":[743253.7,3596663.8]}},{"type":"Feature","properties":{"elev":-206},"geometry":{"type":"Point","coordinates":[744193.1,3596663.8]}},{"type":"Feature","properties":{"elev":-143},"geometry":{"type":"Point","coordinates":[745132.5,3596663.8]}},{"type":"Feature","properties":{"elev":-58},"geometry":{"type":"Point","coordinates":[746071.9,3596663.8]}},{"type":"Feature","properties":{"elev":128},"geometry":{"type":"Point","coordinates":[747011.2,3596663.8]}},{"type":"Feature","properties":{"elev":194},"geometry":{"type":"Point","coordinates":[747950.6,3596663.8]}},{"type":"Feature","properties":{"elev":321},"geometry":{"type":"Point","coordinates":[748890.0,3596663.8]}},{"type":"Feature","properties":{"elev":325},"geometry":{"type":"Point","coordinates":[749829.4,3596663.8]}},{"type":"Feature","properties":{"elev":344},"geometry":{"type":"Point","coordinates":[750768.8,3596663.8]}},{"type":"Feature","properties":{"elev":438},"geometry":{"type":"Point","coordinates":[751708.2,3596663.8]}},{"type":"Feature","properties":{"elev":371},"geometry":{"type":"Point","coordinates":[752647.5,3596663.8]}},{"type":"Feature","properties":{"elev":437},"geometry":{"type":"Point","coordinates":[753586.9,3596663.8]}},{"type":"Feature","properties":{"elev":510},"geometry":{"type":"Point","coordinates":[754526.3,3596663.8]}},{"type":"Feature","properties":{"elev":497},"geometry":{"type":"Point","coordinates":[755465.7,3596663.8]}},{"type":"Feature","properties":{"elev":603},"geometry":{"type":"Point","coordinates":[756405.1,3596663.8]}},{"type":"Feature","properties":{"elev":495},"geometry":{"type":"Point","coordinates":[757344.5,3596663.8]}},{"type":"Feature","properties":{"elev":658},"geometry":{"type":"Point","coordinates":[758283.9,3596663.8]}},{"type":"Feature","properties":{"elev":727},"geometry":{"type":"Point","coordinates":[759223.2,3596663.8]}},{"type":"Feature","properties":{"elev":675},"geometry":{"type":"Point","coordinates":[760162.6,3596663.8]}},{"type":"Feature","properties":{"elev":750},"geometry":{"type":"Point","coordinates":[761102.0,3596663.8]}},{"type":"Feature","properties":{"elev":733},"geometry":{"type":"Point","coordinates":[762041.4,3596663.8]}},{"type":"Feature","properties":{"elev":811},"geometry":{"type":"Point","coordinates":[762980.8,3596663.8]}},{"type":"Feature","properties":{"elev":746},"geometry":{"type":"Point","coordinates":[763920.2,3596663.8]}},{"type":"Feature","properties":{"elev":684},"geometry":{"type":"Point","coordinates":[764859.5,3596663.8]}},{"type":"Feature","properties":{"elev":693},"geometry":{"type":"Point","coordinates":[765798.9,3596663.8]}},{"type":"Feature","properties":{"elev":761},"geometry":{"type":"Point","coordinates":[766738.3,3596663.8]}},{"type":"Feature","properties":{"elev":839},"geometry":{"type":"Point","coordinates":[767677.7,3596663.8]}},{"type":"Feature","properties":{"elev":796},"geometry":{"type":"Point","coordinates":[768617.1,3596663.8]}},{"type":"Feature","properties":{"elev":751},"geometry":{"type":"Point","coordinates":[769556.5,3596663.8]}},{"type":"Feature","properties":{"elev":682},"geometry":{"type":"Point","coordinates":[770495.8,3596663.8]}},{"type":"Feature","properties":{"elev":678},"geometry":{"type":"Point","coordinates":[771435.2,3596663.8]}},{"type":"Feature","properties":{"elev":708},"geometry":{"type":"Point","coordinates":[772374.6,3596663.8]}},{"type":"Feature","properties":{"elev":635},"geometry":{"type":"Point","coordinates":[773314.0,3596663.8]}},{"type":"Feature","properties":{"elev":634},"geometry":{"type":"Point","coordinates":[774253.4,3596663.8]}},{"type":"Feature","properties":{"elev":630},"geometry":{"type":"Point","coordinates":[775192.8,3596663.8]}},{"type":"Feature","properties":{"elev":614},"geometry":{"type":"Point","coordinates":[776132.1,3596663.8]}},{"type":"Feature","properties":{"elev":610},"geometry":{"type":"Point","coordinates":[777071.5,3596663.8]}},{"type":"Feature","properties":{"elev":608},"geometry":{"type":"Point","coordinates":[778010.9,3596663.8]}},{"type":"Feature","properties":{"elev":607},"geometry":{"type":"Point","coordinates":[778950.3,3596663.8]}},{"type":"Feature","properties":{"elev":603},"geometry":{"type":"Point","coordinates":[779889.7,3596663.8]}},{"type":"Feature","properties":{"elev":602},"geometry":{"type":"Point","coordinates":[780829.1,3596663.8]}},{"type":"Feature","properties":{"elev":585},"geometry":{"type":"Point","coordinates":[781768.5,3596663.8]}},{"type":"Feature","properties":{"elev":599},"geometry":{"type":"Point","coordinates":[782707.8,3596663.8]}},{"type":"Feature","properties":{"elev":592},"geometry":{"type":"Point","coordinates":[783647.2,3596663.8]}},{"type":"Feature","properties":{"elev":589},"geometry":{"type":"Point","coordinates":[784586.6,3596663.8]}},{"type":"Feature","properties":{"elev":582},"geometry":{"type":"Point","coordinates":[785526.0,3596663.8]}},{"type":"Feature","properties":{"elev":573},"geometry":{"type":"Point","coordinates":[786465.4,3596663.8]}},{"type":"Feature","properties":{"elev":573},"geometry":{"type":"Point","coordinates":[787404.8,3596663.8]}},{"type":"Feature","properties":{"elev":612},"geometry":{"type":"Point","coordinates":[788344.1,3596663.8]}},{"type":"Feature","properties":{"elev":662},"geometry":{"type":"Point","coordinates":[789283.5,3596663.8]}},{"type":"Feature","properties":{"elev":717},"geometry":{"type":"Point","coordinates":[790222.9,3596663.8]}},{"type":"Feature","properties":{"elev":710},"geometry":{"type":"Point","coordinates":[791162.3,3596663.8]}},{"type":"Feature","properties":{"elev":699},"geometry":{"type":"Point","coordinates":[792101.7,3596663.8]}},{"type":"Feature","properties":{"elev":748},"geometry":{"type":"Point","coordinates":[793041.1,3596663.8]}},{"type":"Feature","properties":{"elev":690},"geometry":{"type":"Point","coordinates":[793980.4,3596663.8]}},{"type":"Feature","properties":{"elev":678},"geometry":{"type":"Point","coordinates":[794919.8,3596663.8]}},{"type":"Feature","properties":{"elev":-124},"geometry":{"type":"Point","coordinates":[734799.3,3595724.5]}},{"type":"Feature","properties":{"elev":-177},"geometry":{"type":"Point","coordinates":[735738.6,3595724.5]}},{"type":"Feature","properties":{"elev":-218},"geometry":{"type":"Point","coordinates":[736678.0,3595724.5]}},{"type":"Feature","properties":{"elev":-230},"geometry":{"type":"Point","coordinates":[737617.4,3595724.5]}},{"type":"Feature","properties":{"elev":-237},"geometry":{"type":"Point","coordinates":[738556.8,3595724.5]}},{"type":"Feature","properties":{"elev":-242},"geometry":{"type":"Point","coordinates":[739496.2,3595724.5]}},{"type":"Feature","properties":{"elev":-247},"geometry":{"type":"Point","coordinates":[740435.6,3595724.5]}},{"type":"Feature","properties":{"elev":-282},"geometry":{"type":"Point","coordinates":[741374.9,3595724.5]}},{"type":"Feature","properties":{"elev":-268},"geometry":{"type":"Point","coordinates":[742314.3,3595724.5]}},{"type":"Feature","properties":{"elev":-230},"geometry":{"type":"Point","coordinates":[743253.7,3595724.5]}},{"type":"Feature","properties":{"elev":-194},"geometry":{"type":"Point","coordinates":[744193.1,3595724.5]}},{"type":"Feature","properties":{"elev":-110},"geometry":{"type":"Point","coordinates":[745132.5,3595724.5]}},{"type":"Feature","properties":{"elev":-3},"geometry":{"type":"Point","coordinates":[746071.9,3595724.5]}},{"type":"Feature","properties":{"elev":94},"geometry":{"type":"Point","coordinates":[747011.2,3595724.5]}},{"type":"Feature","properties":{"elev":137},"geometry":{"type":"Point","coordinates":[747950.6,3595724.5]}},{"type":"Feature","properties":{"elev":171},"geometry":{"type":"Point","coordinates":[748890.0,3595724.5]}},{"type":"Feature","properties":{"elev":217},"geometry":{"type":"Point","coordinates":[749829.4,3595724.5]}},{"type":"Feature","properties":{"elev":334},"geometry":{"type":"Point","coordinates":[750768.8,3595724.5]}},{"type":"Feature","properties":{"elev":425},"geometry":{"type":"Point","coordinates":[751708.2,3595724.5]}},{"type":"Feature","properties":{"elev":470},"geometry":{"type":"Point","coordinates":[752647.5,3595724.5]}},{"type":"Feature","properties":{"elev":451},"geometry":{"type":"Point","coordinates":[753586.9,3595724.5]}},{"type":"Feature","properties":{"elev":555},"geometry":{"type":"Point","coordinates":[754526.3,3595724.5]}},{"type":"Feature","properties":{"elev":656},"geometry":{"type":"Point","coordinates":[755465.7,3595724.5]}},{"type":"Feature","properties":{"elev":603},"geometry":{"type":"Point","coordinates":[756405.1,3595724.5]}},{"type":"Feature","properties":{"elev":668},"geometry":{"type":"Point","coordinates":[757344.5,3595724.5]}},{"type":"Feature","properties":{"elev":609},"geometry":{"type":"Point","coordinates":[758283.9,3595724.5]}},{"type":"Feature","properties":{"elev":646},"geometry":{"type":"Point","coordinates":[759223.2,3595724.5]}},{"type":"Feature","properties":{"elev":665},"geometry":{"type":"Point","coordinates":[760162.6,3595724.5]}},{"type":"Feature","properties":{"elev":816},"geometry":{"type":"Point","coordinates":[761102.0,3595724.5]}},{"type":"Feature","properties":{"elev":854},"geometry":{"type":"Point","coordinates":[762041.4,3595724.5]}},{"type":"Feature","properties":{"elev":840},"geometry":{"type":"Point","coordinates":[762980.8,3595724.5]}},{"type":"Feature","properties":{"elev":827},"geometry":{"type":"Point","coordinates":[763920.2,3595724.5]}},{"type":"Feature","properties":{"elev":814},"geometry":{"type":"Point","coordinates":[764859.5,3595724.5]}},{"type":"Feature","properties":{"elev":771},"geometry":{"type":"Point","coordinates":[765798.9,3595724.5]}},{"type":"Feature","properties":{"elev":790},"geometry":{"type":"Point","coordinates":[766738.3,3595724.5]}},{"type":"Feature","properties":{"elev":776},"geometry":{"type":"Point","coordinates":[767677.7,3595724.5]}},{"type":"Feature","properties":{"elev":813},"geometry":{"type":"Point","coordinates":[768617.1,3595724.5]}},{"type":"Feature","properties":{"elev":738},"geometry":{"type":"Point","coordinates":[769556.5,3595724.5]}},{"type":"Feature","properties":{"elev":742},"geometry":{"type":"Point","coordinates":[770495.8,3595724.5]}},{"type":"Feature","properties":{"elev":696},"geometry":{"type":"Point","coordinates":[771435.2,3595724.5]}},{"type":"Feature","properties":{"elev":697},"geometry":{"type":"Point","coordinates":[772374.6,3595724.5]}},{"type":"Feature","properties":{"elev":700},"geometry":{"type":"Point","coordinates":[773314.0,3595724.5]}},{"type":"Feature","properties":{"elev":669},"geometry":{"type":"Point","coordinates":[774253.4,3595724.5]}},{"type":"Feature","properties":{"elev":642},"geometry":{"type":"Point","coordinates":[775192.8,3595724.5]}},{"type":"Feature","properties":{"elev":636},"geometry":{"type":"Point","coordinates":[776132.1,3595724.5]}},{"type":"Feature","properties":{"elev":620},"geometry":{"type":"Point","coordinates":[777071.5,3595724.5]}},{"type":"Feature","properties":{"elev":609},"geometry":{"type":"Point","coordinates":[778010.9,3595724.5]}},{"type":"Feature","properties":{"elev":607},"geometry":{"type":"Point","coordinates":[778950.3,3595724.5]}},{"type":"Feature","properties":{"elev":615},"geometry":{"type":"Point","coordinates":[779889.7,3595724.5]}},{"type":"Feature","properties":{"elev":612},"geometry":{"type":"Point","coordinates":[780829.1,3595724.5]}},{"type":"Feature","properties":{"elev":607},"geometry":{"type":"Point","coordinates":[781768.5,3595724.5]}},{"type":"Feature","properties":{"elev":605},"geometry":{"type":"Point","coordinates":[782707.8,3595724.5]}},{"type":"Feature","properties":{"elev":613},"geometry":{"type":"Point","coordinates":[783647.2,3595724.5]}},{"type":"Feature","properties":{"elev":604},"geometry":{"type":"Point","coordinates":[784586.6,3595724.5]}},{"type":"Feature","properties":{"elev":586},"geometry":{"type":"Point","coordinates":[785526.0,3595724.5]}},{"type":"Feature","properties":{"elev":588},"geometry":{"type":"Point","coordinates":[786465.4,3595724.5]}},{"type":"Feature","properties":{"elev":578},"geometry":{"type":"Point","coordinates":[787404.8,3595724.5]}},{"type":"Feature","properties":{"elev":588},"geometry":{"type":"Point","coordinates":[788344.1,3595724.5]}},{"type":"Feature","properties":{"elev":625},"geometry":{"type":"Point","coordinates":[789283.5,3595724.5]}},{"type":"Feature","properties":{"elev":710},"geometry":{"type":"Point","coordinates":[790222.9,3595724.5]}},{"type":"Feature","properties":{"elev":715},"geometry":{"type":"Point","coordinates":[791162.3,3595724.5]}},{"type":"Feature","properties":{"elev":700},"geometry":{"type":"Point","coordinates":[792101.7,3595724.5]}},{"type":"Feature","properties":{"elev":731},"geometry":{"type":"Point","coordinates":[793041.1,3595724.5]}},{"type":"Feature","properties":{"elev":703},"geometry":{"type":"Point","coordinates":[793980.4,3595724.5]}},{"type":"Feature","properties":{"elev":691},"geometry":{"type":"Point","coordinates":[794919.8,3595724.5]}},{"type":"Feature","properties":{"elev":-130},"geometry":{"type":"Point","coordinates":[734799.3,3594785.1]}},{"type":"Feature","properties":{"elev":-171},"geometry":{"type":"Point","coordinates":[735738.6,3594785.1]}},{"type":"Feature","properties":{"elev":-209},"geometry":{"type":"Point","coordinates":[736678.0,3594785.1]}},{"type":"Feature","properties":{"elev":-227},"geometry":{"type":"Point","coordinates":[737617.4,3594785.1]}},{"type":"Feature","properties":{"elev":-236},"geometry":{"type":"Point","coordinates":[738556.8,3594785.1]}},{"type":"Feature","properties":{"elev":-245},"geometry":{"type":"Point","coordinates":[739496.2,3594785.1]}},{"type":"Feature","properties":{"elev":-249},"geometry":{"type":"Point","coordinates":[740435.6,3594785.1]}},{"type":"Feature","properties":{"elev":-285},"geometry":{"type":"Point","coordinates":[741374.9,3594785.1]}},{"type":"Feature","properties":{"elev":-246},"geometry":{"type":"Point","coordinates":[742314.3,3594785.1]}},{"type":"Feature","properties":{"elev":-239},"geometry":{"type":"Point","coordinates":[743253.7,3594785.1]}},{"type":"Feature","properties":{"elev":-152},"geometry":{"type":"Point","coordinates":[744193.1,3594785.1]}},{"type":"Feature","properties":{"elev":-63},"geometry":{"type":"Point","coordinates":[745132.5,3594785.1]}},{"type":"Feature","properties":{"elev":-50},"geometry":{"type":"Point","coordinates":[746071.9,3594785.1]}},{"type":"Feature","properties":{"elev":59},"geometry":{"type":"Point","coordinates":[747011.2,3594785.1]}},{"type":"Feature","properties":{"elev":154},"geometry":{"type":"Point","coordinates":[747950.6,3594785.1]}},{"type":"Feature","properties":{"elev":264},"geometry":{"type":"Point","coordinates":[748890.0,3594785.1]}},{"type":"Feature","properties":{"elev":298},"geometry":{"type":"Point","coordinates":[749829.4,3594785.1]}},{"type":"Feature","properties":{"elev":321},"geometry":{"type":"Point","coordinates":[750768.8,3594785.1]}},{"type":"Feature","properties":{"elev":424},"geometry":{"type":"Point","coordinates":[751708.2,3594785.1]}},{"type":"Feature","properties":{"elev":451},"geometry":{"type":"Point","coordinates":[752647.5,3594785.1]}},{"type":"Feature","properties":{"elev":449},"geometry":{"type":"Point","coordinates":[753586.9,3594785.1]}},{"type":"Feature","properties":{"elev":526},"geometry":{"type":"Point","coordinates":[754526.3,3594785.1]}},{"type":"Feature","properties":{"elev":626},"geometry":{"type":"Point","coordinates":[755465.7,3594785.1]}},{"type":"Feature","properties":{"elev":603},"geometry":{"type":"Point","coordinates":[756405.1,3594785.1]}},{"type":"Feature","properties":{"elev":689},"geometry":{"type":"Point","coordinates":[757344.5,3594785.1]}},{"type":"Feature","properties":{"elev":687},"geometry":{"type":"Point","coordinates":[758283.9,3594785.1]}},{"type":"Feature","properties":{"elev":654},"geometry":{"type":"Point","coordinates":[759223.2,3594785.1]}},{"type":"Feature","properties":{"elev":703},"geometry":{"type":"Point","coordinates":[760162.6,3594785.1]}},{"type":"Feature","properties":{"elev":683},"geometry":{"type":"Point","coordinates":[761102.0,3594785.1]}},{"type":"Feature","properties":{"elev":773},"geometry":{"type":"Point","coordinates":[762041.4,3594785.1]}},{"type":"Feature","properties":{"elev":858},"geometry":{"type":"Point","coordinates":[762980.8,3594785.1]}},{"type":"Feature","properties":{"elev":811},"geometry":{"type":"Point","coordinates":[763920.2,3594785.1]}},{"type":"Feature","properties":{"elev":865},"geometry":{"type":"Point","coordinates":[764859.5,3594785.1]}},{"type":"Feature","properties":{"elev":889},"geometry":{"type":"Point","coordinates":[765798.9,3594785.1]}},{"type":"Feature","properties":{"elev":830},"geometry":{"type":"Point","coordinates":[766738.3,3594785.1]}},{"type":"Feature","properties":{"elev":773},"geometry":{"type":"Point","coordinates":[767677.7,3594785.1]}},{"type":"Feature","properties":{"elev":865},"geometry":{"type":"Point","coordinates":[768617.1,3594785.1]}},{"type":"Feature","properties":{"elev":774},"geometry":{"type":"Point","coordinates":[769556.5,3594785.1]}},{"type":"Feature","properties":{"elev":723},"geometry":{"type":"Point","coordinates":[770495.8,3594785.1]}},{"type":"Feature","properties":{"elev":737},"geometry":{"type":"Point","coordinates":[771435.2,3594785.1]}},{"type":"Feature","properties":{"elev":829},"geometry":{"type":"Point","coordinates":[772374.6,3594785.1]}},{"type":"Feature","properties":{"elev":751},"geometry":{"type":"Point","coordinates":[773314.0,3594785.1]}},{"type":"Feature","properties":{"elev":704},"geometry":{"type":"Point","coordinates":[774253.4,3594785.1]}},{"type":"Feature","properties":{"elev":663},"geometry":{"type":"Point","coordinates":[775192.8,3594785.1]}},{"type":"Feature","properties":{"elev":634},"geometry":{"type":"Point","coordinates":[776132.1,3594785.1]}},{"type":"Feature","properties":{"elev":631},"geometry":{"type":"Point","coordinates":[777071.5,3594785.1]}},{"type":"Feature","properties":{"elev":625},"geometry":{"type":"Point","coordinates":[778010.9,3594785.1]}},{"type":"Feature","properties":{"elev":629},"geometry":{"type":"Point","coordinates":[778950.3,3594785.1]}},{"type":"Feature","properties":{"elev":621},"geometry":{"type":"Point","coordinates":[779889.7,3594785.1]}},{"type":"Feature","properties":{"elev":635},"geometry":{"type":"Point","coordinates":[780829.1,3594785.1]}},{"type":"Feature","properties":{"elev":637},"geometry":{"type":"Point","coordinates":[781768.5,3594785.1]}},{"type":"Feature","properties":{"elev":618},"geometry":{"type":"Point","coordinates":[782707.8,3594785.1]}},{"type":"Feature","properties":{"elev":621},"geometry":{"type":"Point","coordinates":[783647.2,3594785.1]}},{"type":"Feature","properties":{"elev":613},"geometry":{"type":"Point","coordinates":[784586.6,3594785.1]}},{"type":"Feature","properties":{"elev":601},"geometry":{"type":"Point","coordinates":[785526.0,3594785.1]}},{"type":"Feature","properties":{"elev":598},"geometry":{"type":"Point","coordinates":[786465.4,3594785.1]}},{"type":"Feature","properties":{"elev":599},"geometry":{"type":"Point","coordinates":[787404.8,3594785.1]}},{"type":"Feature","properties":{"elev":601},"geometry":{"type":"Point","coordinates":[788344.1,3594785.1]}},{"type":"Feature","properties":{"elev":616},"geometry":{"type":"Point","coordinates":[789283.5,3594785.1]}},{"type":"Feature","properties":{"elev":647},"geometry":{"type":"Point","coordinates":[790222.9,3594785.1]}},{"type":"Feature","properties":{"elev":719},"geometry":{"type":"Point","coordinates":[791162.3,3594785.1]}},{"type":"Feature","properties":{"elev":725},"geometry":{"type":"Point","coordinates":[792101.7,3594785.1]}},{"type":"Feature","properties":{"elev":698},"geometry":{"type":"Point","coordinates":[793041.1,3594785.1]}},{"type":"Feature","properties":{"elev":736},"geometry":{"type":"Point","coordinates":[793980.4,3594785.1]}},{"type":"Feature","properties":{"elev":714},"geometry":{"type":"Point","coordinates":[794919.8,3594785.1]}},{"type":"Feature","properties":{"elev":-130},"geometry":{"type":"Point","coordinates":[734799.3,3593845.8]}},{"type":"Feature","properties":{"elev":-178},"geometry":{"type":"Point","coordinates":[735738.6,3593845.8]}},{"type":"Feature","properties":{"elev":-197},"geometry":{"type":"Point","coordinates":[736678.0,3593845.8]}},{"type":"Feature","properties":{"elev":-224},"geometry":{"type":"Point","coordinates":[737617.4,3593845.8]}},{"type":"Feature","properties":{"elev":-235},"geometry":{"type":"Point","coordinates":[738556.8,3593845.8]}},{"type":"Feature","properties":{"elev":-246},"geometry":{"type":"Point","coordinates":[739496.2,3593845.8]}},{"type":"Feature","properties":{"elev":-248},"geometry":{"type":"Point","coordinates":[740435.6,3593845.8]}},{"type":"Feature","properties":{"elev":-281},"geometry":{"type":"Point","coordinates":[741374.9,3593845.8]}},{"type":"Feature","properties":{"elev":-246},"geometry":{"type":"Point","coordinates":[742314.3,3593845.8]}},{"type":"Feature","properties":{"elev":-242},"geometry":{"type":"Point","coordinates":[743253.7,3593845.8]}},{"type":"Feature","properties":{"elev":-134},"geometry":{"type":"Point","coordinates":[744193.1,3593845.8]}},{"type":"Feature","properties":{"elev":-44},"geometry":{"type":"Point","coordinates":[745132.5,3593845.8]}},{"type":"Feature","properties":{"elev":-14},"geometry":{"type":"Point","coordinates":[746071.9,3593845.8]}},{"type":"Feature","properties":{"elev":128},"geometry":{"type":"Point","coordinates":[747011.2,3593845.8]}},{"type":"Feature","properties":{"elev":154},"geometry":{"type":"Point","coordinates":[747950.6,3593845.8]}},{"type":"Feature","properties":{"elev":171},"geometry":{"type":"Point","coordinates":[748890.0,3593845.8]}},{"type":"Feature","properties":{"elev":225},"geometry":{"type":"Point","coordinates":[749829.4,3593845.8]}},{"type":"Feature","properties":{"elev":368},"geometry":{"type":"Point","coordinates":[750768.8,3593845.8]}},{"type":"Feature","properties":{"elev":419},"geometry":{"type":"Point","coordinates":[751708.2,3593845.8]}},{"type":"Feature","properties":{"elev":479},"geometry":{"type":"Point","coordinates":[752647.5,3593845.8]}},{"type":"Feature","properties":{"elev":551},"geometry":{"type":"Point","coordinates":[753586.9,3593845.8]}},{"type":"Feature","properties":{"elev":568},"geometry":{"type":"Point","coordinates":[754526.3,3593845.8]}},{"type":"Feature","properties":{"elev":657},"geometry":{"type":"Point","coordinates":[755465.7,3593845.8]}},{"type":"Feature","properties":{"elev":704},"geometry":{"type":"Point","coordinates":[756405.1,3593845.8]}},{"type":"Feature","properties":{"elev":638},"geometry":{"type":"Point","coordinates":[757344.5,3593845.8]}},{"type":"Feature","properties":{"elev":723},"geometry":{"type":"Point","coordinates":[758283.9,3593845.8]}},{"type":"Feature","properties":{"elev":786},"geometry":{"type":"Point","coordinates":[759223.2,3593845.8]}},{"type":"Feature","properties":{"elev":707},"geometry":{"type":"Point","coordinates":[760162.6,3593845.8]}},{"type":"Feature","properties":{"elev":806},"geometry":{"type":"Point","coordinates":[761102.0,3593845.8]}},{"type":"Feature","properties":{"elev":834},"geometry":{"type":"Point","coordinates":[762041.4,3593845.8]}},{"type":"Feature","properties":{"elev":879},"geometry":{"type":"Point","coordinates":[762980.8,3593845.8]}},{"type":"Feature","properties":{"elev":894},"geometry":{"type":"Point","coordinates":[763920.2,3593845.8]}},{"type":"Feature","properties":{"elev":946},"geometry":{"type":"Point","coordinates":[764859.5,3593845.8]}},{"type":"Feature","properties":{"elev":942},"geometry":{"type":"Point","coordinates":[765798.9,3593845.8]}},{"type":"Feature","properties":{"elev":888},"geometry":{"type":"Point","coordinates":[766738.3,3593845.8]}},{"type":"Feature","properties":{"elev":909},"geometry":{"type":"Point","coordinates":[767677.7,3593845.8]}},{"type":"Feature","properties":{"elev":881},"geometry":{"type":"Point","coordinates":[768617.1,3593845.8]}},{"type":"Feature","properties":{"elev":758},"geometry":{"type":"Point","coordinates":[769556.5,3593845.8]}},{"type":"Feature","properties":{"elev":802},"geometry":{"type":"Point","coordinates":[770495.8,3593845.8]}},{"type":"Feature","properties":{"elev":835},"geometry":{"type":"Point","coordinates":[771435.2,3593845.8]}},{"type":"Feature","properties":{"elev":774},"geometry":{"type":"Point","coordinates":[772374.6,3593845.8]}},{"type":"Feature","properties":{"elev":722},"geometry":{"type":"Point","coordinates":[773314.0,3593845.8]}},{"type":"Feature","properties":{"elev":685},"geometry":{"type":"Point","coordinates":[774253.4,3593845.8]}},{"type":"Feature","properties":{"elev":662},"geometry":{"type":"Point","coordinates":[775192.8,3593845.8]}},{"type":"Feature","properties":{"elev":647},"geometry":{"type":"Point","coordinates":[776132.1,3593845.8]}},{"type":"Feature","properties":{"elev":639},"geometry":{"type":"Point","coordinates":[777071.5,3593845.8]}},{"type":"Feature","properties":{"elev":639},"geometry":{"type":"Point","coordinates":[778010.9,3593845.8]}},{"type":"Feature","properties":{"elev":638},"geometry":{"type":"Point","coordinates":[778950.3,3593845.8]}},{"type":"Feature","properties":{"elev":637},"geometry":{"type":"Point","coordinates":[779889.7,3593845.8]}},{"type":"Feature","properties":{"elev":638},"geometry":{"type":"Point","coordinates":[780829.1,3593845.8]}},{"type":"Feature","properties":{"elev":635},"geometry":{"type":"Point","coordinates":[781768.5,3593845.8]}},{"type":"Feature","properties":{"elev":642},"geometry":{"type":"Point","coordinates":[782707.8,3593845.8]}},{"type":"Feature","properties":{"elev":620},"geometry":{"type":"Point","coordinates":[783647.2,3593845.8]}},{"type":"Feature","properties":{"elev":646},"geometry":{"type":"Point","coordinates":[784586.6,3593845.8]}},{"type":"Feature","properties":{"elev":615},"geometry":{"type":"Point","coordinates":[785526.0,3593845.8]}},{"type":"Feature","properties":{"elev":604},"geometry":{"type":"Point","coordinates":[786465.4,3593845.8]}},{"type":"Feature","properties":{"elev":606},"geometry":{"type":"Point","coordinates":[787404.8,3593845.8]}},{"type":"Feature","properties":{"elev":603},"geometry":{"type":"Point","coordinates":[788344.1,3593845.8]}},{"type":"Feature","properties":{"elev":616},"geometry":{"type":"Point","coordinates":[789283.5,3593845.8]}},{"type":"Feature","properties":{"elev":634},"geometry":{"type":"Point","coordinates":[790222.9,3593845.8]}},{"type":"Feature","properties":{"elev":691},"geometry":{"type":"Point","coordinates":[791162.3,3593845.8]}},{"type":"Feature","properties":{"elev":684},"geometry":{"type":"Point","coordinates":[792101.7,3593845.8]}},{"type":"Feature","properties":{"elev":676},"geometry":{"type":"Point","coordinates":[793041.1,3593845.8]}},{"type":"Feature","properties":{"elev":710},"geometry":{"type":"Point","coordinates":[793980.4,3593845.8]}},{"type":"Feature","properties":{"elev":742},"geometry":{"type":"Point","coordinates":[794919.8,3593845.8]}},{"type":"Feature","properties":{"elev":-131},"geometry":{"type":"Point","coordinates":[734799.3,3592906.5]}},{"type":"Feature","properties":{"elev":-180},"geometry":{"type":"Point","coordinates":[735738.6,3592906.5]}},{"type":"Feature","properties":{"elev":-198},"geometry":{"type":"Point","coordinates":[736678.0,3592906.5]}},{"type":"Feature","properties":{"elev":-213},"geometry":{"type":"Point","coordinates":[737617.4,3592906.5]}},{"type":"Feature","properties":{"elev":-232},"geometry":{"type":"Point","coordinates":[738556.8,3592906.5]}},{"type":"Feature","properties":{"elev":-244},"geometry":{"type":"Point","coordinates":[739496.2,3592906.5]}},{"type":"Feature","properties":{"elev":-255},"geometry":{"type":"Point","coordinates":[740435.6,3592906.5]}},{"type":"Feature","properties":{"elev":-286},"geometry":{"type":"Point","coordinates":[741374.9,3592906.5]}},{"type":"Feature","properties":{"elev":-250},"geometry":{"type":"Point","coordinates":[742314.3,3592906.5]}},{"type":"Feature","properties":{"elev":-235},"geometry":{"type":"Point","coordinates":[743253.7,3592906.5]}},{"type":"Feature","properties":{"elev":-177},"geometry":{"type":"Point","coordinates":[744193.1,3592906.5]}},{"type":"Feature","properties":{"elev":-96},"geometry":{"type":"Point","coordinates":[745132.5,3592906.5]}},{"type":"Feature","properties":{"elev":-2},"geometry":{"type":"Point","coordinates":[746071.9,3592906.5]}},{"type":"Feature","properties":{"elev":91},"geometry":{"type":"Point","coordinates":[747011.2,3592906.5]}},{"type":"Feature","properties":{"elev":159},"geometry":{"type":"Point","coordinates":[747950.6,3592906.5]}},{"type":"Feature","properties":{"elev":217},"geometry":{"type":"Point","coordinates":[748890.0,3592906.5]}},{"type":"Feature","properties":{"elev":312},"geometry":{"type":"Point","coordinates":[749829.4,3592906.5]}},{"type":"Feature","properties":{"elev":404},"geometry":{"type":"Point","coordinates":[750768.8,3592906.5]}},{"type":"Feature","properties":{"elev":499},"geometry":{"type":"Point","coordinates":[751708.2,3592906.5]}},{"type":"Feature","properties":{"elev":533},"geometry":{"type":"Point","coordinates":[752647.5,3592906.5]}},{"type":"Feature","properties":{"elev":497},"geometry":{"type":"Point","coordinates":[753586.9,3592906.5]}},{"type":"Feature","properties":{"elev":615},"geometry":{"type":"Point","coordinates":[754526.3,3592906.5]}},{"type":"Feature","properties":{"elev":680},"geometry":{"type":"Point","coordinates":[755465.7,3592906.5]}},{"type":"Feature","properties":{"elev":752},"geometry":{"type":"Point","coordinates":[756405.1,3592906.5]}},{"type":"Feature","properties":{"elev":772},"geometry":{"type":"Point","coordinates":[757344.5,3592906.5]}},{"type":"Feature","properties":{"elev":662},"geometry":{"type":"Point","coordinates":[758283.9,3592906.5]}},{"type":"Feature","properties":{"elev":807},"geometry":{"type":"Point","coordinates":[759223.2,3592906.5]}},{"type":"Feature","properties":{"elev":889},"geometry":{"type":"Point","coordinates":[760162.6,3592906.5]}},{"type":"Feature","properties":{"elev":845},"geometry":{"type":"Point","coordinates":[761102.0,3592906.5]}},{"type":"Feature","properties":{"elev":869},"geometry":{"type":"Point","coordinates":[762041.4,3592906.5]}},{"type":"Feature","properties":{"elev":839},"geometry":{"type":"Point","coordinates":[762980.8,3592906.5]}},{"type":"Feature","properties":{"elev":857},"geometry":{"type":"Point","coordinates":[763920.2,3592906.5]}},{"type":"Feature","properties":{"elev":959},"geometry":{"type":"Point","coordinates":[764859.5,3592906.5]}},{"type":"Feature","properties":{"elev":991},"geometry":{"type":"Point","coordinates":[765798.9,3592906.5]}},{"type":"Feature","properties":{"elev":913},"geometry":{"type":"Point","coordinates":[766738.3,3592906.5]}},{"type":"Feature","properties":{"elev":939},"geometry":{"type":"Point","coordinates":[767677.7,3592906.5]}},{"type":"Feature","properties":{"elev":834},"geometry":{"type":"Point","coordinates":[768617.1,3592906.5]}},{"type":"Feature","properties":{"elev":863},"geometry":{"type":"Point","coordinates":[769556.5,3592906.5]}},{"type":"Feature","properties":{"elev":897},"geometry":{"type":"Point","coordinates":[770495.8,3592906.5]}},{"type":"Feature","properties":{"elev":799},"geometry":{"type":"Point","coordinates":[771435.2,3592906.5]}},{"type":"Feature","properties":{"elev":783},"geometry":{"type":"Point","coordinates":[772374.6,3592906.5]}},{"type":"Feature","properties":{"elev":736},"geometry":{"type":"Point","coordinates":[773314.0,3592906.5]}},{"type":"Feature","properties":{"elev":689},"geometry":{"type":"Point","coordinates":[774253.4,3592906.5]}},{"type":"Feature","properties":{"elev":667},"geometry":{"type":"Point","coordinates":[775192.8,3592906.5]}},{"type":"Feature","properties":{"elev":664},"geometry":{"type":"Point","coordinates":[776132.1,3592906.5]}},{"type":"Feature","properties":{"elev":651},"geometry":{"type":"Point","coordinates":[777071.5,3592906.5]}},{"type":"Feature","properties":{"elev":651},"geometry":{"type":"Point","coordinates":[778010.9,3592906.5]}},{"type":"Feature","properties":{"elev":656},"geometry":{"type":"Point","coordinates":[778950.3,3592906.5]}},{"type":"Feature","properties":{"elev":649},"geometry":{"type":"Point","coordinates":[779889.7,3592906.5]}},{"type":"Feature","properties":{"elev":647},"geometry":{"type":"Point","coordinates":[780829.1,3592906.5]}},{"type":"Feature","properties":{"elev":640},"geometry":{"type":"Point","coordinates":[781768.5,3592906.5]}},{"type":"Feature","properties":{"elev":667},"geometry":{"type":"Point","coordinates":[782707.8,3592906.5]}},{"type":"Feature","properties":{"elev":633},"geometry":{"type":"Point","coordinates":[783647.2,3592906.5]}},{"type":"Feature","properties":{"elev":639},"geometry":{"type":"Point","coordinates":[784586.6,3592906.5]}},{"type":"Feature","properties":{"elev":626},"geometry":{"type":"Point","coordinates":[785526.0,3592906.5]}},{"type":"Feature","properties":{"elev":618},"geometry":{"type":"Point","coordinates":[786465.4,3592906.5]}},{"type":"Feature","properties":{"elev":619},"geometry":{"type":"Point","coordinates":[787404.8,3592906.5]}},{"type":"Feature","properties":{"elev":618},"geometry":{"type":"Point","coordinates":[788344.1,3592906.5]}},{"type":"Feature","properties":{"elev":628},"geometry":{"type":"Point","coordinates":[789283.5,3592906.5]}},{"type":"Feature","properties":{"elev":627},"geometry":{"type":"Point","coordinates":[790222.9,3592906.5]}},{"type":"Feature","properties":{"elev":646},"geometry":{"type":"Point","coordinates":[791162.3,3592906.5]}},{"type":"Feature","properties":{"elev":662},"geometry":{"type":"Point","coordinates":[792101.7,3592906.5]}},{"type":"Feature","properties":{"elev":665},"geometry":{"type":"Point","coordinates":[793041.1,3592906.5]}},{"type":"Feature","properties":{"elev":701},"geometry":{"type":"Point","coordinates":[793980.4,3592906.5]}},{"type":"Feature","properties":{"elev":710},"geometry":{"type":"Point","coordinates":[794919.8,3592906.5]}},{"type":"Feature","properties":{"elev":-146},"geometry":{"type":"Point","coordinates":[734799.3,3591967.2]}},{"type":"Feature","properties":{"elev":-178},"geometry":{"type":"Point","coordinates":[735738.6,3591967.2]}},{"type":"Feature","properties":{"elev":-198},"geometry":{"type":"Point","coordinates":[736678.0,3591967.2]}},{"type":"Feature","properties":{"elev":-215},"geometry":{"type":"Point","coordinates":[737617.4,3591967.2]}},{"type":"Feature","properties":{"elev":-234},"geometry":{"type":"Point","coordinates":[738556.8,3591967.2]}},{"type":"Feature","properties":{"elev":-247},"geometry":{"type":"Point","coordinates":[739496.2,3591967.2]}},{"type":"Feature","properties":{"elev":-281},"geometry":{"type":"Point","coordinates":[740435.6,3591967.2]}},{"type":"Feature","properties":{"elev":-286},"geometry":{"type":"Point","coordinates":[741374.9,3591967.2]}},{"type":"Feature","properties":{"elev":-253},"geometry":{"type":"Point","coordinates":[742314.3,3591967.2]}},{"type":"Feature","properties":{"elev":-226},"geometry":{"type":"Point","coordinates":[743253.7,3591967.2]}},{"type":"Feature","properties":{"elev":-168},"geometry":{"type":"Point","coordinates":[744193.1,3591967.2]}},{"type":"Feature","properties":{"elev":-87},"geometry":{"type":"Point","coordinates":[745132.5,3591967.2]}},{"type":"Feature","properties":{"elev":-28},"geometry":{"type":"Point","coordinates":[746071.9,3591967.2]}},{"type":"Feature","properties":{"elev":158},"geometry":{"type":"Point","coordinates":[747011.2,3591967.2]}},{"type":"Feature","properties":{"elev":252},"geometry":{"type":"Point","coordinates":[747950.6,3591967.2]}},{"type":"Feature","properties":{"elev":285},"geometry":{"type":"Point","coordinates":[748890.0,3591967.2]}},{"type":"Feature","properties":{"elev":368},"geometry":{"type":"Point","coordinates":[749829.4,3591967.2]}},{"type":"Feature","properties":{"elev":409},"geometry":{"type":"Point","coordinates":[750768.8,3591967.2]}},{"type":"Feature","properties":{"elev":384},"geometry":{"type":"Point","coordinates":[751708.2,3591967.2]}},{"type":"Feature","properties":{"elev":471},"geometry":{"type":"Point","coordinates":[752647.5,3591967.2]}},{"type":"Feature","properties":{"elev":567},"geometry":{"type":"Point","coordinates":[753586.9,3591967.2]}},{"type":"Feature","properties":{"elev":617},"geometry":{"type":"Point","coordinates":[754526.3,3591967.2]}},{"type":"Feature","properties":{"elev":730},"geometry":{"type":"Point","coordinates":[755465.7,3591967.2]}},{"type":"Feature","properties":{"elev":752},"geometry":{"type":"Point","coordinates":[756405.1,3591967.2]}},{"type":"Feature","properties":{"elev":779},"geometry":{"type":"Point","coordinates":[757344.5,3591967.2]}},{"type":"Feature","properties":{"elev":778},"geometry":{"type":"Point","coordinates":[758283.9,3591967.2]}},{"type":"Feature","properties":{"elev":775},"geometry":{"type":"Point","coordinates":[759223.2,3591967.2]}},{"type":"Feature","properties":{"elev":929},"geometry":{"type":"Point","coordinates":[760162.6,3591967.2]}},{"type":"Feature","properties":{"elev":877},"geometry":{"type":"Point","coordinates":[761102.0,3591967.2]}},{"type":"Feature","properties":{"elev":957},"geometry":{"type":"Point","coordinates":[762041.4,3591967.2]}},{"type":"Feature","properties":{"elev":921},"geometry":{"type":"Point","coordinates":[762980.8,3591967.2]}},{"type":"Feature","properties":{"elev":873},"geometry":{"type":"Point","coordinates":[763920.2,3591967.2]}},{"type":"Feature","properties":{"elev":988},"geometry":{"type":"Point","coordinates":[764859.5,3591967.2]}},{"type":"Feature","properties":{"elev":983},"geometry":{"type":"Point","coordinates":[765798.9,3591967.2]}},{"type":"Feature","properties":{"elev":954},"geometry":{"type":"Point","coordinates":[766738.3,3591967.2]}},{"type":"Feature","properties":{"elev":882},"geometry":{"type":"Point","coordinates":[767677.7,3591967.2]}},{"type":"Feature","properties":{"elev":965},"geometry":{"type":"Point","coordinates":[768617.1,3591967.2]}},{"type":"Feature","properties":{"elev":864},"geometry":{"type":"Point","coordinates":[769556.5,3591967.2]}},{"type":"Feature","properties":{"elev":870},"geometry":{"type":"Point","coordinates":[770495.8,3591967.2]}},{"type":"Feature","properties":{"elev":809},"geometry":{"type":"Point","coordinates":[771435.2,3591967.2]}},{"type":"Feature","properties":{"elev":749},"geometry":{"type":"Point","coordinates":[772374.6,3591967.2]}},{"type":"Feature","properties":{"elev":730},"geometry":{"type":"Point","coordinates":[773314.0,3591967.2]}},{"type":"Feature","properties":{"elev":691},"geometry":{"type":"Point","coordinates":[774253.4,3591967.2]}},{"type":"Feature","properties":{"elev":686},"geometry":{"type":"Point","coordinates":[775192.8,3591967.2]}},{"type":"Feature","properties":{"elev":684},"geometry":{"type":"Point","coordinates":[776132.1,3591967.2]}},{"type":"Feature","properties":{"elev":660},"geometry":{"type":"Point","coordinates":[777071.5,3591967.2]}},{"type":"Feature","properties":{"elev":669},"geometry":{"type":"Point","coordinates":[778010.9,3591967.2]}},{"type":"Feature","properties":{"elev":672},"geometry":{"type":"Point","coordinates":[778950.3,3591967.2]}},{"type":"Feature","properties":{"elev":674},"geometry":{"type":"Point","coordinates":[779889.7,3591967.2]}},{"type":"Feature","properties":{"elev":669},"geometry":{"type":"Point","coordinates":[780829.1,3591967.2]}},{"type":"Feature","properties":{"elev":658},"geometry":{"type":"Point","coordinates":[781768.5,3591967.2]}},{"type":"Feature","properties":{"elev":653},"geometry":{"type":"Point","coordinates":[782707.8,3591967.2]}},{"type":"Feature","properties":{"elev":655},"geometry":{"type":"Point","coordinates":[783647.2,3591967.2]}},{"type":"Feature","properties":{"elev":647},"geometry":{"type":"Point","coordinates":[784586.6,3591967.2]}},{"type":"Feature","properties":{"elev":642},"geometry":{"type":"Point","coordinates":[785526.0,3591967.2]}},{"type":"Feature","properties":{"elev":636},"geometry":{"type":"Point","coordinates":[786465.4,3591967.2]}},{"type":"Feature","properties":{"elev":637},"geometry":{"type":"Point","coordinates":[787404.8,3591967.2]}},{"type":"Feature","properties":{"elev":633},"geometry":{"type":"Point","coordinates":[788344.1,3591967.2]}},{"type":"Feature","properties":{"elev":651},"geometry":{"type":"Point","coordinates":[789283.5,3591967.2]}},{"type":"Feature","properties":{"elev":667},"geometry":{"type":"Point","coordinates":[790222.9,3591967.2]}},{"type":"Feature","properties":{"elev":639},"geometry":{"type":"Point","coordinates":[791162.3,3591967.2]}},{"type":"Feature","properties":{"elev":668},"geometry":{"type":"Point","coordinates":[792101.7,3591967.2]}},{"type":"Feature","properties":{"elev":685},"geometry":{"type":"Point","coordinates":[793041.1,3591967.2]}},{"type":"Feature","properties":{"elev":714},"geometry":{"type":"Point","coordinates":[793980.4,3591967.2]}},{"type":"Feature","properties":{"elev":705},"geometry":{"type":"Point","coordinates":[794919.8,3591967.2]}},{"type":"Feature","properties":{"elev":-158},"geometry":{"type":"Point","coordinates":[734799.3,3591027.9]}},{"type":"Feature","properties":{"elev":-179},"geometry":{"type":"Point","coordinates":[735738.6,3591027.9]}},{"type":"Feature","properties":{"elev":-199},"geometry":{"type":"Point","coordinates":[736678.0,3591027.9]}},{"type":"Feature","properties":{"elev":-217},"geometry":{"type":"Point","coordinates":[737617.4,3591027.9]}},{"type":"Feature","properties":{"elev":-235},"geometry":{"type":"Point","coordinates":[738556.8,3591027.9]}},{"type":"Feature","properties":{"elev":-244},"geometry":{"type":"Point","coordinates":[739496.2,3591027.9]}},{"type":"Feature","properties":{"elev":-291},"geometry":{"type":"Point","coordinates":[740435.6,3591027.9]}},{"type":"Feature","properties":{"elev":-275},"geometry":{"type":"Point","coordinates":[741374.9,3591027.9]}},{"type":"Feature","properties":{"elev":-241},"geometry":{"type":"Point","coordinates":[742314.3,3591027.9]}},{"type":"Feature","properties":{"elev":-214},"geometry":{"type":"Point","coordinates":[743253.7,3591027.9]}},{"type":"Feature","properties":{"elev":-141},"geometry":{"type":"Point","coordinates":[744193.1,3591027.9]}},{"type":"Feature","properties":{"elev":-90},"geometry":{"type":"Point","coordinates":[745132.5,3591027.9]}},{"type":"Feature","properties":{"elev":76},"geometry":{"type":"Point","coordinates":[746071.9,3591027.9]}},{"type":"Feature","properties":{"elev":156},"geometry":{"type":"Point","coordinates":[747011.2,3591027.9]}},{"type":"Feature","properties":{"elev":290},"geometry":{"type":"Point","coordinates":[747950.6,3591027.9]}},{"type":"Feature","properties":{"elev":279},"geometry":{"type":"Point","coordinates":[748890.0,3591027.9]}},{"type":"Feature","properties":{"elev":393},"geometry":{"type":"Point","coordinates":[749829.4,3591027.9]}},{"type":"Feature","properties":{"elev":391},"geometry":{"type":"Point","coordinates":[750768.8,3591027.9]}},{"type":"Feature","properties":{"elev":395},"geometry":{"type":"Point","coordinates":[751708.2,3591027.9]}},{"type":"Feature","properties":{"elev":441},"geometry":{"type":"Point","coordinates":[752647.5,3591027.9]}},{"type":"Feature","properties":{"elev":542},"geometry":{"type":"Point","coordinates":[753586.9,3591027.9]}},{"type":"Feature","properties":{"elev":610},"geometry":{"type":"Point","coordinates":[754526.3,3591027.9]}},{"type":"Feature","properties":{"elev":728},"geometry":{"type":"Point","coordinates":[755465.7,3591027.9]}},{"type":"Feature","properties":{"elev":773},"geometry":{"type":"Point","coordinates":[756405.1,3591027.9]}},{"type":"Feature","properties":{"elev":700},"geometry":{"type":"Point","coordinates":[757344.5,3591027.9]}},{"type":"Feature","properties":{"elev":849},"geometry":{"type":"Point","coordinates":[758283.9,3591027.9]}},{"type":"Feature","properties":{"elev":807},"geometry":{"type":"Point","coordinates":[759223.2,3591027.9]}},{"type":"Feature","properties":{"elev":816},"geometry":{"type":"Point","coordinates":[760162.6,3591027.9]}},{"type":"Feature","properties":{"elev":870},"geometry":{"type":"Point","coordinates":[761102.0,3591027.9]}},{"type":"Feature","properties":{"elev":959},"geometry":{"type":"Point","coordinates":[762041.4,3591027.9]}},{"type":"Feature","properties":{"elev":1020},"geometry":{"type":"Point","coordinates":[762980.8,3591027.9]}},{"type":"Feature","properties":{"elev":980},"geometry":{"type":"Point","coordinates":[763920.2,3591027.9]}},{"type":"Feature","properties":{"elev":905},"geometry":{"type":"Point","coordinates":[764859.5,3591027.9]}},{"type":"Feature","properties":{"elev":953},"geometry":{"type":"Point","coordinates":[765798.9,3591027.9]}},{"type":"Feature","properties":{"elev":937},"geometry":{"type":"Point","coordinates":[766738.3,3591027.9]}},{"type":"Feature","properties":{"elev":991},"geometry":{"type":"Point","coordinates":[767677.7,3591027.9]}},{"type":"Feature","properties":{"elev":993},"geometry":{"type":"Point","coordinates":[768617.1,3591027.9]}},{"type":"Feature","properties":{"elev":859},"geometry":{"type":"Point","coordinates":[769556.5,3591027.9]}},{"type":"Feature","properties":{"elev":862},"geometry":{"type":"Point","coordinates":[770495.8,3591027.9]}},{"type":"Feature","properties":{"elev":782},"geometry":{"type":"Point","coordinates":[771435.2,3591027.9]}},{"type":"Feature","properties":{"elev":771},"geometry":{"type":"Point","coordinates":[772374.6,3591027.9]}},{"type":"Feature","properties":{"elev":723},"geometry":{"type":"Point","coordinates":[773314.0,3591027.9]}},{"type":"Feature","properties":{"elev":733},"geometry":{"type":"Point","coordinates":[774253.4,3591027.9]}},{"type":"Feature","properties":{"elev":716},"geometry":{"type":"Point","coordinates":[775192.8,3591027.9]}},{"type":"Feature","properties":{"elev":697},"geometry":{"type":"Point","coordinates":[776132.1,3591027.9]}},{"type":"Feature","properties":{"elev":681},"geometry":{"type":"Point","coordinates":[777071.5,3591027.9]}},{"type":"Feature","properties":{"elev":688},"geometry":{"type":"Point","coordinates":[778010.9,3591027.9]}},{"type":"Feature","properties":{"elev":693},"geometry":{"type":"Point","coordinates":[778950.3,3591027.9]}},{"type":"Feature","properties":{"elev":692},"geometry":{"type":"Point","coordinates":[779889.7,3591027.9]}},{"type":"Feature","properties":{"elev":685},"geometry":{"type":"Point","coordinates":[780829.1,3591027.9]}},{"type":"Feature","properties":{"elev":675},"geometry":{"type":"Point","coordinates":[781768.5,3591027.9]}},{"type":"Feature","properties":{"elev":672},"geometry":{"type":"Point","coordinates":[782707.8,3591027.9]}},{"type":"Feature","properties":{"elev":670},"geometry":{"type":"Point","coordinates":[783647.2,3591027.9]}},{"type":"Feature","properties":{"elev":677},"geometry":{"type":"Point","coordinates":[784586.6,3591027.9]}},{"type":"Feature","properties":{"elev":659},"geometry":{"type":"Point","coordinates":[785526.0,3591027.9]}},{"type":"Feature","properties":{"elev":662},"geometry":{"type":"Point","coordinates":[786465.4,3591027.9]}},{"type":"Feature","properties":{"elev":656},"geometry":{"type":"Point","coordinates":[787404.8,3591027.9]}},{"type":"Feature","properties":{"elev":646},"geometry":{"type":"Point","coordinates":[788344.1,3591027.9]}},{"type":"Feature","properties":{"elev":655},"geometry":{"type":"Point","coordinates":[789283.5,3591027.9]}},{"type":"Feature","properties":{"elev":691},"geometry":{"type":"Point","coordinates":[790222.9,3591027.9]}},{"type":"Feature","properties":{"elev":686},"geometry":{"type":"Point","coordinates":[791162.3,3591027.9]}},{"type":"Feature","properties":{"elev":681},"geometry":{"type":"Point","coordinates":[792101.7,3591027.9]}},{"type":"Feature","properties":{"elev":709},"geometry":{"type":"Point","coordinates":[793041.1,3591027.9]}},{"type":"Feature","properties":{"elev":695},"geometry":{"type":"Point","coordinates":[793980.4,3591027.9]}},{"type":"Feature","properties":{"elev":687},"geometry":{"type":"Point","coordinates":[794919.8,3591027.9]}},{"type":"Feature","properties":{"elev":-154},"geometry":{"type":"Point","coordinates":[734799.3,3590088.5]}},{"type":"Feature","properties":{"elev":-180},"geometry":{"type":"Point","coordinates":[735738.6,3590088.5]}},{"type":"Feature","properties":{"elev":-200},"geometry":{"type":"Point","coordinates":[736678.0,3590088.5]}},{"type":"Feature","properties":{"elev":-218},"geometry":{"type":"Point","coordinates":[737617.4,3590088.5]}},{"type":"Feature","properties":{"elev":-241},"geometry":{"type":"Point","coordinates":[738556.8,3590088.5]}},{"type":"Feature","properties":{"elev":-244},"geometry":{"type":"Point","coordinates":[739496.2,3590088.5]}},{"type":"Feature","properties":{"elev":-291},"geometry":{"type":"Point","coordinates":[740435.6,3590088.5]}},{"type":"Feature","properties":{"elev":-265},"geometry":{"type":"Point","coordinates":[741374.9,3590088.5]}},{"type":"Feature","properties":{"elev":-237},"geometry":{"type":"Point","coordinates":[742314.3,3590088.5]}},{"type":"Feature","properties":{"elev":-218},"geometry":{"type":"Point","coordinates":[743253.7,3590088.5]}},{"type":"Feature","properties":{"elev":-138},"geometry":{"type":"Point","coordinates":[744193.1,3590088.5]}},{"type":"Feature","properties":{"elev":-32},"geometry":{"type":"Point","coordinates":[745132.5,3590088.5]}},{"type":"Feature","properties":{"elev":54},"geometry":{"type":"Point","coordinates":[746071.9,3590088.5]}},{"type":"Feature","properties":{"elev":219},"geometry":{"type":"Point","coordinates":[747011.2,3590088.5]}},{"type":"Feature","properties":{"elev":317},"geometry":{"type":"Point","coordinates":[747950.6,3590088.5]}},{"type":"Feature","properties":{"elev":336},"geometry":{"type":"Point","coordinates":[748890.0,3590088.5]}},{"type":"Feature","properties":{"elev":392},"geometry":{"type":"Point","coordinates":[749829.4,3590088.5]}},{"type":"Feature","properties":{"elev":421},"geometry":{"type":"Point","coordinates":[750768.8,3590088.5]}},{"type":"Feature","properties":{"elev":402},"geometry":{"type":"Point","coordinates":[751708.2,3590088.5]}},{"type":"Feature","properties":{"elev":372},"geometry":{"type":"Point","coordinates":[752647.5,3590088.5]}},{"type":"Feature","properties":{"elev":459},"geometry":{"type":"Point","coordinates":[753586.9,3590088.5]}},{"type":"Feature","properties":{"elev":586},"geometry":{"type":"Point","coordinates":[754526.3,3590088.5]}},{"type":"Feature","properties":{"elev":563},"geometry":{"type":"Point","coordinates":[755465.7,3590088.5]}},{"type":"Feature","properties":{"elev":651},"geometry":{"type":"Point","coordinates":[756405.1,3590088.5]}},{"type":"Feature","properties":{"elev":809},"geometry":{"type":"Point","coordinates":[757344.5,3590088.5]}},{"type":"Feature","properties":{"elev":837},"geometry":{"type":"Point","coordinates":[758283.9,3590088.5]}},{"type":"Feature","properties":{"elev":884},"geometry":{"type":"Point","coordinates":[759223.2,3590088.5]}},{"type":"Feature","properties":{"elev":886},"geometry":{"type":"Point","coordinates":[760162.6,3590088.5]}},{"type":"Feature","properties":{"elev":910},"geometry":{"type":"Point","coordinates":[761102.0,3590088.5]}},{"type":"Feature","properties":{"elev":925},"geometry":{"type":"Point","coordinates":[762041.4,3590088.5]}},{"type":"Feature","properties":{"elev":986},"geometry":{"type":"Point","coordinates":[762980.8,3590088.5]}},{"type":"Feature","properties":{"elev":1007},"geometry":{"type":"Point","coordinates":[763920.2,3590088.5]}},{"type":"Feature","properties":{"elev":1016},"geometry":{"type":"Point","coordinates":[764859.5,3590088.5]}},{"type":"Feature","properties":{"elev":993},"geometry":{"type":"Point","coordinates":[765798.9,3590088.5]}},{"type":"Feature","properties":{"elev":1026},"geometry":{"type":"Point","coordinates":[766738.3,3590088.5]}},{"type":"Feature","properties":{"elev":948},"geometry":{"type":"Point","coordinates":[767677.7,3590088.5]}},{"type":"Feature","properties":{"elev":893},"geometry":{"type":"Point","coordinates":[768617.1,3590088.5]}},{"type":"Feature","properties":{"elev":906},"geometry":{"type":"Point","coordinates":[769556.5,3590088.5]}},{"type":"Feature","properties":{"elev":957},"geometry":{"type":"Point","coordinates":[770495.8,3590088.5]}},{"type":"Feature","properties":{"elev":813},"geometry":{"type":"Point","coordinates":[771435.2,3590088.5]}},{"type":"Feature","properties":{"elev":765},"geometry":{"type":"Point","coordinates":[772374.6,3590088.5]}},{"type":"Feature","properties":{"elev":812},"geometry":{"type":"Point","coordinates":[773314.0,3590088.5]}},{"type":"Feature","properties":{"elev":759},"geometry":{"type":"Point","coordinates":[774253.4,3590088.5]}},{"type":"Feature","properties":{"elev":732},"geometry":{"type":"Point","coordinates":[775192.8,3590088.5]}},{"type":"Feature","properties":{"elev":723},"geometry":{"type":"Point","coordinates":[776132.1,3590088.5]}},{"type":"Feature","properties":{"elev":707},"geometry":{"type":"Point","coordinates":[777071.5,3590088.5]}},{"type":"Feature","properties":{"elev":718},"geometry":{"type":"Point","coordinates":[778010.9,3590088.5]}},{"type":"Feature","properties":{"elev":723},"geometry":{"type":"Point","coordinates":[778950.3,3590088.5]}},{"type":"Feature","properties":{"elev":708},"geometry":{"type":"Point","coordinates":[779889.7,3590088.5]}},{"type":"Feature","properties":{"elev":703},"geometry":{"type":"Point","coordinates":[780829.1,3590088.5]}},{"type":"Feature","properties":{"elev":687},"geometry":{"type":"Point","coordinates":[781768.5,3590088.5]}},{"type":"Feature","properties":{"elev":690},"geometry":{"type":"Point","coordinates":[782707.8,3590088.5]}},{"type":"Feature","properties":{"elev":690},"geometry":{"type":"Point","coordinates":[783647.2,3590088.5]}},{"type":"Feature","properties":{"elev":697},"geometry":{"type":"Point","coordinates":[784586.6,3590088.5]}},{"type":"Feature","properties":{"elev":687},"geometry":{"type":"Point","coordinates":[785526.0,3590088.5]}},{"type":"Feature","properties":{"elev":687},"geometry":{"type":"Point","coordinates":[786465.4,3590088.5]}},{"type":"Feature","properties":{"elev":676},"geometry":{"type":"Point","coordinates":[787404.8,3590088.5]}},{"type":"Feature","properties":{"elev":674},"geometry":{"type":"Point","coordinates":[788344.1,3590088.5]}},{"type":"Feature","properties":{"elev":689},"geometry":{"type":"Point","coordinates":[789283.5,3590088.5]}},{"type":"Feature","properties":{"elev":698},"geometry":{"type":"Point","coordinates":[790222.9,3590088.5]}},{"type":"Feature","properties":{"elev":731},"geometry":{"type":"Point","coordinates":[791162.3,3590088.5]}},{"type":"Feature","properties":{"elev":723},"geometry":{"type":"Point","coordinates":[792101.7,3590088.5]}},{"type":"Feature","properties":{"elev":733},"geometry":{"type":"Point","coordinates":[793041.1,3590088.5]}},{"type":"Feature","properties":{"elev":705},"geometry":{"type":"Point","coordinates":[793980.4,3590088.5]}},{"type":"Feature","properties":{"elev":713},"geometry":{"type":"Point","coordinates":[794919.8,3590088.5]}},{"type":"Feature","properties":{"elev":-159},"geometry":{"type":"Point","coordinates":[734799.3,3589149.2]}},{"type":"Feature","properties":{"elev":-178},"geometry":{"type":"Point","coordinates":[735738.6,3589149.2]}},{"type":"Feature","properties":{"elev":-202},"geometry":{"type":"Point","coordinates":[736678.0,3589149.2]}},{"type":"Feature","properties":{"elev":-223},"geometry":{"type":"Point","coordinates":[737617.4,3589149.2]}},{"type":"Feature","properties":{"elev":-237},"geometry":{"type":"Point","coordinates":[738556.8,3589149.2]}},{"type":"Feature","properties":{"elev":-248},"geometry":{"type":"Point","coordinates":[739496.2,3589149.2]}},{"type":"Feature","properties":{"elev":-287},"geometry":{"type":"Point","coordinates":[740435.6,3589149.2]}},{"type":"Feature","properties":{"elev":-263},"geometry":{"type":"Point","coordinates":[741374.9,3589149.2]}},{"type":"Feature","properties":{"elev":-245},"geometry":{"type":"Point","coordinates":[742314.3,3589149.2]}},{"type":"Feature","properties":{"elev":-221},"geometry":{"type":"Point","coordinates":[743253.7,3589149.2]}},{"type":"Feature","properties":{"elev":-161},"geometry":{"type":"Point","coordinates":[744193.1,3589149.2]}},{"type":"Feature","properties":{"elev":-62},"geometry":{"type":"Point","coordinates":[745132.5,3589149.2]}},{"type":"Feature","properties":{"elev":25},"geometry":{"type":"Point","coordinates":[746071.9,3589149.2]}},{"type":"Feature","properties":{"elev":164},"geometry":{"type":"Point","coordinates":[747011.2,3589149.2]}},{"type":"Feature","properties":{"elev":235},"geometry":{"type":"Point","coordinates":[747950.6,3589149.2]}},{"type":"Feature","properties":{"elev":296},"geometry":{"type":"Point","coordinates":[748890.0,3589149.2]}},{"type":"Feature","properties":{"elev":400},"geometry":{"type":"Point","coordinates":[749829.4,3589149.2]}},{"type":"Feature","properties":{"elev":460},"geometry":{"type":"Point","coordinates":[750768.8,3589149.2]}},{"type":"Feature","properties":{"elev":392},"geometry":{"type":"Point","coordinates":[751708.2,3589149.2]}},{"type":"Feature","properties":{"elev":370},"geometry":{"type":"Point","coordinates":[752647.5,3589149.2]}},{"type":"Feature","properties":{"elev":497},"geometry":{"type":"Point","coordinates":[753586.9,3589149.2]}},{"type":"Feature","properties":{"elev":574},"geometry":{"type":"Point","coordinates":[754526.3,3589149.2]}},{"type":"Feature","properties":{"elev":611},"geometry":{"type":"Point","coordinates":[755465.7,3589149.2]}},{"type":"Feature","properties":{"elev":822},"geometry":{"type":"Point","coordinates":[756405.1,3589149.2]}},{"type":"Feature","properties":{"elev":799},"geometry":{"type":"Point","coordinates":[757344.5,3589149.2]}},{"type":"Feature","properties":{"elev":647},"geometry":{"type":"Point","coordinates":[758283.9,3589149.2]}},{"type":"Feature","properties":{"elev":735},"geometry":{"type":"Point","coordinates":[759223.2,3589149.2]}},{"type":"Feature","properties":{"elev":725},"geometry":{"type":"Point","coordinates":[760162.6,3589149.2]}},{"type":"Feature","properties":{"elev":834},"geometry":{"type":"Point","coordinates":[761102.0,3589149.2]}},{"type":"Feature","properties":{"elev":953},"geometry":{"type":"Point","coordinates":[762041.4,3589149.2]}},{"type":"Feature","properties":{"elev":934},"geometry":{"type":"Point","coordinates":[762980.8,3589149.2]}},{"type":"Feature","properties":{"elev":1004},"geometry":{"type":"Point","coordinates":[763920.2,3589149.2]}},{"type":"Feature","properties":{"elev":1064},"geometry":{"type":"Point","coordinates":[764859.5,3589149.2]}},{"type":"Feature","properties":{"elev":1071},"geometry":{"type":"Point","coordinates":[765798.9,3589149.2]}},{"type":"Feature","properties":{"elev":989},"geometry":{"type":"Point","coordinates":[766738.3,3589149.2]}},{"type":"Feature","properties":{"elev":948},"geometry":{"type":"Point","coordinates":[767677.7,3589149.2]}},{"type":"Feature","properties":{"elev":961},"geometry":{"type":"Point","coordinates":[768617.1,3589149.2]}},{"type":"Feature","properties":{"elev":898},"geometry":{"type":"Point","coordinates":[769556.5,3589149.2]}},{"type":"Feature","properties":{"elev":891},"geometry":{"type":"Point","coordinates":[770495.8,3589149.2]}},{"type":"Feature","properties":{"elev":826},"geometry":{"type":"Point","coordinates":[771435.2,3589149.2]}},{"type":"Feature","properties":{"elev":850},"geometry":{"type":"Point","coordinates":[772374.6,3589149.2]}},{"type":"Feature","properties":{"elev":819},"geometry":{"type":"Point","coordinates":[773314.0,3589149.2]}},{"type":"Feature","properties":{"elev":758},"geometry":{"type":"Point","coordinates":[774253.4,3589149.2]}},{"type":"Feature","properties":{"elev":760},"geometry":{"type":"Point","coordinates":[775192.8,3589149.2]}},{"type":"Feature","properties":{"elev":758},"geometry":{"type":"Point","coordinates":[776132.1,3589149.2]}},{"type":"Feature","properties":{"elev":725},"geometry":{"type":"Point","coordinates":[777071.5,3589149.2]}},{"type":"Feature","properties":{"elev":748},"geometry":{"type":"Point","coordinates":[778010.9,3589149.2]}},{"type":"Feature","properties":{"elev":755},"geometry":{"type":"Point","coordinates":[778950.3,3589149.2]}},{"type":"Feature","properties":{"elev":730},"geometry":{"type":"Point","coordinates":[779889.7,3589149.2]}},{"type":"Feature","properties":{"elev":713},"geometry":{"type":"Point","coordinates":[780829.1,3589149.2]}},{"type":"Feature","properties":{"elev":705},"geometry":{"type":"Point","coordinates":[781768.5,3589149.2]}},{"type":"Feature","properties":{"elev":703},"geometry":{"type":"Point","coordinates":[782707.8,3589149.2]}},{"type":"Feature","properties":{"elev":716},"geometry":{"type":"Point","coordinates":[783647.2,3589149.2]}},{"type":"Feature","properties":{"elev":743},"geometry":{"type":"Point","coordinates":[784586.6,3589149.2]}},{"type":"Feature","properties":{"elev":703},"geometry":{"type":"Point","coordinates":[785526.0,3589149.2]}},{"type":"Feature","properties":{"elev":737},"geometry":{"type":"Point","coordinates":[786465.4,3589149.2]}},{"type":"Feature","properties":{"elev":719},"geometry":{"type":"Point","coordinates":[787404.8,3589149.2]}},{"type":"Feature","properties":{"elev":699},"geometry":{"type":"Point","coordinates":[788344.1,3589149.2]}},{"type":"Feature","properties":{"elev":758},"geometry":{"type":"Point","coordinates":[789283.5,3589149.2]}},{"type":"Feature","properties":{"elev":740},"geometry":{"type":"Point","coordinates":[790222.9,3589149.2]}},{"type":"Feature","properties":{"elev":741},"geometry":{"type":"Point","coordinates":[791162.3,3589149.2]}},{"type":"Feature","properties":{"elev":734},"geometry":{"type":"Point","coordinates":[792101.7,3589149.2]}},{"type":"Feature","properties":{"elev":744},"geometry":{"type":"Point","coordinates":[793041.1,3589149.2]}},{"type":"Feature","properties":{"elev":726},"geometry":{"type":"Point","coordinates":[793980.4,3589149.2]}},{"type":"Feature","properties":{"elev":749},"geometry":{"type":"Point","coordinates":[794919.8,3589149.2]}},{"type":"Feature","properties":{"elev":-154},"geometry":{"type":"Point","coordinates":[734799.3,3588209.9]}},{"type":"Feature","properties":{"elev":-182},"geometry":{"type":"Point","coordinates":[735738.6,3588209.9]}},{"type":"Feature","properties":{"elev":-199},"geometry":{"type":"Point","coordinates":[736678.0,3588209.9]}},{"type":"Feature","properties":{"elev":-220},"geometry":{"type":"Point","coordinates":[737617.4,3588209.9]}},{"type":"Feature","properties":{"elev":-232},"geometry":{"type":"Point","coordinates":[738556.8,3588209.9]}},{"type":"Feature","properties":{"elev":-262},"geometry":{"type":"Point","coordinates":[739496.2,3588209.9]}},{"type":"Feature","properties":{"elev":-287},"geometry":{"type":"Point","coordinates":[740435.6,3588209.9]}},{"type":"Feature","properties":{"elev":-286},"geometry":{"type":"Point","coordinates":[741374.9,3588209.9]}},{"type":"Feature","properties":{"elev":-252},"geometry":{"type":"Point","coordinates":[742314.3,3588209.9]}},{"type":"Feature","properties":{"elev":-223},"geometry":{"type":"Point","coordinates":[743253.7,3588209.9]}},{"type":"Feature","properties":{"elev":-173},"geometry":{"type":"Point","coordinates":[744193.1,3588209.9]}},{"type":"Feature","properties":{"elev":-106},"geometry":{"type":"Point","coordinates":[745132.5,3588209.9]}},{"type":"Feature","properties":{"elev":-14},"geometry":{"type":"Point","coordinates":[746071.9,3588209.9]}},{"type":"Feature","properties":{"elev":109},"geometry":{"type":"Point","coordinates":[747011.2,3588209.9]}},{"type":"Feature","properties":{"elev":224},"geometry":{"type":"Point","coordinates":[747950.6,3588209.9]}},{"type":"Feature","properties":{"elev":276},"geometry":{"type":"Point","coordinates":[748890.0,3588209.9]}},{"type":"Feature","properties":{"elev":252},"geometry":{"type":"Point","coordinates":[749829.4,3588209.9]}},{"type":"Feature","properties":{"elev":240},"geometry":{"type":"Point","coordinates":[750768.8,3588209.9]}},{"type":"Feature","properties":{"elev":333},"geometry":{"type":"Point","coordinates":[751708.2,3588209.9]}},{"type":"Feature","properties":{"elev":299},"geometry":{"type":"Point","coordinates":[752647.5,3588209.9]}},{"type":"Feature","properties":{"elev":357},"geometry":{"type":"Point","coordinates":[753586.9,3588209.9]}},{"type":"Feature","properties":{"elev":545},"geometry":{"type":"Point","coordinates":[754526.3,3588209.9]}},{"type":"Feature","properties":{"elev":652},"geometry":{"type":"Point","coordinates":[755465.7,3588209.9]}},{"type":"Feature","properties":{"elev":636},"geometry":{"type":"Point","coordinates":[756405.1,3588209.9]}},{"type":"Feature","properties":{"elev":614},"geometry":{"type":"Point","coordinates":[757344.5,3588209.9]}},{"type":"Feature","properties":{"elev":742},"geometry":{"type":"Point","coordinates":[758283.9,3588209.9]}},{"type":"Feature","properties":{"elev":756},"geometry":{"type":"Point","coordinates":[759223.2,3588209.9]}},{"type":"Feature","properties":{"elev":816},"geometry":{"type":"Point","coordinates":[760162.6,3588209.9]}},{"type":"Feature","properties":{"elev":932},"geometry":{"type":"Point","coordinates":[761102.0,3588209.9]}},{"type":"Feature","properties":{"elev":931},"geometry":{"type":"Point","coordinates":[762041.4,3588209.9]}},{"type":"Feature","properties":{"elev":954},"geometry":{"type":"Point","coordinates":[762980.8,3588209.9]}},{"type":"Feature","properties":{"elev":994},"geometry":{"type":"Point","coordinates":[763920.2,3588209.9]}},{"type":"Feature","properties":{"elev":1010},"geometry":{"type":"Point","coordinates":[764859.5,3588209.9]}},{"type":"Feature","properties":{"elev":1133},"geometry":{"type":"Point","coordinates":[765798.9,3588209.9]}},{"type":"Feature","properties":{"elev":1066},"geometry":{"type":"Point","coordinates":[766738.3,3588209.9]}},{"type":"Feature","properties":{"elev":1053},"geometry":{"type":"Point","coordinates":[767677.7,3588209.9]}},{"type":"Feature","properties":{"elev":986},"geometry":{"type":"Point","coordinates":[768617.1,3588209.9]}},{"type":"Feature","properties":{"elev":982},"geometry":{"type":"Point","coordinates":[769556.5,3588209.9]}},{"type":"Feature","properties":{"elev":957},"geometry":{"type":"Point","coordinates":[770495.8,3588209.9]}},{"type":"Feature","properties":{"elev":916},"geometry":{"type":"Point","coordinates":[771435.2,3588209.9]}},{"type":"Feature","properties":{"elev":872},"geometry":{"type":"Point","coordinates":[772374.6,3588209.9]}},{"type":"Feature","properties":{"elev":808},"geometry":{"type":"Point","coordinates":[773314.0,3588209.9]}},{"type":"Feature","properties":{"elev":758},"geometry":{"type":"Point","coordinates":[774253.4,3588209.9]}},{"type":"Feature","properties":{"elev":794},"geometry":{"type":"Point","coordinates":[775192.8,3588209.9]}},{"type":"Feature","properties":{"elev":772},"geometry":{"type":"Point","coordinates":[776132.1,3588209.9]}},{"type":"Feature","properties":{"elev":762},"geometry":{"type":"Point","coordinates":[777071.5,3588209.9]}},{"type":"Feature","properties":{"elev":787},"geometry":{"type":"Point","coordinates":[778010.9,3588209.9]}},{"type":"Feature","properties":{"elev":756},"geometry":{"type":"Point","coordinates":[778950.3,3588209.9]}},{"type":"Feature","properties":{"elev":755},"geometry":{"type":"Point","coordinates":[779889.7,3588209.9]}},{"type":"Feature","properties":{"elev":740},"geometry":{"type":"Point","coordinates":[780829.1,3588209.9]}},{"type":"Feature","properties":{"elev":731},"geometry":{"type":"Point","coordinates":[781768.5,3588209.9]}},{"type":"Feature","properties":{"elev":728},"geometry":{"type":"Point","coordinates":[782707.8,3588209.9]}},{"type":"Feature","properties":{"elev":730},"geometry":{"type":"Point","coordinates":[783647.2,3588209.9]}},{"type":"Feature","properties":{"elev":739},"geometry":{"type":"Point","coordinates":[784586.6,3588209.9]}},{"type":"Feature","properties":{"elev":742},"geometry":{"type":"Point","coordinates":[785526.0,3588209.9]}},{"type":"Feature","properties":{"elev":817},"geometry":{"type":"Point","coordinates":[786465.4,3588209.9]}},{"type":"Feature","properties":{"elev":775},"geometry":{"type":"Point","coordinates":[787404.8,3588209.9]}},{"type":"Feature","properties":{"elev":791},"geometry":{"type":"Point","coordinates":[788344.1,3588209.9]}},{"type":"Feature","properties":{"elev":739},"geometry":{"type":"Point","coordinates":[789283.5,3588209.9]}},{"type":"Feature","properties":{"elev":773},"geometry":{"type":"Point","coordinates":[790222.9,3588209.9]}},{"type":"Feature","properties":{"elev":784},"geometry":{"type":"Point","coordinates":[791162.3,3588209.9]}},{"type":"Feature","properties":{"elev":756},"geometry":{"type":"Point","coordinates":[792101.7,3588209.9]}},{"type":"Feature","properties":{"elev":758},"geometry":{"type":"Point","coordinates":[793041.1,3588209.9]}},{"type":"Feature","properties":{"elev":761},"geometry":{"type":"Point","coordinates":[793980.4,3588209.9]}},{"type":"Feature","properties":{"elev":757},"geometry":{"type":"Point","coordinates":[794919.8,3588209.9]}},{"type":"Feature","properties":{"elev":-145},"geometry":{"type":"Point","coordinates":[734799.3,3587270.6]}},{"type":"Feature","properties":{"elev":-168},"geometry":{"type":"Point","coordinates":[735738.6,3587270.6]}},{"type":"Feature","properties":{"elev":-196},"geometry":{"type":"Point","coordinates":[736678.0,3587270.6]}},{"type":"Feature","properties":{"elev":-214},"geometry":{"type":"Point","coordinates":[737617.4,3587270.6]}},{"type":"Feature","properties":{"elev":-237},"geometry":{"type":"Point","coordinates":[738556.8,3587270.6]}},{"type":"Feature","properties":{"elev":-261},"geometry":{"type":"Point","coordinates":[739496.2,3587270.6]}},{"type":"Feature","properties":{"elev":-287},"geometry":{"type":"Point","coordinates":[740435.6,3587270.6]}},{"type":"Feature","properties":{"elev":-268},"geometry":{"type":"Point","coordinates":[741374.9,3587270.6]}},{"type":"Feature","properties":{"elev":-249},"geometry":{"type":"Point","coordinates":[742314.3,3587270.6]}},{"type":"Feature","properties":{"elev":-224},"geometry":{"type":"Point","coordinates":[743253.7,3587270.6]}},{"type":"Feature","properties":{"elev":-117},"geometry":{"type":"Point","coordinates":[744193.1,3587270.6]}},{"type":"Feature","properties":{"elev":-66},"geometry":{"type":"Point","coordinates":[745132.5,3587270.6]}},{"type":"Feature","properties":{"elev":20},"geometry":{"type":"Point","coordinates":[746071.9,3587270.6]}},{"type":"Feature","properties":{"elev":88},"geometry":{"type":"Point","coordinates":[747011.2,3587270.6]}},{"type":"Feature","properties":{"elev":144},"geometry":{"type":"Point","coordinates":[747950.6,3587270.6]}},{"type":"Feature","properties":{"elev":356},"geometry":{"type":"Point","coordinates":[748890.0,3587270.6]}},{"type":"Feature","properties":{"elev":305},"geometry":{"type":"Point","coordinates":[749829.4,3587270.6]}},{"type":"Feature","properties":{"elev":493},"geometry":{"type":"Point","coordinates":[750768.8,3587270.6]}},{"type":"Feature","properties":{"elev":372},"geometry":{"type":"Point","coordinates":[751708.2,3587270.6]}},{"type":"Feature","properties":{"elev":399},"geometry":{"type":"Point","coordinates":[752647.5,3587270.6]}},{"type":"Feature","properties":{"elev":453},"geometry":{"type":"Point","coordinates":[753586.9,3587270.6]}},{"type":"Feature","properties":{"elev":409},"geometry":{"type":"Point","coordinates":[754526.3,3587270.6]}},{"type":"Feature","properties":{"elev":551},"geometry":{"type":"Point","coordinates":[755465.7,3587270.6]}},{"type":"Feature","properties":{"elev":573},"geometry":{"type":"Point","coordinates":[756405.1,3587270.6]}},{"type":"Feature","properties":{"elev":697},"geometry":{"type":"Point","coordinates":[757344.5,3587270.6]}},{"type":"Feature","properties":{"elev":742},"geometry":{"type":"Point","coordinates":[758283.9,3587270.6]}},{"type":"Feature","properties":{"elev":889},"geometry":{"type":"Point","coordinates":[759223.2,3587270.6]}},{"type":"Feature","properties":{"elev":830},"geometry":{"type":"Point","coordinates":[760162.6,3587270.6]}},{"type":"Feature","properties":{"elev":949},"geometry":{"type":"Point","coordinates":[761102.0,3587270.6]}},{"type":"Feature","properties":{"elev":1023},"geometry":{"type":"Point","coordinates":[762041.4,3587270.6]}},{"type":"Feature","properties":{"elev":992},"geometry":{"type":"Point","coordinates":[762980.8,3587270.6]}},{"type":"Feature","properties":{"elev":1061},"geometry":{"type":"Point","coordinates":[763920.2,3587270.6]}},{"type":"Feature","properties":{"elev":1099},"geometry":{"type":"Point","coordinates":[764859.5,3587270.6]}},{"type":"Feature","properties":{"elev":1087},"geometry":{"type":"Point","coordinates":[765798.9,3587270.6]}},{"type":"Feature","properties":{"elev":1080},"geometry":{"type":"Point","coordinates":[766738.3,3587270.6]}},{"type":"Feature","properties":{"elev":1026},"geometry":{"type":"Point","coordinates":[767677.7,3587270.6]}},{"type":"Feature","properties":{"elev":1058},"geometry":{"type":"Point","coordinates":[768617.1,3587270.6]}},{"type":"Feature","properties":{"elev":973},"geometry":{"type":"Point","coordinates":[769556.5,3587270.6]}},{"type":"Feature","properties":{"elev":947},"geometry":{"type":"Point","coordinates":[770495.8,3587270.6]}},{"type":"Feature","properties":{"elev":914},"geometry":{"type":"Point","coordinates":[771435.2,3587270.6]}},{"type":"Feature","properties":{"elev":895},"geometry":{"type":"Point","coordinates":[772374.6,3587270.6]}},{"type":"Feature","properties":{"elev":820},"geometry":{"type":"Point","coordinates":[773314.0,3587270.6]}},{"type":"Feature","properties":{"elev":827},"geometry":{"type":"Point","coordinates":[774253.4,3587270.6]}},{"type":"Feature","properties":{"elev":810},"geometry":{"type":"Point","coordinates":[775192.8,3587270.6]}},{"type":"Feature","properties":{"elev":825},"geometry":{"type":"Point","coordinates":[776132.1,3587270.6]}},{"type":"Feature","properties":{"elev":749},"geometry":{"type":"Point","coordinates":[777071.5,3587270.6]}},{"type":"Feature","properties":{"elev":799},"geometry":{"type":"Point","coordinates":[778010.9,3587270.6]}},{"type":"Feature","properties":{"elev":811},"geometry":{"type":"Point","coordinates":[778950.3,3587270.6]}},{"type":"Feature","properties":{"elev":761},"geometry":{"type":"Point","coordinates":[779889.7,3587270.6]}},{"type":"Feature","properties":{"elev":792},"geometry":{"type":"Point","coordinates":[780829.1,3587270.6]}},{"type":"Feature","properties":{"elev":789},"geometry":{"type":"Point","coordinates":[781768.5,3587270.6]}},{"type":"Feature","properties":{"elev":743},"geometry":{"type":"Point","coordinates":[782707.8,3587270.6]}},{"type":"Feature","properties":{"elev":761},"geometry":{"type":"Point","coordinates":[783647.2,3587270.6]}},{"type":"Feature","properties":{"elev":822},"geometry":{"type":"Point","coordinates":[784586.6,3587270.6]}},{"type":"Feature","properties":{"elev":850},"geometry":{"type":"Point","coordinates":[785526.0,3587270.6]}},{"type":"Feature","properties":{"elev":843},"geometry":{"type":"Point","coordinates":[786465.4,3587270.6]}},{"type":"Feature","properties":{"elev":777},"geometry":{"type":"Point","coordinates":[787404.8,3587270.6]}},{"type":"Feature","properties":{"elev":842},"geometry":{"type":"Point","coordinates":[788344.1,3587270.6]}},{"type":"Feature","properties":{"elev":803},"geometry":{"type":"Point","coordinates":[789283.5,3587270.6]}},{"type":"Feature","properties":{"elev":780},"geometry":{"type":"Point","coordinates":[790222.9,3587270.6]}},{"type":"Feature","properties":{"elev":790},"geometry":{"type":"Point","coordinates":[791162.3,3587270.6]}},{"type":"Feature","properties":{"elev":784},"geometry":{"type":"Point","coordinates":[792101.7,3587270.6]}},{"type":"Feature","properties":{"elev":774},"geometry":{"type":"Point","coordinates":[793041.1,3587270.6]}},{"type":"Feature","properties":{"elev":762},"geometry":{"type":"Point","coordinates":[793980.4,3587270.6]}},{"type":"Feature","properties":{"elev":746},"geometry":{"type":"Point","coordinates":[794919.8,3587270.6]}},{"type":"Feature","properties":{"elev":-131},"geometry":{"type":"Point","coordinates":[734799.3,3586331.3]}},{"type":"Feature","properties":{"elev":-163},"geometry":{"type":"Point","coordinates":[735738.6,3586331.3]}},{"type":"Feature","properties":{"elev":-192},"geometry":{"type":"Point","coordinates":[736678.0,3586331.3]}},{"type":"Feature","properties":{"elev":-219},"geometry":{"type":"Point","coordinates":[737617.4,3586331.3]}},{"type":"Feature","properties":{"elev":-247},"geometry":{"type":"Point","coordinates":[738556.8,3586331.3]}},{"type":"Feature","properties":{"elev":-268},"geometry":{"type":"Point","coordinates":[739496.2,3586331.3]}},{"type":"Feature","properties":{"elev":-296},"geometry":{"type":"Point","coordinates":[740435.6,3586331.3]}},{"type":"Feature","properties":{"elev":-258},"geometry":{"type":"Point","coordinates":[741374.9,3586331.3]}},{"type":"Feature","properties":{"elev":-254},"geometry":{"type":"Point","coordinates":[742314.3,3586331.3]}},{"type":"Feature","properties":{"elev":-224},"geometry":{"type":"Point","coordinates":[743253.7,3586331.3]}},{"type":"Feature","properties":{"elev":-87},"geometry":{"type":"Point","coordinates":[744193.1,3586331.3]}},{"type":"Feature","properties":{"elev":-92},"geometry":{"type":"Point","coordinates":[745132.5,3586331.3]}},{"type":"Feature","properties":{"elev":75},"geometry":{"type":"Point","coordinates":[746071.9,3586331.3]}},{"type":"Feature","properties":{"elev":180},"geometry":{"type":"Point","coordinates":[747011.2,3586331.3]}},{"type":"Feature","properties":{"elev":271},"geometry":{"type":"Point","coordinates":[747950.6,3586331.3]}},{"type":"Feature","properties":{"elev":383},"geometry":{"type":"Point","coordinates":[748890.0,3586331.3]}},{"type":"Feature","properties":{"elev":414},"geometry":{"type":"Point","coordinates":[749829.4,3586331.3]}},{"type":"Feature","properties":{"elev":436},"geometry":{"type":"Point","coordinates":[750768.8,3586331.3]}},{"type":"Feature","properties":{"elev":449},"geometry":{"type":"Point","coordinates":[751708.2,3586331.3]}},{"type":"Feature","properties":{"elev":390},"geometry":{"type":"Point","coordinates":[752647.5,3586331.3]}},{"type":"Feature","properties":{"elev":450},"geometry":{"type":"Point","coordinates":[753586.9,3586331.3]}},{"type":"Feature","properties":{"elev":580},"geometry":{"type":"Point","coordinates":[754526.3,3586331.3]}},{"type":"Feature","properties":{"elev":632},"geometry":{"type":"Point","coordinates":[755465.7,3586331.3]}},{"type":"Feature","properties":{"elev":650},"geometry":{"type":"Point","coordinates":[756405.1,3586331.3]}},{"type":"Feature","properties":{"elev":702},"geometry":{"type":"Point","coordinates":[757344.5,3586331.3]}},{"type":"Feature","properties":{"elev":918},"geometry":{"type":"Point","coordinates":[758283.9,3586331.3]}},{"type":"Feature","properties":{"elev":972},"geometry":{"type":"Point","coordinates":[759223.2,3586331.3]}},{"type":"Feature","properties":{"elev":924},"geometry":{"type":"Point","coordinates":[760162.6,3586331.3]}},{"type":"Feature","properties":{"elev":962},"geometry":{"type":"Point","coordinates":[761102.0,3586331.3]}},{"type":"Feature","properties":{"elev":934},"geometry":{"type":"Point","coordinates":[762041.4,3586331.3]}},{"type":"Feature","properties":{"elev":1043},"geometry":{"type":"Point","coordinates":[762980.8,3586331.3]}},{"type":"Feature","properties":{"elev":1076},"geometry":{"type":"Point","coordinates":[763920.2,3586331.3]}},{"type":"Feature","properties":{"elev":1131},"geometry":{"type":"Point","coordinates":[764859.5,3586331.3]}},{"type":"Feature","properties":{"elev":1106},"geometry":{"type":"Point","coordinates":[765798.9,3586331.3]}},{"type":"Feature","properties":{"elev":1056},"geometry":{"type":"Point","coordinates":[766738.3,3586331.3]}},{"type":"Feature","properties":{"elev":1096},"geometry":{"type":"Point","coordinates":[767677.7,3586331.3]}},{"type":"Feature","properties":{"elev":989},"geometry":{"type":"Point","coordinates":[768617.1,3586331.3]}},{"type":"Feature","properties":{"elev":1018},"geometry":{"type":"Point","coordinates":[769556.5,3586331.3]}},{"type":"Feature","properties":{"elev":991},"geometry":{"type":"Point","coordinates":[770495.8,3586331.3]}},{"type":"Feature","properties":{"elev":937},"geometry":{"type":"Point","coordinates":[771435.2,3586331.3]}},{"type":"Feature","properties":{"elev":900},"geometry":{"type":"Point","coordinates":[772374.6,3586331.3]}},{"type":"Feature","properties":{"elev":870},"geometry":{"type":"Point","coordinates":[773314.0,3586331.3]}},{"type":"Feature","properties":{"elev":877},"geometry":{"type":"Point","coordinates":[774253.4,3586331.3]}},{"type":"Feature","properties":{"elev":895},"geometry":{"type":"Point","coordinates":[775192.8,3586331.3]}},{"type":"Feature","properties":{"elev":849},"geometry":{"type":"Point","coordinates":[776132.1,3586331.3]}},{"type":"Feature","properties":{"elev":805},"geometry":{"type":"Point","coordinates":[777071.5,3586331.3]}},{"type":"Feature","properties":{"elev":799},"geometry":{"type":"Point","coordinates":[778010.9,3586331.3]}},{"type":"Feature","properties":{"elev":829},"geometry":{"type":"Point","coordinates":[778950.3,3586331.3]}},{"type":"Feature","properties":{"elev":793},"geometry":{"type":"Point","coordinates":[779889.7,3586331.3]}},{"type":"Feature","properties":{"elev":842},"geometry":{"type":"Point","coordinates":[780829.1,3586331.3]}},{"type":"Feature","properties":{"elev":800},"geometry":{"type":"Point","coordinates":[781768.5,3586331.3]}},{"type":"Feature","properties":{"elev":767},"geometry":{"type":"Point","coordinates":[782707.8,3586331.3]}},{"type":"Feature","properties":{"elev":760},"geometry":{"type":"Point","coordinates":[783647.2,3586331.3]}},{"type":"Feature","properties":{"elev":831},"geometry":{"type":"Point","coordinates":[784586.6,3586331.3]}},{"type":"Feature","properties":{"elev":865},"geometry":{"type":"Point","coordinates":[785526.0,3586331.3]}},{"type":"Feature","properties":{"elev":834},"geometry":{"type":"Point","coordinates":[786465.4,3586331.3]}},{"type":"Feature","properties":{"elev":839},"geometry":{"type":"Point","coordinates":[787404.8,3586331.3]}},{"type":"Feature","properties":{"elev":843},"geometry":{"type":"Point","coordinates":[788344.1,3586331.3]}},{"type":"Feature","properties":{"elev":860},"geometry":{"type":"Point","coordinates":[789283.5,3586331.3]}},{"type":"Feature","properties":{"elev":827},"geometry":{"type":"Point","coordinates":[790222.9,3586331.3]}},{"type":"Feature","properties":{"elev":802},"geometry":{"type":"Point","coordinates":[791162.3,3586331.3]}},{"type":"Feature","properties":{"elev":778},"geometry":{"type":"Point","coordinates":[792101.7,3586331.3]}},{"type":"Feature","properties":{"elev":755},"geometry":{"type":"Point","coordinates":[793041.1,3586331.3]}},{"type":"Feature","properties":{"elev":747},"geometry":{"type":"Point","coordinates":[793980.4,3586331.3]}},{"type":"Feature","properties":{"elev":736},"geometry":{"type":"Point","coordinates":[794919.8,3586331.3]}},{"type":"Feature","properties":{"elev":-129},"geometry":{"type":"Point","coordinates":[734799.3,3585392.0]}},{"type":"Feature","properties":{"elev":-162},"geometry":{"type":"Point","coordinates":[735738.6,3585392.0]}},{"type":"Feature","properties":{"elev":-194},"geometry":{"type":"Point","coordinates":[736678.0,3585392.0]}},{"type":"Feature","properties":{"elev":-211},"geometry":{"type":"Point","coordinates":[737617.4,3585392.0]}},{"type":"Feature","properties":{"elev":-233},"geometry":{"type":"Point","coordinates":[738556.8,3585392.0]}},{"type":"Feature","properties":{"elev":-252},"geometry":{"type":"Point","coordinates":[739496.2,3585392.0]}},{"type":"Feature","properties":{"elev":-300},"geometry":{"type":"Point","coordinates":[740435.6,3585392.0]}},{"type":"Feature","properties":{"elev":-284},"geometry":{"type":"Point","coordinates":[741374.9,3585392.0]}},{"type":"Feature","properties":{"elev":-248},"geometry":{"type":"Point","coordinates":[742314.3,3585392.0]}},{"type":"Feature","properties":{"elev":-207},"geometry":{"type":"Point","coordinates":[743253.7,3585392.0]}},{"type":"Feature","properties":{"elev":-99},"geometry":{"type":"Point","coordinates":[744193.1,3585392.0]}},{"type":"Feature","properties":{"elev":-2},"geometry":{"type":"Point","coordinates":[745132.5,3585392.0]}},{"type":"Feature","properties":{"elev":41},"geometry":{"type":"Point","coordinates":[746071.9,3585392.0]}},{"type":"Feature","properties":{"elev":162},"geometry":{"type":"Point","coordinates":[747011.2,3585392.0]}},{"type":"Feature","properties":{"elev":235},"geometry":{"type":"Point","coordinates":[747950.6,3585392.0]}},{"type":"Feature","properties":{"elev":305},"geometry":{"type":"Point","coordinates":[748890.0,3585392.0]}},{"type":"Feature","properties":{"elev":383},"geometry":{"type":"Point","coordinates":[749829.4,3585392.0]}},{"type":"Feature","properties":{"elev":445},"geometry":{"type":"Point","coordinates":[750768.8,3585392.0]}},{"type":"Feature","properties":{"elev":576},"geometry":{"type":"Point","coordinates":[751708.2,3585392.0]}},{"type":"Feature","properties":{"elev":452},"geometry":{"type":"Point","coordinates":[752647.5,3585392.0]}},{"type":"Feature","properties":{"elev":424},"geometry":{"type":"Point","coordinates":[753586.9,3585392.0]}},{"type":"Feature","properties":{"elev":474},"geometry":{"type":"Point","coordinates":[754526.3,3585392.0]}},{"type":"Feature","properties":{"elev":600},"geometry":{"type":"Point","coordinates":[755465.7,3585392.0]}},{"type":"Feature","properties":{"elev":719},"geometry":{"type":"Point","coordinates":[756405.1,3585392.0]}},{"type":"Feature","properties":{"elev":821},"geometry":{"type":"Point","coordinates":[757344.5,3585392.0]}},{"type":"Feature","properties":{"elev":725},"geometry":{"type":"Point","coordinates":[758283.9,3585392.0]}},{"type":"Feature","properties":{"elev":891},"geometry":{"type":"Point","coordinates":[759223.2,3585392.0]}},{"type":"Feature","properties":{"elev":1026},"geometry":{"type":"Point","coordinates":[760162.6,3585392.0]}},{"type":"Feature","properties":{"elev":943},"geometry":{"type":"Point","coordinates":[761102.0,3585392.0]}},{"type":"Feature","properties":{"elev":1010},"geometry":{"type":"Point","coordinates":[762041.4,3585392.0]}},{"type":"Feature","properties":{"elev":1034},"geometry":{"type":"Point","coordinates":[762980.8,3585392.0]}},{"type":"Feature","properties":{"elev":1106},"geometry":{"type":"Point","coordinates":[763920.2,3585392.0]}},{"type":"Feature","properties":{"elev":1117},"geometry":{"type":"Point","coordinates":[764859.5,3585392.0]}},{"type":"Feature","properties":{"elev":1101},"geometry":{"type":"Point","coordinates":[765798.9,3585392.0]}},{"type":"Feature","properties":{"elev":1087},"geometry":{"type":"Point","coordinates":[766738.3,3585392.0]}},{"type":"Feature","properties":{"elev":1075},"geometry":{"type":"Point","coordinates":[767677.7,3585392.0]}},{"type":"Feature","properties":{"elev":1053},"geometry":{"type":"Point","coordinates":[768617.1,3585392.0]}},{"type":"Feature","properties":{"elev":964},"geometry":{"type":"Point","coordinates":[769556.5,3585392.0]}},{"type":"Feature","properties":{"elev":984},"geometry":{"type":"Point","coordinates":[770495.8,3585392.0]}},{"type":"Feature","properties":{"elev":955},"geometry":{"type":"Point","coordinates":[771435.2,3585392.0]}},{"type":"Feature","properties":{"elev":890},"geometry":{"type":"Point","coordinates":[772374.6,3585392.0]}},{"type":"Feature","properties":{"elev":887},"geometry":{"type":"Point","coordinates":[773314.0,3585392.0]}},{"type":"Feature","properties":{"elev":896},"geometry":{"type":"Point","coordinates":[774253.4,3585392.0]}},{"type":"Feature","properties":{"elev":850},"geometry":{"type":"Point","coordinates":[775192.8,3585392.0]}},{"type":"Feature","properties":{"elev":872},"geometry":{"type":"Point","coordinates":[776132.1,3585392.0]}},{"type":"Feature","properties":{"elev":801},"geometry":{"type":"Point","coordinates":[777071.5,3585392.0]}},{"type":"Feature","properties":{"elev":865},"geometry":{"type":"Point","coordinates":[778010.9,3585392.0]}},{"type":"Feature","properties":{"elev":894},"geometry":{"type":"Point","coordinates":[778950.3,3585392.0]}},{"type":"Feature","properties":{"elev":892},"geometry":{"type":"Point","coordinates":[779889.7,3585392.0]}},{"type":"Feature","properties":{"elev":826},"geometry":{"type":"Point","coordinates":[780829.1,3585392.0]}},{"type":"Feature","properties":{"elev":817},"geometry":{"type":"Point","coordinates":[781768.5,3585392.0]}},{"type":"Feature","properties":{"elev":813},"geometry":{"type":"Point","coordinates":[782707.8,3585392.0]}},{"type":"Feature","properties":{"elev":808},"geometry":{"type":"Point","coordinates":[783647.2,3585392.0]}},{"type":"Feature","properties":{"elev":847},"geometry":{"type":"Point","coordinates":[784586.6,3585392.0]}},{"type":"Feature","properties":{"elev":873},"geometry":{"type":"Point","coordinates":[785526.0,3585392.0]}},{"type":"Feature","properties":{"elev":932},"geometry":{"type":"Point","coordinates":[786465.4,3585392.0]}},{"type":"Feature","properties":{"elev":897},"geometry":{"type":"Point","coordinates":[787404.8,3585392.0]}},{"type":"Feature","properties":{"elev":866},"geometry":{"type":"Point","coordinates":[788344.1,3585392.0]}},{"type":"Feature","properties":{"elev":822},"geometry":{"type":"Point","coordinates":[789283.5,3585392.0]}},{"type":"Feature","properties":{"elev":800},"geometry":{"type":"Point","coordinates":[790222.9,3585392.0]}},{"type":"Feature","properties":{"elev":788},"geometry":{"type":"Point","coordinates":[791162.3,3585392.0]}},{"type":"Feature","properties":{"elev":786},"geometry":{"type":"Point","coordinates":[792101.7,3585392.0]}},{"type":"Feature","properties":{"elev":764},"geometry":{"type":"Point","coordinates":[793041.1,3585392.0]}},{"type":"Feature","properties":{"elev":749},"geometry":{"type":"Point","coordinates":[793980.4,3585392.0]}},{"type":"Feature","properties":{"elev":742},"geometry":{"type":"Point","coordinates":[794919.8,3585392.0]}},{"type":"Feature","properties":{"elev":-67},"geometry":{"type":"Point","coordinates":[734799.3,3584452.6]}},{"type":"Feature","properties":{"elev":-158},"geometry":{"type":"Point","coordinates":[735738.6,3584452.6]}},{"type":"Feature","properties":{"elev":-188},"geometry":{"type":"Point","coordinates":[736678.0,3584452.6]}},{"type":"Feature","properties":{"elev":-201},"geometry":{"type":"Point","coordinates":[737617.4,3584452.6]}},{"type":"Feature","properties":{"elev":-202},"geometry":{"type":"Point","coordinates":[738556.8,3584452.6]}},{"type":"Feature","properties":{"elev":-239},"geometry":{"type":"Point","coordinates":[739496.2,3584452.6]}},{"type":"Feature","properties":{"elev":-292},"geometry":{"type":"Point","coordinates":[740435.6,3584452.6]}},{"type":"Feature","properties":{"elev":-263},"geometry":{"type":"Point","coordinates":[741374.9,3584452.6]}},{"type":"Feature","properties":{"elev":-234},"geometry":{"type":"Point","coordinates":[742314.3,3584452.6]}},{"type":"Feature","properties":{"elev":-155},"geometry":{"type":"Point","coordinates":[743253.7,3584452.6]}},{"type":"Feature","properties":{"elev":-95},"geometry":{"type":"Point","coordinates":[744193.1,3584452.6]}},{"type":"Feature","properties":{"elev":-37},"geometry":{"type":"Point","coordinates":[745132.5,3584452.6]}},{"type":"Feature","properties":{"elev":35},"geometry":{"type":"Point","coordinates":[746071.9,3584452.6]}},{"type":"Feature","properties":{"elev":111},"geometry":{"type":"Point","coordinates":[747011.2,3584452.6]}},{"type":"Feature","properties":{"elev":212},"geometry":{"type":"Point","coordinates":[747950.6,3584452.6]}},{"type":"Feature","properties":{"elev":406},"geometry":{"type":"Point","coordinates":[748890.0,3584452.6]}},{"type":"Feature","properties":{"elev":537},"geometry":{"type":"Point","coordinates":[749829.4,3584452.6]}},{"type":"Feature","properties":{"elev":517},"geometry":{"type":"Point","coordinates":[750768.8,3584452.6]}},{"type":"Feature","properties":{"elev":608},"geometry":{"type":"Point","coordinates":[751708.2,3584452.6]}},{"type":"Feature","properties":{"elev":493},"geometry":{"type":"Point","coordinates":[752647.5,3584452.6]}},{"type":"Feature","properties":{"elev":512},"geometry":{"type":"Point","coordinates":[753586.9,3584452.6]}},{"type":"Feature","properties":{"elev":581},"geometry":{"type":"Point","coordinates":[754526.3,3584452.6]}},{"type":"Feature","properties":{"elev":796},"geometry":{"type":"Point","coordinates":[755465.7,3584452.6]}},{"type":"Feature","properties":{"elev":759},"geometry":{"type":"Point","coordinates":[756405.1,3584452.6]}},{"type":"Feature","properties":{"elev":825},"geometry":{"type":"Point","coordinates":[757344.5,3584452.6]}},{"type":"Feature","properties":{"elev":832},"geometry":{"type":"Point","coordinates":[758283.9,3584452.6]}},{"type":"Feature","properties":{"elev":861},"geometry":{"type":"Point","coordinates":[759223.2,3584452.6]}},{"type":"Feature","properties":{"elev":987},"geometry":{"type":"Point","coordinates":[760162.6,3584452.6]}},{"type":"Feature","properties":{"elev":990},"geometry":{"type":"Point","coordinates":[761102.0,3584452.6]}},{"type":"Feature","properties":{"elev":1041},"geometry":{"type":"Point","coordinates":[762041.4,3584452.6]}},{"type":"Feature","properties":{"elev":1096},"geometry":{"type":"Point","coordinates":[762980.8,3584452.6]}},{"type":"Feature","properties":{"elev":1101},"geometry":{"type":"Point","coordinates":[763920.2,3584452.6]}},{"type":"Feature","properties":{"elev":1144},"geometry":{"type":"Point","coordinates":[764859.5,3584452.6]}},{"type":"Feature","properties":{"elev":1134},"geometry":{"type":"Point","coordinates":[765798.9,3584452.6]}},{"type":"Feature","properties":{"elev":1073},"geometry":{"type":"Point","coordinates":[766738.3,3584452.6]}},{"type":"Feature","properties":{"elev":1039},"geometry":{"type":"Point","coordinates":[767677.7,3584452.6]}},{"type":"Feature","properties":{"elev":1012},"geometry":{"type":"Point","coordinates":[768617.1,3584452.6]}},{"type":"Feature","properties":{"elev":984},"geometry":{"type":"Point","coordinates":[769556.5,3584452.6]}},{"type":"Feature","properties":{"elev":952},"geometry":{"type":"Point","coordinates":[770495.8,3584452.6]}},{"type":"Feature","properties":{"elev":901},"geometry":{"type":"Point","coordinates":[771435.2,3584452.6]}},{"type":"Feature","properties":{"elev":880},"geometry":{"type":"Point","coordinates":[772374.6,3584452.6]}},{"type":"Feature","properties":{"elev":905},"geometry":{"type":"Point","coordinates":[773314.0,3584452.6]}},{"type":"Feature","properties":{"elev":868},"geometry":{"type":"Point","coordinates":[774253.4,3584452.6]}},{"type":"Feature","properties":{"elev":824},"geometry":{"type":"Point","coordinates":[775192.8,3584452.6]}},{"type":"Feature","properties":{"elev":864},"geometry":{"type":"Point","coordinates":[776132.1,3584452.6]}},{"type":"Feature","properties":{"elev":898},"geometry":{"type":"Point","coordinates":[777071.5,3584452.6]}},{"type":"Feature","properties":{"elev":893},"geometry":{"type":"Point","coordinates":[778010.9,3584452.6]}},{"type":"Feature","properties":{"elev":866},"geometry":{"type":"Point","coordinates":[778950.3,3584452.6]}},{"type":"Feature","properties":{"elev":919},"geometry":{"type":"Point","coordinates":[779889.7,3584452.6]}},{"type":"Feature","properties":{"elev":880},"geometry":{"type":"Point","coordinates":[780829.1,3584452.6]}},{"type":"Feature","properties":{"elev":858},"geometry":{"type":"Point","coordinates":[781768.5,3584452.6]}},{"type":"Feature","properties":{"elev":905},"geometry":{"type":"Point","coordinates":[782707.8,3584452.6]}},{"type":"Feature","properties":{"elev":879},"geometry":{"type":"Point","coordinates":[783647.2,3584452.6]}},{"type":"Feature","properties":{"elev":848},"geometry":{"type":"Point","coordinates":[784586.6,3584452.6]}},{"type":"Feature","properties":{"elev":853},"geometry":{"type":"Point","coordinates":[785526.0,3584452.6]}},{"type":"Feature","properties":{"elev":895},"geometry":{"type":"Point","coordinates":[786465.4,3584452.6]}},{"type":"Feature","properties":{"elev":900},"geometry":{"type":"Point","coordinates":[787404.8,3584452.6]}},{"type":"Feature","properties":{"elev":859},"geometry":{"type":"Point","coordinates":[788344.1,3584452.6]}},{"type":"Feature","properties":{"elev":832},"geometry":{"type":"Point","coordinates":[789283.5,3584452.6]}},{"type":"Feature","properties":{"elev":843},"geometry":{"type":"Point","coordinates":[790222.9,3584452.6]}},{"type":"Feature","properties":{"elev":797},"geometry":{"type":"Point","coordinates":[791162.3,3584452.6]}},{"type":"Feature","properties":{"elev":817},"geometry":{"type":"Point","coordinates":[792101.7,3584452.6]}},{"type":"Feature","properties":{"elev":793},"geometry":{"type":"Point","coordinates":[793041.1,3584452.6]}},{"type":"Feature","properties":{"elev":789},"geometry":{"type":"Point","coordinates":[793980.4,3584452.6]}},{"type":"Feature","properties":{"elev":777},"geometry":{"type":"Point","coordinates":[794919.8,3584452.6]}},{"type":"Feature","properties":{"elev":-18},"geometry":{"type":"Point","coordinates":[734799.3,3583513.3]}},{"type":"Feature","properties":{"elev":-123},"geometry":{"type":"Point","coordinates":[735738.6,3583513.3]}},{"type":"Feature","properties":{"elev":-184},"geometry":{"type":"Point","coordinates":[736678.0,3583513.3]}},{"type":"Feature","properties":{"elev":-190},"geometry":{"type":"Point","coordinates":[737617.4,3583513.3]}},{"type":"Feature","properties":{"elev":-212},"geometry":{"type":"Point","coordinates":[738556.8,3583513.3]}},{"type":"Feature","properties":{"elev":-232},"geometry":{"type":"Point","coordinates":[739496.2,3583513.3]}},{"type":"Feature","properties":{"elev":-298},"geometry":{"type":"Point","coordinates":[740435.6,3583513.3]}},{"type":"Feature","properties":{"elev":-260},"geometry":{"type":"Point","coordinates":[741374.9,3583513.3]}},{"type":"Feature","properties":{"elev":-221},"geometry":{"type":"Point","coordinates":[742314.3,3583513.3]}},{"type":"Feature","properties":{"elev":-169},"geometry":{"type":"Point","coordinates":[743253.7,3583513.3]}},{"type":"Feature","properties":{"elev":-91},"geometry":{"type":"Point","coordinates":[744193.1,3583513.3]}},{"type":"Feature","properties":{"elev":-16},"geometry":{"type":"Point","coordinates":[745132.5,3583513.3]}},{"type":"Feature","properties":{"elev":45},"geometry":{"type":"Point","coordinates":[746071.9,3583513.3]}},{"type":"Feature","properties":{"elev":264},"geometry":{"type":"Point","coordinates":[747011.2,3583513.3]}},{"type":"Feature","properties":{"elev":363},"geometry":{"type":"Point","coordinates":[747950.6,3583513.3]}},{"type":"Feature","properties":{"elev":402},"geometry":{"type":"Point","coordinates":[748890.0,3583513.3]}},{"type":"Feature","properties":{"elev":495},"geometry":{"type":"Point","coordinates":[749829.4,3583513.3]}},{"type":"Feature","properties":{"elev":522},"geometry":{"type":"Point","coordinates":[750768.8,3583513.3]}},{"type":"Feature","properties":{"elev":657},"geometry":{"type":"Point","coordinates":[751708.2,3583513.3]}},{"type":"Feature","properties":{"elev":610},"geometry":{"type":"Point","coordinates":[752647.5,3583513.3]}},{"type":"Feature","properties":{"elev":600},"geometry":{"type":"Point","coordinates":[753586.9,3583513.3]}},{"type":"Feature","properties":{"elev":691},"geometry":{"type":"Point","coordinates":[754526.3,3583513.3]}},{"type":"Feature","properties":{"elev":800},"geometry":{"type":"Point","coordinates":[755465.7,3583513.3]}},{"type":"Feature","properties":{"elev":887},"geometry":{"type":"Point","coordinates":[756405.1,3583513.3]}},{"type":"Feature","properties":{"elev":939},"geometry":{"type":"Point","coordinates":[757344.5,3583513.3]}},{"type":"Feature","properties":{"elev":943},"geometry":{"type":"Point","coordinates":[758283.9,3583513.3]}},{"type":"Feature","properties":{"elev":959},"geometry":{"type":"Point","coordinates":[759223.2,3583513.3]}},{"type":"Feature","properties":{"elev":1014},"geometry":{"type":"Point","coordinates":[760162.6,3583513.3]}},{"type":"Feature","properties":{"elev":1082},"geometry":{"type":"Point","coordinates":[761102.0,3583513.3]}},{"type":"Feature","properties":{"elev":1089},"geometry":{"type":"Point","coordinates":[762041.4,3583513.3]}},{"type":"Feature","properties":{"elev":1108},"geometry":{"type":"Point","coordinates":[762980.8,3583513.3]}},{"type":"Feature","properties":{"elev":1114},"geometry":{"type":"Point","coordinates":[763920.2,3583513.3]}},{"type":"Feature","properties":{"elev":1086},"geometry":{"type":"Point","coordinates":[764859.5,3583513.3]}},{"type":"Feature","properties":{"elev":1068},"geometry":{"type":"Point","coordinates":[765798.9,3583513.3]}},{"type":"Feature","properties":{"elev":1068},"geometry":{"type":"Point","coordinates":[766738.3,3583513.3]}},{"type":"Feature","properties":{"elev":1080},"geometry":{"type":"Point","coordinates":[767677.7,3583513.3]}},{"type":"Feature","properties":{"elev":1019},"geometry":{"type":"Point","coordinates":[768617.1,3583513.3]}},{"type":"Feature","properties":{"elev":1055},"geometry":{"type":"Point","coordinates":[769556.5,3583513.3]}},{"type":"Feature","properties":{"elev":932},"geometry":{"type":"Point","coordinates":[770495.8,3583513.3]}},{"type":"Feature","properties":{"elev":962},"geometry":{"type":"Point","coordinates":[771435.2,3583513.3]}},{"type":"Feature","properties":{"elev":940},"geometry":{"type":"Point","coordinates":[772374.6,3583513.3]}},{"type":"Feature","properties":{"elev":914},"geometry":{"type":"Point","coordinates":[773314.0,3583513.3]}},{"type":"Feature","properties":{"elev":863},"geometry":{"type":"Point","coordinates":[774253.4,3583513.3]}},{"type":"Feature","properties":{"elev":906},"geometry":{"type":"Point","coordinates":[775192.8,3583513.3]}},{"type":"Feature","properties":{"elev":931},"geometry":{"type":"Point","coordinates":[776132.1,3583513.3]}},{"type":"Feature","properties":{"elev":963},"geometry":{"type":"Point","coordinates":[777071.5,3583513.3]}},{"type":"Feature","properties":{"elev":928},"geometry":{"type":"Point","coordinates":[778010.9,3583513.3]}},{"type":"Feature","properties":{"elev":940},"geometry":{"type":"Point","coordinates":[778950.3,3583513.3]}},{"type":"Feature","properties":{"elev":880},"geometry":{"type":"Point","coordinates":[779889.7,3583513.3]}},{"type":"Feature","properties":{"elev":898},"geometry":{"type":"Point","coordinates":[780829.1,3583513.3]}},{"type":"Feature","properties":{"elev":963},"geometry":{"type":"Point","coordinates":[781768.5,3583513.3]}},{"type":"Feature","properties":{"elev":917},"geometry":{"type":"Point","coordinates":[782707.8,3583513.3]}},{"type":"Feature","properties":{"elev":908},"geometry":{"type":"Point","coordinates":[783647.2,3583513.3]}},{"type":"Feature","properties":{"elev":887},"geometry":{"type":"Point","coordinates":[784586.6,3583513.3]}},{"type":"Feature","properties":{"elev":871},"geometry":{"type":"Point","coordinates":[785526.0,3583513.3]}},{"type":"Feature","properties":{"elev":912},"geometry":{"type":"Point","coordinates":[786465.4,3583513.3]}},{"type":"Feature","properties":{"elev":896},"geometry":{"type":"Point","coordinates":[787404.8,3583513.3]}},{"type":"Feature","properties":{"elev":870},"geometry":{"type":"Point","coordinates":[788344.1,3583513.3]}},{"type":"Feature","properties":{"elev":856},"geometry":{"type":"Point","coordinates":[789283.5,3583513.3]}},{"type":"Feature","properties":{"elev":846},"geometry":{"type":"Point","coordinates":[790222.9,3583513.3]}},{"type":"Feature","properties":{"elev":841},"geometry":{"type":"Point","coordinates":[791162.3,3583513.3]}},{"type":"Feature","properties":{"elev":813},"geometry":{"type":"Point","coordinates":[792101.7,3583513.3]}},{"type":"Feature","properties":{"elev":799},"geometry":{"type":"Point","coordinates":[793041.1,3583513.3]}},{"type":"Feature","properties":{"elev":811},"geometry":{"type":"Point","coordinates":[793980.4,3583513.3]}},{"type":"Feature","properties":{"elev":804},"geometry":{"type":"Point","coordinates":[794919.8,3583513.3]}},{"type":"Feature","properties":{"elev":-27},"geometry":{"type":"Point","coordinates":[734799.3,3582574.0]}},{"type":"Feature","properties":{"elev":-122},"geometry":{"type":"Point","coordinates":[735738.6,3582574.0]}},{"type":"Feature","properties":{"elev":-185},"geometry":{"type":"Point","coordinates":[736678.0,3582574.0]}},{"type":"Feature","properties":{"elev":-175},"geometry":{"type":"Point","coordinates":[737617.4,3582574.0]}},{"type":"Feature","properties":{"elev":-208},"geometry":{"type":"Point","coordinates":[738556.8,3582574.0]}},{"type":"Feature","properties":{"elev":-245},"geometry":{"type":"Point","coordinates":[739496.2,3582574.0]}},{"type":"Feature","properties":{"elev":-298},"geometry":{"type":"Point","coordinates":[740435.6,3582574.0]}},{"type":"Feature","properties":{"elev":-251},"geometry":{"type":"Point","coordinates":[741374.9,3582574.0]}},{"type":"Feature","properties":{"elev":-203},"geometry":{"type":"Point","coordinates":[742314.3,3582574.0]}},{"type":"Feature","properties":{"elev":-169},"geometry":{"type":"Point","coordinates":[743253.7,3582574.0]}},{"type":"Feature","properties":{"elev":-129},"geometry":{"type":"Point","coordinates":[744193.1,3582574.0]}},{"type":"Feature","properties":{"elev":-44},"geometry":{"type":"Point","coordinates":[745132.5,3582574.0]}},{"type":"Feature","properties":{"elev":159},"geometry":{"type":"Point","coordinates":[746071.9,3582574.0]}},{"type":"Feature","properties":{"elev":268},"geometry":{"type":"Point","coordinates":[747011.2,3582574.0]}},{"type":"Feature","properties":{"elev":407},"geometry":{"type":"Point","coordinates":[747950.6,3582574.0]}},{"type":"Feature","properties":{"elev":448},"geometry":{"type":"Point","coordinates":[748890.0,3582574.0]}},{"type":"Feature","properties":{"elev":514},"geometry":{"type":"Point","coordinates":[749829.4,3582574.0]}},{"type":"Feature","properties":{"elev":609},"geometry":{"type":"Point","coordinates":[750768.8,3582574.0]}},{"type":"Feature","properties":{"elev":716},"geometry":{"type":"Point","coordinates":[751708.2,3582574.0]}},{"type":"Feature","properties":{"elev":685},"geometry":{"type":"Point","coordinates":[752647.5,3582574.0]}},{"type":"Feature","properties":{"elev":574},"geometry":{"type":"Point","coordinates":[753586.9,3582574.0]}},{"type":"Feature","properties":{"elev":706},"geometry":{"type":"Point","coordinates":[754526.3,3582574.0]}},{"type":"Feature","properties":{"elev":855},"geometry":{"type":"Point","coordinates":[755465.7,3582574.0]}},{"type":"Feature","properties":{"elev":966},"geometry":{"type":"Point","coordinates":[756405.1,3582574.0]}},{"type":"Feature","properties":{"elev":934},"geometry":{"type":"Point","coordinates":[757344.5,3582574.0]}},{"type":"Feature","properties":{"elev":971},"geometry":{"type":"Point","coordinates":[758283.9,3582574.0]}},{"type":"Feature","properties":{"elev":1013},"geometry":{"type":"Point","coordinates":[759223.2,3582574.0]}},{"type":"Feature","properties":{"elev":1012},"geometry":{"type":"Point","coordinates":[760162.6,3582574.0]}},{"type":"Feature","properties":{"elev":972},"geometry":{"type":"Point","coordinates":[761102.0,3582574.0]}},{"type":"Feature","properties":{"elev":1031},"geometry":{"type":"Point","coordinates":[762041.4,3582574.0]}},{"type":"Feature","properties":{"elev":1130},"geometry":{"type":"Point","coordinates":[762980.8,3582574.0]}},{"type":"Feature","properties":{"elev":1157},"geometry":{"type":"Point","coordinates":[763920.2,3582574.0]}},{"type":"Feature","properties":{"elev":1097},"geometry":{"type":"Point","coordinates":[764859.5,3582574.0]}},{"type":"Feature","properties":{"elev":1052},"geometry":{"type":"Point","coordinates":[765798.9,3582574.0]}},{"type":"Feature","properties":{"elev":1069},"geometry":{"type":"Point","coordinates":[766738.3,3582574.0]}},{"type":"Feature","properties":{"elev":1018},"geometry":{"type":"Point","coordinates":[767677.7,3582574.0]}},{"type":"Feature","properties":{"elev":994},"geometry":{"type":"Point","coordinates":[768617.1,3582574.0]}},{"type":"Feature","properties":{"elev":1002},"geometry":{"type":"Point","coordinates":[769556.5,3582574.0]}},{"type":"Feature","properties":{"elev":1010},"geometry":{"type":"Point","coordinates":[770495.8,3582574.0]}},{"type":"Feature","properties":{"elev":1045},"geometry":{"type":"Point","coordinates":[771435.2,3582574.0]}},{"type":"Feature","properties":{"elev":971},"geometry":{"type":"Point","coordinates":[772374.6,3582574.0]}},{"type":"Feature","properties":{"elev":941},"geometry":{"type":"Point","coordinates":[773314.0,3582574.0]}},{"type":"Feature","properties":{"elev":888},"geometry":{"type":"Point","coordinates":[774253.4,3582574.0]}},{"type":"Feature","properties":{"elev":939},"geometry":{"type":"Point","coordinates":[775192.8,3582574.0]}},{"type":"Feature","properties":{"elev":981},"geometry":{"type":"Point","coordinates":[776132.1,3582574.0]}},{"type":"Feature","properties":{"elev":960},"geometry":{"type":"Point","coordinates":[777071.5,3582574.0]}},{"type":"Feature","properties":{"elev":984},"geometry":{"type":"Point","coordinates":[778010.9,3582574.0]}},{"type":"Feature","properties":{"elev":957},"geometry":{"type":"Point","coordinates":[778950.3,3582574.0]}},{"type":"Feature","properties":{"elev":958},"geometry":{"type":"Point","coordinates":[779889.7,3582574.0]}},{"type":"Feature","properties":{"elev":965},"geometry":{"type":"Point","coordinates":[780829.1,3582574.0]}},{"type":"Feature","properties":{"elev":964},"geometry":{"type":"Point","coordinates":[781768.5,3582574.0]}},{"type":"Feature","properties":{"elev":927},"geometry":{"type":"Point","coordinates":[782707.8,3582574.0]}},{"type":"Feature","properties":{"elev":887},"geometry":{"type":"Point","coordinates":[783647.2,3582574.0]}},{"type":"Feature","properties":{"elev":876},"geometry":{"type":"Point","coordinates":[784586.6,3582574.0]}},{"type":"Feature","properties":{"elev":846},"geometry":{"type":"Point","coordinates":[785526.0,3582574.0]}},{"type":"Feature","properties":{"elev":880},"geometry":{"type":"Point","coordinates":[786465.4,3582574.0]}},{"type":"Feature","properties":{"elev":885},"geometry":{"type":"Point","coordinates":[787404.8,3582574.0]}},{"type":"Feature","properties":{"elev":876},"geometry":{"type":"Point","coordinates":[788344.1,3582574.0]}},{"type":"Feature","properties":{"elev":851},"geometry":{"type":"Point","coordinates":[789283.5,3582574.0]}},{"type":"Feature","properties":{"elev":832},"geometry":{"type":"Point","coordinates":[790222.9,3582574.0]}},{"type":"Feature","properties":{"elev":813},"geometry":{"type":"Point","coordinates":[791162.3,3582574.0]}},{"type":"Feature","properties":{"elev":817},"geometry":{"type":"Point","coordinates":[792101.7,3582574.0]}},{"type":"Feature","properties":{"elev":804},"geometry":{"type":"Point","coordinates":[793041.1,3582574.0]}},{"type":"Feature","properties":{"elev":803},"geometry":{"type":"Point","coordinates":[793980.4,3582574.0]}},{"type":"Feature","properties":{"elev":780},"geometry":{"type":"Point","coordinates":[794919.8,3582574.0]}},{"type":"Feature","properties":{"elev":-78},"geometry":{"type":"Point","coordinates":[734799.3,3581634.7]}},{"type":"Feature","properties":{"elev":-142},"geometry":{"type":"Point","coordinates":[735738.6,3581634.7]}},{"type":"Feature","properties":{"elev":-174},"geometry":{"type":"Point","coordinates":[736678.0,3581634.7]}},{"type":"Feature","properties":{"elev":-122},"geometry":{"type":"Point","coordinates":[737617.4,3581634.7]}},{"type":"Feature","properties":{"elev":-184},"geometry":{"type":"Point","coordinates":[738556.8,3581634.7]}},{"type":"Feature","properties":{"elev":-253},"geometry":{"type":"Point","coordinates":[739496.2,3581634.7]}},{"type":"Feature","properties":{"elev":-304},"geometry":{"type":"Point","coordinates":[740435.6,3581634.7]}},{"type":"Feature","properties":{"elev":-254},"geometry":{"type":"Point","coordinates":[741374.9,3581634.7]}},{"type":"Feature","properties":{"elev":-209},"geometry":{"type":"Point","coordinates":[742314.3,3581634.7]}},{"type":"Feature","properties":{"elev":-177},"geometry":{"type":"Point","coordinates":[743253.7,3581634.7]}},{"type":"Feature","properties":{"elev":-138},"geometry":{"type":"Point","coordinates":[744193.1,3581634.7]}},{"type":"Feature","properties":{"elev":-94},"geometry":{"type":"Point","coordinates":[745132.5,3581634.7]}},{"type":"Feature","properties":{"elev":115},"geometry":{"type":"Point","coordinates":[746071.9,3581634.7]}},{"type":"Feature","properties":{"elev":302},"geometry":{"type":"Point","coordinates":[747011.2,3581634.7]}},{"type":"Feature","properties":{"elev":518},"geometry":{"type":"Point","coordinates":[747950.6,3581634.7]}},{"type":"Feature","properties":{"elev":528},"geometry":{"type":"Point","coordinates":[748890.0,3581634.7]}},{"type":"Feature","properties":{"elev":559},"geometry":{"type":"Point","coordinates":[749829.4,3581634.7]}},{"type":"Feature","properties":{"elev":610},"geometry":{"type":"Point","coordinates":[750768.8,3581634.7]}},{"type":"Feature","properties":{"elev":719},"geometry":{"type":"Point","coordinates":[751708.2,3581634.7]}},{"type":"Feature","properties":{"elev":670},"geometry":{"type":"Point","coordinates":[752647.5,3581634.7]}},{"type":"Feature","properties":{"elev":705},"geometry":{"type":"Point","coordinates":[753586.9,3581634.7]}},{"type":"Feature","properties":{"elev":788},"geometry":{"type":"Point","coordinates":[754526.3,3581634.7]}},{"type":"Feature","properties":{"elev":879},"geometry":{"type":"Point","coordinates":[755465.7,3581634.7]}},{"type":"Feature","properties":{"elev":809},"geometry":{"type":"Point","coordinates":[756405.1,3581634.7]}},{"type":"Feature","properties":{"elev":910},"geometry":{"type":"Point","coordinates":[757344.5,3581634.7]}},{"type":"Feature","properties":{"elev":935},"geometry":{"type":"Point","coordinates":[758283.9,3581634.7]}},{"type":"Feature","properties":{"elev":863},"geometry":{"type":"Point","coordinates":[759223.2,3581634.7]}},{"type":"Feature","properties":{"elev":999},"geometry":{"type":"Point","coordinates":[760162.6,3581634.7]}},{"type":"Feature","properties":{"elev":1096},"geometry":{"type":"Point","coordinates":[761102.0,3581634.7]}},{"type":"Feature","properties":{"elev":1095},"geometry":{"type":"Point","coordinates":[762041.4,3581634.7]}},{"type":"Feature","properties":{"elev":1116},"geometry":{"type":"Point","coordinates":[762980.8,3581634.7]}},{"type":"Feature","properties":{"elev":1097},"geometry":{"type":"Point","coordinates":[763920.2,3581634.7]}},{"type":"Feature","properties":{"elev":1099},"geometry":{"type":"Point","coordinates":[764859.5,3581634.7]}},{"type":"Feature","properties":{"elev":1146},"geometry":{"type":"Point","coordinates":[765798.9,3581634.7]}},{"type":"Feature","properties":{"elev":1133},"geometry":{"type":"Point","coordinates":[766738.3,3581634.7]}},{"type":"Feature","properties":{"elev":1081},"geometry":{"type":"Point","coordinates":[767677.7,3581634.7]}},{"type":"Feature","properties":{"elev":1059},"geometry":{"type":"Point","coordinates":[768617.1,3581634.7]}},{"type":"Feature","properties":{"elev":1115},"geometry":{"type":"Point","coordinates":[769556.5,3581634.7]}},{"type":"Feature","properties":{"elev":1021},"geometry":{"type":"Point","coordinates":[770495.8,3581634.7]}},{"type":"Feature","properties":{"elev":1065},"geometry":{"type":"Point","coordinates":[771435.2,3581634.7]}},{"type":"Feature","properties":{"elev":1024},"geometry":{"type":"Point","coordinates":[772374.6,3581634.7]}},{"type":"Feature","properties":{"elev":958},"geometry":{"type":"Point","coordinates":[773314.0,3581634.7]}},{"type":"Feature","properties":{"elev":958},"geometry":{"type":"Point","coordinates":[774253.4,3581634.7]}},{"type":"Feature","properties":{"elev":996},"geometry":{"type":"Point","coordinates":[775192.8,3581634.7]}},{"type":"Feature","properties":{"elev":977},"geometry":{"type":"Point","coordinates":[776132.1,3581634.7]}},{"type":"Feature","properties":{"elev":957},"geometry":{"type":"Point","coordinates":[777071.5,3581634.7]}},{"type":"Feature","properties":{"elev":918},"geometry":{"type":"Point","coordinates":[778010.9,3581634.7]}},{"type":"Feature","properties":{"elev":842},"geometry":{"type":"Point","coordinates":[778950.3,3581634.7]}},{"type":"Feature","properties":{"elev":860},"geometry":{"type":"Point","coordinates":[779889.7,3581634.7]}},{"type":"Feature","properties":{"elev":867},"geometry":{"type":"Point","coordinates":[780829.1,3581634.7]}},{"type":"Feature","properties":{"elev":944},"geometry":{"type":"Point","coordinates":[781768.5,3581634.7]}},{"type":"Feature","properties":{"elev":915},"geometry":{"type":"Point","coordinates":[782707.8,3581634.7]}},{"type":"Feature","properties":{"elev":873},"geometry":{"type":"Point","coordinates":[783647.2,3581634.7]}},{"type":"Feature","properties":{"elev":845},"geometry":{"type":"Point","coordinates":[784586.6,3581634.7]}},{"type":"Feature","properties":{"elev":836},"geometry":{"type":"Point","coordinates":[785526.0,3581634.7]}},{"type":"Feature","properties":{"elev":881},"geometry":{"type":"Point","coordinates":[786465.4,3581634.7]}},{"type":"Feature","properties":{"elev":848},"geometry":{"type":"Point","coordinates":[787404.8,3581634.7]}},{"type":"Feature","properties":{"elev":861},"geometry":{"type":"Point","coordinates":[788344.1,3581634.7]}},{"type":"Feature","properties":{"elev":849},"geometry":{"type":"Point","coordinates":[789283.5,3581634.7]}},{"type":"Feature","properties":{"elev":845},"geometry":{"type":"Point","coordinates":[790222.9,3581634.7]}},{"type":"Feature","properties":{"elev":844},"geometry":{"type":"Point","coordinates":[791162.3,3581634.7]}},{"type":"Feature","properties":{"elev":820},"geometry":{"type":"Point","coordinates":[792101.7,3581634.7]}},{"type":"Feature","properties":{"elev":802},"geometry":{"type":"Point","coordinates":[793041.1,3581634.7]}},{"type":"Feature","properties":{"elev":780},"geometry":{"type":"Point","coordinates":[793980.4,3581634.7]}},{"type":"Feature","properties":{"elev":775},"geometry":{"type":"Point","coordinates":[794919.8,3581634.7]}},{"type":"Feature","properties":{"elev":-31},"geometry":{"type":"Point","coordinates":[734799.3,3580695.4]}},{"type":"Feature","properties":{"elev":-82},"geometry":{"type":"Point","coordinates":[735738.6,3580695.4]}},{"type":"Feature","properties":{"elev":-137},"geometry":{"type":"Point","coordinates":[736678.0,3580695.4]}},{"type":"Feature","properties":{"elev":-111},"geometry":{"type":"Point","coordinates":[737617.4,3580695.4]}},{"type":"Feature","properties":{"elev":-197},"geometry":{"type":"Point","coordinates":[738556.8,3580695.4]}},{"type":"Feature","properties":{"elev":-224},"geometry":{"type":"Point","coordinates":[739496.2,3580695.4]}},{"type":"Feature","properties":{"elev":-299},"geometry":{"type":"Point","coordinates":[740435.6,3580695.4]}},{"type":"Feature","properties":{"elev":-239},"geometry":{"type":"Point","coordinates":[741374.9,3580695.4]}},{"type":"Feature","properties":{"elev":-188},"geometry":{"type":"Point","coordinates":[742314.3,3580695.4]}},{"type":"Feature","properties":{"elev":-194},"geometry":{"type":"Point","coordinates":[743253.7,3580695.4]}},{"type":"Feature","properties":{"elev":-163},"geometry":{"type":"Point","coordinates":[744193.1,3580695.4]}},{"type":"Feature","properties":{"elev":-81},"geometry":{"type":"Point","coordinates":[745132.5,3580695.4]}},{"type":"Feature","properties":{"elev":140},"geometry":{"type":"Point","coordinates":[746071.9,3580695.4]}},{"type":"Feature","properties":{"elev":229},"geometry":{"type":"Point","coordinates":[747011.2,3580695.4]}},{"type":"Feature","properties":{"elev":431},"geometry":{"type":"Point","coordinates":[747950.6,3580695.4]}},{"type":"Feature","properties":{"elev":514},"geometry":{"type":"Point","coordinates":[748890.0,3580695.4]}},{"type":"Feature","properties":{"elev":570},"geometry":{"type":"Point","coordinates":[749829.4,3580695.4]}},{"type":"Feature","properties":{"elev":736},"geometry":{"type":"Point","coordinates":[750768.8,3580695.4]}},{"type":"Feature","properties":{"elev":782},"geometry":{"type":"Point","coordinates":[751708.2,3580695.4]}},{"type":"Feature","properties":{"elev":673},"geometry":{"type":"Point","coordinates":[752647.5,3580695.4]}},{"type":"Feature","properties":{"elev":779},"geometry":{"type":"Point","coordinates":[753586.9,3580695.4]}},{"type":"Feature","properties":{"elev":849},"geometry":{"type":"Point","coordinates":[754526.3,3580695.4]}},{"type":"Feature","properties":{"elev":809},"geometry":{"type":"Point","coordinates":[755465.7,3580695.4]}},{"type":"Feature","properties":{"elev":892},"geometry":{"type":"Point","coordinates":[756405.1,3580695.4]}},{"type":"Feature","properties":{"elev":914},"geometry":{"type":"Point","coordinates":[757344.5,3580695.4]}},{"type":"Feature","properties":{"elev":870},"geometry":{"type":"Point","coordinates":[758283.9,3580695.4]}},{"type":"Feature","properties":{"elev":784},"geometry":{"type":"Point","coordinates":[759223.2,3580695.4]}},{"type":"Feature","properties":{"elev":846},"geometry":{"type":"Point","coordinates":[760162.6,3580695.4]}},{"type":"Feature","properties":{"elev":976},"geometry":{"type":"Point","coordinates":[761102.0,3580695.4]}},{"type":"Feature","properties":{"elev":1014},"geometry":{"type":"Point","coordinates":[762041.4,3580695.4]}},{"type":"Feature","properties":{"elev":1059},"geometry":{"type":"Point","coordinates":[762980.8,3580695.4]}},{"type":"Feature","properties":{"elev":1126},"geometry":{"type":"Point","coordinates":[763920.2,3580695.4]}},{"type":"Feature","properties":{"elev":1158},"geometry":{"type":"Point","coordinates":[764859.5,3580695.4]}},{"type":"Feature","properties":{"elev":1069},"geometry":{"type":"Point","coordinates":[765798.9,3580695.4]}},{"type":"Feature","properties":{"elev":1176},"geometry":{"type":"Point","coordinates":[766738.3,3580695.4]}},{"type":"Feature","properties":{"elev":1119},"geometry":{"type":"Point","coordinates":[767677.7,3580695.4]}},{"type":"Feature","properties":{"elev":1121},"geometry":{"type":"Point","coordinates":[768617.1,3580695.4]}},{"type":"Feature","properties":{"elev":1070},"geometry":{"type":"Point","coordinates":[769556.5,3580695.4]}},{"type":"Feature","properties":{"elev":1059},"geometry":{"type":"Point","coordinates":[770495.8,3580695.4]}},{"type":"Feature","properties":{"elev":1013},"geometry":{"type":"Point","coordinates":[771435.2,3580695.4]}},{"type":"Feature","properties":{"elev":1017},"geometry":{"type":"Point","coordinates":[772374.6,3580695.4]}},{"type":"Feature","properties":{"elev":1025},"geometry":{"type":"Point","coordinates":[773314.0,3580695.4]}},{"type":"Feature","properties":{"elev":958},"geometry":{"type":"Point","coordinates":[774253.4,3580695.4]}},{"type":"Feature","properties":{"elev":1005},"geometry":{"type":"Point","coordinates":[775192.8,3580695.4]}},{"type":"Feature","properties":{"elev":1002},"geometry":{"type":"Point","coordinates":[776132.1,3580695.4]}},{"type":"Feature","properties":{"elev":947},"geometry":{"type":"Point","coordinates":[777071.5,3580695.4]}},{"type":"Feature","properties":{"elev":928},"geometry":{"type":"Point","coordinates":[778010.9,3580695.4]}},{"type":"Feature","properties":{"elev":899},"geometry":{"type":"Point","coordinates":[778950.3,3580695.4]}},{"type":"Feature","properties":{"elev":832},"geometry":{"type":"Point","coordinates":[779889.7,3580695.4]}},{"type":"Feature","properties":{"elev":824},"geometry":{"type":"Point","coordinates":[780829.1,3580695.4]}},{"type":"Feature","properties":{"elev":910},"geometry":{"type":"Point","coordinates":[781768.5,3580695.4]}},{"type":"Feature","properties":{"elev":874},"geometry":{"type":"Point","coordinates":[782707.8,3580695.4]}},{"type":"Feature","properties":{"elev":883},"geometry":{"type":"Point","coordinates":[783647.2,3580695.4]}},{"type":"Feature","properties":{"elev":812},"geometry":{"type":"Point","coordinates":[784586.6,3580695.4]}},{"type":"Feature","properties":{"elev":828},"geometry":{"type":"Point","coordinates":[785526.0,3580695.4]}},{"type":"Feature","properties":{"elev":827},"geometry":{"type":"Point","coordinates":[786465.4,3580695.4]}},{"type":"Feature","properties":{"elev":838},"geometry":{"type":"Point","coordinates":[787404.8,3580695.4]}},{"type":"Feature","properties":{"elev":868},"geometry":{"type":"Point","coordinates":[788344.1,3580695.4]}},{"type":"Feature","properties":{"elev":870},"geometry":{"type":"Point","coordinates":[789283.5,3580695.4]}},{"type":"Feature","properties":{"elev":864},"geometry":{"type":"Point","coordinates":[790222.9,3580695.4]}},{"type":"Feature","properties":{"elev":898},"geometry":{"type":"Point","coordinates":[791162.3,3580695.4]}},{"type":"Feature","properties":{"elev":879},"geometry":{"type":"Point","coordinates":[792101.7,3580695.4]}},{"type":"Feature","properties":{"elev":832},"geometry":{"type":"Point","coordinates":[793041.1,3580695.4]}},{"type":"Feature","properties":{"elev":844},"geometry":{"type":"Point","coordinates":[793980.4,3580695.4]}},{"type":"Feature","properties":{"elev":794},"geometry":{"type":"Point","coordinates":[794919.8,3580695.4]}},{"type":"Feature","properties":{"elev":-39},"geometry":{"type":"Point","coordinates":[734799.3,3579756.0]}},{"type":"Feature","properties":{"elev":-68},"geometry":{"type":"Point","coordinates":[735738.6,3579756.0]}},{"type":"Feature","properties":{"elev":-43},"geometry":{"type":"Point","coordinates":[736678.0,3579756.0]}},{"type":"Feature","properties":{"elev":-102},"geometry":{"type":"Point","coordinates":[737617.4,3579756.0]}},{"type":"Feature","properties":{"elev":-140},"geometry":{"type":"Point","coordinates":[738556.8,3579756.0]}},{"type":"Feature","properties":{"elev":-192},"geometry":{"type":"Point","coordinates":[739496.2,3579756.0]}},{"type":"Feature","properties":{"elev":-304},"geometry":{"type":"Point","coordinates":[740435.6,3579756.0]}},{"type":"Feature","properties":{"elev":-259},"geometry":{"type":"Point","coordinates":[741374.9,3579756.0]}},{"type":"Feature","properties":{"elev":-229},"geometry":{"type":"Point","coordinates":[742314.3,3579756.0]}},{"type":"Feature","properties":{"elev":-203},"geometry":{"type":"Point","coordinates":[743253.7,3579756.0]}},{"type":"Feature","properties":{"elev":-154},"geometry":{"type":"Point","coordinates":[744193.1,3579756.0]}},{"type":"Feature","properties":{"elev":-48},"geometry":{"type":"Point","coordinates":[745132.5,3579756.0]}},{"type":"Feature","properties":{"elev":130},"geometry":{"type":"Point","coordinates":[746071.9,3579756.0]}},{"type":"Feature","properties":{"elev":292},"geometry":{"type":"Point","coordinates":[747011.2,3579756.0]}},{"type":"Feature","properties":{"elev":509},"geometry":{"type":"Point","coordinates":[747950.6,3579756.0]}},{"type":"Feature","properties":{"elev":531},"geometry":{"type":"Point","coordinates":[748890.0,3579756.0]}},{"type":"Feature","properties":{"elev":582},"geometry":{"type":"Point","coordinates":[749829.4,3579756.0]}},{"type":"Feature","properties":{"elev":713},"geometry":{"type":"Point","coordinates":[750768.8,3579756.0]}},{"type":"Feature","properties":{"elev":840},"geometry":{"type":"Point","coordinates":[751708.2,3579756.0]}},{"type":"Feature","properties":{"elev":795},"geometry":{"type":"Point","coordinates":[752647.5,3579756.0]}},{"type":"Feature","properties":{"elev":689},"geometry":{"type":"Point","coordinates":[753586.9,3579756.0]}},{"type":"Feature","properties":{"elev":771},"geometry":{"type":"Point","coordinates":[754526.3,3579756.0]}},{"type":"Feature","properties":{"elev":810},"geometry":{"type":"Point","coordinates":[755465.7,3579756.0]}},{"type":"Feature","properties":{"elev":958},"geometry":{"type":"Point","coordinates":[756405.1,3579756.0]}},{"type":"Feature","properties":{"elev":848},"geometry":{"type":"Point","coordinates":[757344.5,3579756.0]}},{"type":"Feature","properties":{"elev":722},"geometry":{"type":"Point","coordinates":[758283.9,3579756.0]}},{"type":"Feature","properties":{"elev":807},"geometry":{"type":"Point","coordinates":[759223.2,3579756.0]}},{"type":"Feature","properties":{"elev":1001},"geometry":{"type":"Point","coordinates":[760162.6,3579756.0]}},{"type":"Feature","properties":{"elev":1054},"geometry":{"type":"Point","coordinates":[761102.0,3579756.0]}},{"type":"Feature","properties":{"elev":1088},"geometry":{"type":"Point","coordinates":[762041.4,3579756.0]}},{"type":"Feature","properties":{"elev":1074},"geometry":{"type":"Point","coordinates":[762980.8,3579756.0]}},{"type":"Feature","properties":{"elev":1105},"geometry":{"type":"Point","coordinates":[763920.2,3579756.0]}},{"type":"Feature","properties":{"elev":1121},"geometry":{"type":"Point","coordinates":[764859.5,3579756.0]}},{"type":"Feature","properties":{"elev":1006},"geometry":{"type":"Point","coordinates":[765798.9,3579756.0]}},{"type":"Feature","properties":{"elev":1027},"geometry":{"type":"Point","coordinates":[766738.3,3579756.0]}},{"type":"Feature","properties":{"elev":964},"geometry":{"type":"Point","coordinates":[767677.7,3579756.0]}},{"type":"Feature","properties":{"elev":1005},"geometry":{"type":"Point","coordinates":[768617.1,3579756.0]}},{"type":"Feature","properties":{"elev":901},"geometry":{"type":"Point","coordinates":[769556.5,3579756.0]}},{"type":"Feature","properties":{"elev":915},"geometry":{"type":"Point","coordinates":[770495.8,3579756.0]}},{"type":"Feature","properties":{"elev":874},"geometry":{"type":"Point","coordinates":[771435.2,3579756.0]}},{"type":"Feature","properties":{"elev":819},"geometry":{"type":"Point","coordinates":[772374.6,3579756.0]}},{"type":"Feature","properties":{"elev":974},"geometry":{"type":"Point","coordinates":[773314.0,3579756.0]}},{"type":"Feature","properties":{"elev":883},"geometry":{"type":"Point","coordinates":[774253.4,3579756.0]}},{"type":"Feature","properties":{"elev":947},"geometry":{"type":"Point","coordinates":[775192.8,3579756.0]}},{"type":"Feature","properties":{"elev":1029},"geometry":{"type":"Point","coordinates":[776132.1,3579756.0]}},{"type":"Feature","properties":{"elev":957},"geometry":{"type":"Point","coordinates":[777071.5,3579756.0]}},{"type":"Feature","properties":{"elev":912},"geometry":{"type":"Point","coordinates":[778010.9,3579756.0]}},{"type":"Feature","properties":{"elev":899},"geometry":{"type":"Point","coordinates":[778950.3,3579756.0]}},{"type":"Feature","properties":{"elev":839},"geometry":{"type":"Point","coordinates":[779889.7,3579756.0]}},{"type":"Feature","properties":{"elev":784},"geometry":{"type":"Point","coordinates":[780829.1,3579756.0]}},{"type":"Feature","properties":{"elev":843},"geometry":{"type":"Point","coordinates":[781768.5,3579756.0]}},{"type":"Feature","properties":{"elev":893},"geometry":{"type":"Point","coordinates":[782707.8,3579756.0]}},{"type":"Feature","properties":{"elev":843},"geometry":{"type":"Point","coordinates":[783647.2,3579756.0]}},{"type":"Feature","properties":{"elev":782},"geometry":{"type":"Point","coordinates":[784586.6,3579756.0]}},{"type":"Feature","properties":{"elev":811},"geometry":{"type":"Point","coordinates":[785526.0,3579756.0]}},{"type":"Feature","properties":{"elev":841},"geometry":{"type":"Point","coordinates":[786465.4,3579756.0]}},{"type":"Feature","properties":{"elev":851},"geometry":{"type":"Point","coordinates":[787404.8,3579756.0]}},{"type":"Feature","properties":{"elev":881},"geometry":{"type":"Point","coordinates":[788344.1,3579756.0]}},{"type":"Feature","properties":{"elev":891},"geometry":{"type":"Point","coordinates":[789283.5,3579756.0]}},{"type":"Feature","properties":{"elev":891},"geometry":{"type":"Point","coordinates":[790222.9,3579756.0]}},{"type":"Feature","properties":{"elev":902},"geometry":{"type":"Point","coordinates":[791162.3,3579756.0]}},{"type":"Feature","properties":{"elev":899},"geometry":{"type":"Point","coordinates":[792101.7,3579756.0]}},{"type":"Feature","properties":{"elev":833},"geometry":{"type":"Point","coordinates":[793041.1,3579756.0]}},{"type":"Feature","properties":{"elev":870},"geometry":{"type":"Point","coordinates":[793980.4,3579756.0]}},{"type":"Feature","properties":{"elev":805},"geometry":{"type":"Point","coordinates":[794919.8,3579756.0]}},{"type":"Feature","properties":{"elev":-5},"geometry":{"type":"Point","coordinates":[734799.3,3578816.7]}},{"type":"Feature","properties":{"elev":-58},"geometry":{"type":"Point","coordinates":[735738.6,3578816.7]}},{"type":"Feature","properties":{"elev":-20},"geometry":{"type":"Point","coordinates":[736678.0,3578816.7]}},{"type":"Feature","properties":{"elev":-40},"geometry":{"type":"Point","coordinates":[737617.4,3578816.7]}},{"type":"Feature","properties":{"elev":-153},"geometry":{"type":"Point","coordinates":[738556.8,3578816.7]}},{"type":"Feature","properties":{"elev":-214},"geometry":{"type":"Point","coordinates":[739496.2,3578816.7]}},{"type":"Feature","properties":{"elev":-280},"geometry":{"type":"Point","coordinates":[740435.6,3578816.7]}},{"type":"Feature","properties":{"elev":-265},"geometry":{"type":"Point","coordinates":[741374.9,3578816.7]}},{"type":"Feature","properties":{"elev":-252},"geometry":{"type":"Point","coordinates":[742314.3,3578816.7]}},{"type":"Feature","properties":{"elev":-218},"geometry":{"type":"Point","coordinates":[743253.7,3578816.7]}},{"type":"Feature","properties":{"elev":-181},"geometry":{"type":"Point","coordinates":[744193.1,3578816.7]}},{"type":"Feature","properties":{"elev":-117},"geometry":{"type":"Point","coordinates":[745132.5,3578816.7]}},{"type":"Feature","properties":{"elev":101},"geometry":{"type":"Point","coordinates":[746071.9,3578816.7]}},{"type":"Feature","properties":{"elev":293},"geometry":{"type":"Point","coordinates":[747011.2,3578816.7]}},{"type":"Feature","properties":{"elev":294},"geometry":{"type":"Point","coordinates":[747950.6,3578816.7]}},{"type":"Feature","properties":{"elev":581},"geometry":{"type":"Point","coordinates":[748890.0,3578816.7]}},{"type":"Feature","properties":{"elev":563},"geometry":{"type":"Point","coordinates":[749829.4,3578816.7]}},{"type":"Feature","properties":{"elev":731},"geometry":{"type":"Point","coordinates":[750768.8,3578816.7]}},{"type":"Feature","properties":{"elev":724},"geometry":{"type":"Point","coordinates":[751708.2,3578816.7]}},{"type":"Feature","properties":{"elev":606},"geometry":{"type":"Point","coordinates":[752647.5,3578816.7]}},{"type":"Feature","properties":{"elev":690},"geometry":{"type":"Point","coordinates":[753586.9,3578816.7]}},{"type":"Feature","properties":{"elev":842},"geometry":{"type":"Point","coordinates":[754526.3,3578816.7]}},{"type":"Feature","properties":{"elev":802},"geometry":{"type":"Point","coordinates":[755465.7,3578816.7]}},{"type":"Feature","properties":{"elev":746},"geometry":{"type":"Point","coordinates":[756405.1,3578816.7]}},{"type":"Feature","properties":{"elev":702},"geometry":{"type":"Point","coordinates":[757344.5,3578816.7]}},{"type":"Feature","properties":{"elev":745},"geometry":{"type":"Point","coordinates":[758283.9,3578816.7]}},{"type":"Feature","properties":{"elev":795},"geometry":{"type":"Point","coordinates":[759223.2,3578816.7]}},{"type":"Feature","properties":{"elev":913},"geometry":{"type":"Point","coordinates":[760162.6,3578816.7]}},{"type":"Feature","properties":{"elev":1045},"geometry":{"type":"Point","coordinates":[761102.0,3578816.7]}},{"type":"Feature","properties":{"elev":1172},"geometry":{"type":"Point","coordinates":[762041.4,3578816.7]}},{"type":"Feature","properties":{"elev":1218},"geometry":{"type":"Point","coordinates":[762980.8,3578816.7]}},{"type":"Feature","properties":{"elev":1182},"geometry":{"type":"Point","coordinates":[763920.2,3578816.7]}},{"type":"Feature","properties":{"elev":1092},"geometry":{"type":"Point","coordinates":[764859.5,3578816.7]}},{"type":"Feature","properties":{"elev":1046},"geometry":{"type":"Point","coordinates":[765798.9,3578816.7]}},{"type":"Feature","properties":{"elev":974},"geometry":{"type":"Point","coordinates":[766738.3,3578816.7]}},{"type":"Feature","properties":{"elev":859},"geometry":{"type":"Point","coordinates":[767677.7,3578816.7]}},{"type":"Feature","properties":{"elev":825},"geometry":{"type":"Point","coordinates":[768617.1,3578816.7]}},{"type":"Feature","properties":{"elev":780},"geometry":{"type":"Point","coordinates":[769556.5,3578816.7]}},{"type":"Feature","properties":{"elev":770},"geometry":{"type":"Point","coordinates":[770495.8,3578816.7]}},{"type":"Feature","properties":{"elev":723},"geometry":{"type":"Point","coordinates":[771435.2,3578816.7]}},{"type":"Feature","properties":{"elev":724},"geometry":{"type":"Point","coordinates":[772374.6,3578816.7]}},{"type":"Feature","properties":{"elev":812},"geometry":{"type":"Point","coordinates":[773314.0,3578816.7]}},{"type":"Feature","properties":{"elev":769},"geometry":{"type":"Point","coordinates":[774253.4,3578816.7]}},{"type":"Feature","properties":{"elev":843},"geometry":{"type":"Point","coordinates":[775192.8,3578816.7]}},{"type":"Feature","properties":{"elev":997},"geometry":{"type":"Point","coordinates":[776132.1,3578816.7]}},{"type":"Feature","properties":{"elev":993},"geometry":{"type":"Point","coordinates":[777071.5,3578816.7]}},{"type":"Feature","properties":{"elev":896},"geometry":{"type":"Point","coordinates":[778010.9,3578816.7]}},{"type":"Feature","properties":{"elev":856},"geometry":{"type":"Point","coordinates":[778950.3,3578816.7]}},{"type":"Feature","properties":{"elev":821},"geometry":{"type":"Point","coordinates":[779889.7,3578816.7]}},{"type":"Feature","properties":{"elev":778},"geometry":{"type":"Point","coordinates":[780829.1,3578816.7]}},{"type":"Feature","properties":{"elev":776},"geometry":{"type":"Point","coordinates":[781768.5,3578816.7]}},{"type":"Feature","properties":{"elev":843},"geometry":{"type":"Point","coordinates":[782707.8,3578816.7]}},{"type":"Feature","properties":{"elev":791},"geometry":{"type":"Point","coordinates":[783647.2,3578816.7]}},{"type":"Feature","properties":{"elev":780},"geometry":{"type":"Point","coordinates":[784586.6,3578816.7]}},{"type":"Feature","properties":{"elev":813},"geometry":{"type":"Point","coordinates":[785526.0,3578816.7]}},{"type":"Feature","properties":{"elev":811},"geometry":{"type":"Point","coordinates":[786465.4,3578816.7]}},{"type":"Feature","properties":{"elev":859},"geometry":{"type":"Point","coordinates":[787404.8,3578816.7]}},{"type":"Feature","properties":{"elev":858},"geometry":{"type":"Point","coordinates":[788344.1,3578816.7]}},{"type":"Feature","properties":{"elev":894},"geometry":{"type":"Point","coordinates":[789283.5,3578816.7]}},{"type":"Feature","properties":{"elev":885},"geometry":{"type":"Point","coordinates":[790222.9,3578816.7]}},{"type":"Feature","properties":{"elev":839},"geometry":{"type":"Point","coordinates":[791162.3,3578816.7]}},{"type":"Feature","properties":{"elev":850},"geometry":{"type":"Point","coordinates":[792101.7,3578816.7]}},{"type":"Feature","properties":{"elev":863},"geometry":{"type":"Point","coordinates":[793041.1,3578816.7]}},{"type":"Feature","properties":{"elev":832},"geometry":{"type":"Point","coordinates":[793980.4,3578816.7]}},{"type":"Feature","properties":{"elev":834},"geometry":{"type":"Point","coordinates":[794919.8,3578816.7]}},{"type":"Feature","properties":{"elev":-56},"geometry":{"type":"Point","coordinates":[734799.3,3577877.4]}},{"type":"Feature","properties":{"elev":-14},"geometry":{"type":"Point","coordinates":[735738.6,3577877.4]}},{"type":"Feature","properties":{"elev":-10},"geometry":{"type":"Point","coordinates":[736678.0,3577877.4]}},{"type":"Feature","properties":{"elev":-5},"geometry":{"type":"Point","coordinates":[737617.4,3577877.4]}},{"type":"Feature","properties":{"elev":-91},"geometry":{"type":"Point","coordinates":[738556.8,3577877.4]}},{"type":"Feature","properties":{"elev":-215},"geometry":{"type":"Point","coordinates":[739496.2,3577877.4]}},{"type":"Feature","properties":{"elev":-266},"geometry":{"type":"Point","coordinates":[740435.6,3577877.4]}},{"type":"Feature","properties":{"elev":-312},"geometry":{"type":"Point","coordinates":[741374.9,3577877.4]}},{"type":"Feature","properties":{"elev":-241},"geometry":{"type":"Point","coordinates":[742314.3,3577877.4]}},{"type":"Feature","properties":{"elev":-216},"geometry":{"type":"Point","coordinates":[743253.7,3577877.4]}},{"type":"Feature","properties":{"elev":-192},"geometry":{"type":"Point","coordinates":[744193.1,3577877.4]}},{"type":"Feature","properties":{"elev":-38},"geometry":{"type":"Point","coordinates":[745132.5,3577877.4]}},{"type":"Feature","properties":{"elev":50},"geometry":{"type":"Point","coordinates":[746071.9,3577877.4]}},{"type":"Feature","properties":{"elev":236},"geometry":{"type":"Point","coordinates":[747011.2,3577877.4]}},{"type":"Feature","properties":{"elev":370},"geometry":{"type":"Point","coordinates":[747950.6,3577877.4]}},{"type":"Feature","properties":{"elev":506},"geometry":{"type":"Point","coordinates":[748890.0,3577877.4]}},{"type":"Feature","properties":{"elev":624},"geometry":{"type":"Point","coordinates":[749829.4,3577877.4]}},{"type":"Feature","properties":{"elev":702},"geometry":{"type":"Point","coordinates":[750768.8,3577877.4]}},{"type":"Feature","properties":{"elev":698},"geometry":{"type":"Point","coordinates":[751708.2,3577877.4]}},{"type":"Feature","properties":{"elev":508},"geometry":{"type":"Point","coordinates":[752647.5,3577877.4]}},{"type":"Feature","properties":{"elev":556},"geometry":{"type":"Point","coordinates":[753586.9,3577877.4]}},{"type":"Feature","properties":{"elev":575},"geometry":{"type":"Point","coordinates":[754526.3,3577877.4]}},{"type":"Feature","properties":{"elev":596},"geometry":{"type":"Point","coordinates":[755465.7,3577877.4]}},{"type":"Feature","properties":{"elev":658},"geometry":{"type":"Point","coordinates":[756405.1,3577877.4]}},{"type":"Feature","properties":{"elev":748},"geometry":{"type":"Point","coordinates":[757344.5,3577877.4]}},{"type":"Feature","properties":{"elev":799},"geometry":{"type":"Point","coordinates":[758283.9,3577877.4]}},{"type":"Feature","properties":{"elev":855},"geometry":{"type":"Point","coordinates":[759223.2,3577877.4]}},{"type":"Feature","properties":{"elev":946},"geometry":{"type":"Point","coordinates":[760162.6,3577877.4]}},{"type":"Feature","properties":{"elev":1029},"geometry":{"type":"Point","coordinates":[761102.0,3577877.4]}},{"type":"Feature","properties":{"elev":1174},"geometry":{"type":"Point","coordinates":[762041.4,3577877.4]}},{"type":"Feature","properties":{"elev":1175},"geometry":{"type":"Point","coordinates":[762980.8,3577877.4]}},{"type":"Feature","properties":{"elev":1171},"geometry":{"type":"Point","coordinates":[763920.2,3577877.4]}},{"type":"Feature","properties":{"elev":1169},"geometry":{"type":"Point","coordinates":[764859.5,3577877.4]}},{"type":"Feature","properties":{"elev":1140},"geometry":{"type":"Point","coordinates":[765798.9,3577877.4]}},{"type":"Feature","properties":{"elev":1062},"geometry":{"type":"Point","coordinates":[766738.3,3577877.4]}},{"type":"Feature","properties":{"elev":940},"geometry":{"type":"Point","coordinates":[767677.7,3577877.4]}},{"type":"Feature","properties":{"elev":854},"geometry":{"type":"Point","coordinates":[768617.1,3577877.4]}},{"type":"Feature","properties":{"elev":844},"geometry":{"type":"Point","coordinates":[769556.5,3577877.4]}},{"type":"Feature","properties":{"elev":766},"geometry":{"type":"Point","coordinates":[770495.8,3577877.4]}},{"type":"Feature","properties":{"elev":695},"geometry":{"type":"Point","coordinates":[771435.2,3577877.4]}},{"type":"Feature","properties":{"elev":664},"geometry":{"type":"Point","coordinates":[772374.6,3577877.4]}},{"type":"Feature","properties":{"elev":756},"geometry":{"type":"Point","coordinates":[773314.0,3577877.4]}},{"type":"Feature","properties":{"elev":763},"geometry":{"type":"Point","coordinates":[774253.4,3577877.4]}},{"type":"Feature","properties":{"elev":776},"geometry":{"type":"Point","coordinates":[775192.8,3577877.4]}},{"type":"Feature","properties":{"elev":860},"geometry":{"type":"Point","coordinates":[776132.1,3577877.4]}},{"type":"Feature","properties":{"elev":886},"geometry":{"type":"Point","coordinates":[777071.5,3577877.4]}},{"type":"Feature","properties":{"elev":859},"geometry":{"type":"Point","coordinates":[778010.9,3577877.4]}},{"type":"Feature","properties":{"elev":805},"geometry":{"type":"Point","coordinates":[778950.3,3577877.4]}},{"type":"Feature","properties":{"elev":770},"geometry":{"type":"Point","coordinates":[779889.7,3577877.4]}},{"type":"Feature","properties":{"elev":845},"geometry":{"type":"Point","coordinates":[780829.1,3577877.4]}},{"type":"Feature","properties":{"elev":757},"geometry":{"type":"Point","coordinates":[781768.5,3577877.4]}},{"type":"Feature","properties":{"elev":777},"geometry":{"type":"Point","coordinates":[782707.8,3577877.4]}},{"type":"Feature","properties":{"elev":767},"geometry":{"type":"Point","coordinates":[783647.2,3577877.4]}},{"type":"Feature","properties":{"elev":754},"geometry":{"type":"Point","coordinates":[784586.6,3577877.4]}},{"type":"Feature","properties":{"elev":838},"geometry":{"type":"Point","coordinates":[785526.0,3577877.4]}},{"type":"Feature","properties":{"elev":848},"geometry":{"type":"Point","coordinates":[786465.4,3577877.4]}},{"type":"Feature","properties":{"elev":822},"geometry":{"type":"Point","coordinates":[787404.8,3577877.4]}},{"type":"Feature","properties":{"elev":881},"geometry":{"type":"Point","coordinates":[788344.1,3577877.4]}},{"type":"Feature","properties":{"elev":830},"geometry":{"type":"Point","coordinates":[789283.5,3577877.4]}},{"type":"Feature","properties":{"elev":842},"geometry":{"type":"Point","coordinates":[790222.9,3577877.4]}},{"type":"Feature","properties":{"elev":801},"geometry":{"type":"Point","coordinates":[791162.3,3577877.4]}},{"type":"Feature","properties":{"elev":833},"geometry":{"type":"Point","coordinates":[792101.7,3577877.4]}},{"type":"Feature","properties":{"elev":816},"geometry":{"type":"Point","coordinates":[793041.1,3577877.4]}},{"type":"Feature","properties":{"elev":798},"geometry":{"type":"Point","coordinates":[793980.4,3577877.4]}},{"type":"Feature","properties":{"elev":799},"geometry":{"type":"Point","coordinates":[794919.8,3577877.4]}},{"type":"Feature","properties":{"elev":-26},"geometry":{"type":"Point","coordinates":[734799.3,3576938.1]}},{"type":"Feature","properties":{"elev":47},"geometry":{"type":"Point","coordinates":[735738.6,3576938.1]}},{"type":"Feature","properties":{"elev":53},"geometry":{"type":"Point","coordinates":[736678.0,3576938.1]}},{"type":"Feature","properties":{"elev":4},"geometry":{"type":"Point","coordinates":[737617.4,3576938.1]}},{"type":"Feature","properties":{"elev":-12},"geometry":{"type":"Point","coordinates":[738556.8,3576938.1]}},{"type":"Feature","properties":{"elev":-208},"geometry":{"type":"Point","coordinates":[739496.2,3576938.1]}},{"type":"Feature","properties":{"elev":-264},"geometry":{"type":"Point","coordinates":[740435.6,3576938.1]}},{"type":"Feature","properties":{"elev":-308},"geometry":{"type":"Point","coordinates":[741374.9,3576938.1]}},{"type":"Feature","properties":{"elev":-274},"geometry":{"type":"Point","coordinates":[742314.3,3576938.1]}},{"type":"Feature","properties":{"elev":-228},"geometry":{"type":"Point","coordinates":[743253.7,3576938.1]}},{"type":"Feature","properties":{"elev":-180},"geometry":{"type":"Point","coordinates":[744193.1,3576938.1]}},{"type":"Feature","properties":{"elev":-86},"geometry":{"type":"Point","coordinates":[745132.5,3576938.1]}},{"type":"Feature","properties":{"elev":22},"geometry":{"type":"Point","coordinates":[746071.9,3576938.1]}},{"type":"Feature","properties":{"elev":235},"geometry":{"type":"Point","coordinates":[747011.2,3576938.1]}},{"type":"Feature","properties":{"elev":372},"geometry":{"type":"Point","coordinates":[747950.6,3576938.1]}},{"type":"Feature","properties":{"elev":478},"geometry":{"type":"Point","coordinates":[748890.0,3576938.1]}},{"type":"Feature","properties":{"elev":595},"geometry":{"type":"Point","coordinates":[749829.4,3576938.1]}},{"type":"Feature","properties":{"elev":563},"geometry":{"type":"Point","coordinates":[750768.8,3576938.1]}},{"type":"Feature","properties":{"elev":447},"geometry":{"type":"Point","coordinates":[751708.2,3576938.1]}},{"type":"Feature","properties":{"elev":411},"geometry":{"type":"Point","coordinates":[752647.5,3576938.1]}},{"type":"Feature","properties":{"elev":571},"geometry":{"type":"Point","coordinates":[753586.9,3576938.1]}},{"type":"Feature","properties":{"elev":574},"geometry":{"type":"Point","coordinates":[754526.3,3576938.1]}},{"type":"Feature","properties":{"elev":678},"geometry":{"type":"Point","coordinates":[755465.7,3576938.1]}},{"type":"Feature","properties":{"elev":761},"geometry":{"type":"Point","coordinates":[756405.1,3576938.1]}},{"type":"Feature","properties":{"elev":843},"geometry":{"type":"Point","coordinates":[757344.5,3576938.1]}},{"type":"Feature","properties":{"elev":962},"geometry":{"type":"Point","coordinates":[758283.9,3576938.1]}},{"type":"Feature","properties":{"elev":1017},"geometry":{"type":"Point","coordinates":[759223.2,3576938.1]}},{"type":"Feature","properties":{"elev":1083},"geometry":{"type":"Point","coordinates":[760162.6,3576938.1]}},{"type":"Feature","properties":{"elev":1133},"geometry":{"type":"Point","coordinates":[761102.0,3576938.1]}},{"type":"Feature","properties":{"elev":1071},"geometry":{"type":"Point","coordinates":[762041.4,3576938.1]}},{"type":"Feature","properties":{"elev":1120},"geometry":{"type":"Point","coordinates":[762980.8,3576938.1]}},{"type":"Feature","properties":{"elev":1139},"geometry":{"type":"Point","coordinates":[763920.2,3576938.1]}},{"type":"Feature","properties":{"elev":1153},"geometry":{"type":"Point","coordinates":[764859.5,3576938.1]}},{"type":"Feature","properties":{"elev":1140},"geometry":{"type":"Point","coordinates":[765798.9,3576938.1]}},{"type":"Feature","properties":{"elev":1011},"geometry":{"type":"Point","coordinates":[766738.3,3576938.1]}},{"type":"Feature","properties":{"elev":971},"geometry":{"type":"Point","coordinates":[767677.7,3576938.1]}},{"type":"Feature","properties":{"elev":941},"geometry":{"type":"Point","coordinates":[768617.1,3576938.1]}},{"type":"Feature","properties":{"elev":915},"geometry":{"type":"Point","coordinates":[769556.5,3576938.1]}},{"type":"Feature","properties":{"elev":842},"geometry":{"type":"Point","coordinates":[770495.8,3576938.1]}},{"type":"Feature","properties":{"elev":735},"geometry":{"type":"Point","coordinates":[771435.2,3576938.1]}},{"type":"Feature","properties":{"elev":626},"geometry":{"type":"Point","coordinates":[772374.6,3576938.1]}},{"type":"Feature","properties":{"elev":670},"geometry":{"type":"Point","coordinates":[773314.0,3576938.1]}},{"type":"Feature","properties":{"elev":721},"geometry":{"type":"Point","coordinates":[774253.4,3576938.1]}},{"type":"Feature","properties":{"elev":746},"geometry":{"type":"Point","coordinates":[775192.8,3576938.1]}},{"type":"Feature","properties":{"elev":825},"geometry":{"type":"Point","coordinates":[776132.1,3576938.1]}},{"type":"Feature","properties":{"elev":833},"geometry":{"type":"Point","coordinates":[777071.5,3576938.1]}},{"type":"Feature","properties":{"elev":775},"geometry":{"type":"Point","coordinates":[778010.9,3576938.1]}},{"type":"Feature","properties":{"elev":802},"geometry":{"type":"Point","coordinates":[778950.3,3576938.1]}},{"type":"Feature","properties":{"elev":694},"geometry":{"type":"Point","coordinates":[779889.7,3576938.1]}},{"type":"Feature","properties":{"elev":729},"geometry":{"type":"Point","coordinates":[780829.1,3576938.1]}},{"type":"Feature","properties":{"elev":787},"geometry":{"type":"Point","coordinates":[781768.5,3576938.1]}},{"type":"Feature","properties":{"elev":756},"geometry":{"type":"Point","coordinates":[782707.8,3576938.1]}},{"type":"Feature","properties":{"elev":721},"geometry":{"type":"Point","coordinates":[783647.2,3576938.1]}},{"type":"Feature","properties":{"elev":757},"geometry":{"type":"Point","coordinates":[784586.6,3576938.1]}},{"type":"Feature","properties":{"elev":801},"geometry":{"type":"Point","coordinates":[785526.0,3576938.1]}},{"type":"Feature","properties":{"elev":839},"geometry":{"type":"Point","coordinates":[786465.4,3576938.1]}},{"type":"Feature","properties":{"elev":776},"geometry":{"type":"Point","coordinates":[787404.8,3576938.1]}},{"type":"Feature","properties":{"elev":859},"geometry":{"type":"Point","coordinates":[788344.1,3576938.1]}},{"type":"Feature","properties":{"elev":804},"geometry":{"type":"Point","coordinates":[789283.5,3576938.1]}},{"type":"Feature","properties":{"elev":779},"geometry":{"type":"Point","coordinates":[790222.9,3576938.1]}},{"type":"Feature","properties":{"elev":785},"geometry":{"type":"Point","coordinates":[791162.3,3576938.1]}},{"type":"Feature","properties":{"elev":792},"geometry":{"type":"Point","coordinates":[792101.7,3576938.1]}},{"type":"Feature","properties":{"elev":768},"geometry":{"type":"Point","coordinates":[793041.1,3576938.1]}},{"type":"Feature","properties":{"elev":814},"geometry":{"type":"Point","coordinates":[793980.4,3576938.1]}},{"type":"Feature","properties":{"elev":816},"geometry":{"type":"Point","coordinates":[794919.8,3576938.1]}},{"type":"Feature","properties":{"elev":27},"geometry":{"type":"Point","coordinates":[734799.3,3575998.8]}},{"type":"Feature","properties":{"elev":97},"geometry":{"type":"Point","coordinates":[735738.6,3575998.8]}},{"type":"Feature","properties":{"elev":55},"geometry":{"type":"Point","coordinates":[736678.0,3575998.8]}},{"type":"Feature","properties":{"elev":45},"geometry":{"type":"Point","coordinates":[737617.4,3575998.8]}},{"type":"Feature","properties":{"elev":-60},"geometry":{"type":"Point","coordinates":[738556.8,3575998.8]}},{"type":"Feature","properties":{"elev":-185},"geometry":{"type":"Point","coordinates":[739496.2,3575998.8]}},{"type":"Feature","properties":{"elev":-271},"geometry":{"type":"Point","coordinates":[740435.6,3575998.8]}},{"type":"Feature","properties":{"elev":-318},"geometry":{"type":"Point","coordinates":[741374.9,3575998.8]}},{"type":"Feature","properties":{"elev":-287},"geometry":{"type":"Point","coordinates":[742314.3,3575998.8]}},{"type":"Feature","properties":{"elev":-233},"geometry":{"type":"Point","coordinates":[743253.7,3575998.8]}},{"type":"Feature","properties":{"elev":-202},"geometry":{"type":"Point","coordinates":[744193.1,3575998.8]}},{"type":"Feature","properties":{"elev":-96},"geometry":{"type":"Point","coordinates":[745132.5,3575998.8]}},{"type":"Feature","properties":{"elev":66},"geometry":{"type":"Point","coordinates":[746071.9,3575998.8]}},{"type":"Feature","properties":{"elev":182},"geometry":{"type":"Point","coordinates":[747011.2,3575998.8]}},{"type":"Feature","properties":{"elev":250},"geometry":{"type":"Point","coordinates":[747950.6,3575998.8]}},{"type":"Feature","properties":{"elev":407},"geometry":{"type":"Point","coordinates":[748890.0,3575998.8]}},{"type":"Feature","properties":{"elev":530},"geometry":{"type":"Point","coordinates":[749829.4,3575998.8]}},{"type":"Feature","properties":{"elev":361},"geometry":{"type":"Point","coordinates":[750768.8,3575998.8]}},{"type":"Feature","properties":{"elev":279},"geometry":{"type":"Point","coordinates":[751708.2,3575998.8]}},{"type":"Feature","properties":{"elev":491},"geometry":{"type":"Point","coordinates":[752647.5,3575998.8]}},{"type":"Feature","properties":{"elev":778},"geometry":{"type":"Point","coordinates":[753586.9,3575998.8]}},{"type":"Feature","properties":{"elev":762},"geometry":{"type":"Point","coordinates":[754526.3,3575998.8]}},{"type":"Feature","properties":{"elev":720},"geometry":{"type":"Point","coordinates":[755465.7,3575998.8]}},{"type":"Feature","properties":{"elev":900},"geometry":{"type":"Point","coordinates":[756405.1,3575998.8]}},{"type":"Feature","properties":{"elev":971},"geometry":{"type":"Point","coordinates":[757344.5,3575998.8]}},{"type":"Feature","properties":{"elev":1047},"geometry":{"type":"Point","coordinates":[758283.9,3575998.8]}},{"type":"Feature","properties":{"elev":1083},"geometry":{"type":"Point","coordinates":[759223.2,3575998.8]}},{"type":"Feature","properties":{"elev":1072},"geometry":{"type":"Point","coordinates":[760162.6,3575998.8]}},{"type":"Feature","properties":{"elev":1097},"geometry":{"type":"Point","coordinates":[761102.0,3575998.8]}},{"type":"Feature","properties":{"elev":1044},"geometry":{"type":"Point","coordinates":[762041.4,3575998.8]}},{"type":"Feature","properties":{"elev":1024},"geometry":{"type":"Point","coordinates":[762980.8,3575998.8]}},{"type":"Feature","properties":{"elev":1082},"geometry":{"type":"Point","coordinates":[763920.2,3575998.8]}},{"type":"Feature","properties":{"elev":954},"geometry":{"type":"Point","coordinates":[764859.5,3575998.8]}},{"type":"Feature","properties":{"elev":1028},"geometry":{"type":"Point","coordinates":[765798.9,3575998.8]}},{"type":"Feature","properties":{"elev":886},"geometry":{"type":"Point","coordinates":[766738.3,3575998.8]}},{"type":"Feature","properties":{"elev":823},"geometry":{"type":"Point","coordinates":[767677.7,3575998.8]}},{"type":"Feature","properties":{"elev":794},"geometry":{"type":"Point","coordinates":[768617.1,3575998.8]}},{"type":"Feature","properties":{"elev":814},"geometry":{"type":"Point","coordinates":[769556.5,3575998.8]}},{"type":"Feature","properties":{"elev":753},"geometry":{"type":"Point","coordinates":[770495.8,3575998.8]}},{"type":"Feature","properties":{"elev":701},"geometry":{"type":"Point","coordinates":[771435.2,3575998.8]}},{"type":"Feature","properties":{"elev":608},"geometry":{"type":"Point","coordinates":[772374.6,3575998.8]}},{"type":"Feature","properties":{"elev":624},"geometry":{"type":"Point","coordinates":[773314.0,3575998.8]}},{"type":"Feature","properties":{"elev":704},"geometry":{"type":"Point","coordinates":[774253.4,3575998.8]}},{"type":"Feature","properties":{"elev":689},"geometry":{"type":"Point","coordinates":[775192.8,3575998.8]}},{"type":"Feature","properties":{"elev":777},"geometry":{"type":"Point","coordinates":[776132.1,3575998.8]}},{"type":"Feature","properties":{"elev":770},"geometry":{"type":"Point","coordinates":[777071.5,3575998.8]}},{"type":"Feature","properties":{"elev":830},"geometry":{"type":"Point","coordinates":[778010.9,3575998.8]}},{"type":"Feature","properties":{"elev":702},"geometry":{"type":"Point","coordinates":[778950.3,3575998.8]}},{"type":"Feature","properties":{"elev":687},"geometry":{"type":"Point","coordinates":[779889.7,3575998.8]}},{"type":"Feature","properties":{"elev":643},"geometry":{"type":"Point","coordinates":[780829.1,3575998.8]}},{"type":"Feature","properties":{"elev":668},"geometry":{"type":"Point","coordinates":[781768.5,3575998.8]}},{"type":"Feature","properties":{"elev":715},"geometry":{"type":"Point","coordinates":[782707.8,3575998.8]}},{"type":"Feature","properties":{"elev":703},"geometry":{"type":"Point","coordinates":[783647.2,3575998.8]}},{"type":"Feature","properties":{"elev":817},"geometry":{"type":"Point","coordinates":[784586.6,3575998.8]}},{"type":"Feature","properties":{"elev":825},"geometry":{"type":"Point","coordinates":[785526.0,3575998.8]}},{"type":"Feature","properties":{"elev":787},"geometry":{"type":"Point","coordinates":[786465.4,3575998.8]}},{"type":"Feature","properties":{"elev":742},"geometry":{"type":"Point","coordinates":[787404.8,3575998.8]}},{"type":"Feature","properties":{"elev":796},"geometry":{"type":"Point","coordinates":[788344.1,3575998.8]}},{"type":"Feature","properties":{"elev":779},"geometry":{"type":"Point","coordinates":[789283.5,3575998.8]}},{"type":"Feature","properties":{"elev":767},"geometry":{"type":"Point","coordinates":[790222.9,3575998.8]}},{"type":"Feature","properties":{"elev":752},"geometry":{"type":"Point","coordinates":[791162.3,3575998.8]}},{"type":"Feature","properties":{"elev":785},"geometry":{"type":"Point","coordinates":[792101.7,3575998.8]}},{"type":"Feature","properties":{"elev":783},"geometry":{"type":"Point","coordinates":[793041.1,3575998.8]}},{"type":"Feature","properties":{"elev":773},"geometry":{"type":"Point","coordinates":[793980.4,3575998.8]}},{"type":"Feature","properties":{"elev":808},"geometry":{"type":"Point","coordinates":[794919.8,3575998.8]}},{"type":"Feature","properties":{"elev":35},"geometry":{"type":"Point","coordinates":[734799.3,3575059.5]}},{"type":"Feature","properties":{"elev":70},"geometry":{"type":"Point","coordinates":[735738.6,3575059.5]}},{"type":"Feature","properties":{"elev":145},"geometry":{"type":"Point","coordinates":[736678.0,3575059.5]}},{"type":"Feature","properties":{"elev":103},"geometry":{"type":"Point","coordinates":[737617.4,3575059.5]}},{"type":"Feature","properties":{"elev":-13},"geometry":{"type":"Point","coordinates":[738556.8,3575059.5]}},{"type":"Feature","properties":{"elev":-102},"geometry":{"type":"Point","coordinates":[739496.2,3575059.5]}},{"type":"Feature","properties":{"elev":-280},"geometry":{"type":"Point","coordinates":[740435.6,3575059.5]}},{"type":"Feature","properties":{"elev":-320},"geometry":{"type":"Point","coordinates":[741374.9,3575059.5]}},{"type":"Feature","properties":{"elev":-293},"geometry":{"type":"Point","coordinates":[742314.3,3575059.5]}},{"type":"Feature","properties":{"elev":-242},"geometry":{"type":"Point","coordinates":[743253.7,3575059.5]}},{"type":"Feature","properties":{"elev":-212},"geometry":{"type":"Point","coordinates":[744193.1,3575059.5]}},{"type":"Feature","properties":{"elev":-156},"geometry":{"type":"Point","coordinates":[745132.5,3575059.5]}},{"type":"Feature","properties":{"elev":53},"geometry":{"type":"Point","coordinates":[746071.9,3575059.5]}},{"type":"Feature","properties":{"elev":129},"geometry":{"type":"Point","coordinates":[747011.2,3575059.5]}},{"type":"Feature","properties":{"elev":170},"geometry":{"type":"Point","coordinates":[747950.6,3575059.5]}},{"type":"Feature","properties":{"elev":316},"geometry":{"type":"Point","coordinates":[748890.0,3575059.5]}},{"type":"Feature","properties":{"elev":347},"geometry":{"type":"Point","coordinates":[749829.4,3575059.5]}},{"type":"Feature","properties":{"elev":169},"geometry":{"type":"Point","coordinates":[750768.8,3575059.5]}},{"type":"Feature","properties":{"elev":359},"geometry":{"type":"Point","coordinates":[751708.2,3575059.5]}},{"type":"Feature","properties":{"elev":567},"geometry":{"type":"Point","coordinates":[752647.5,3575059.5]}},{"type":"Feature","properties":{"elev":677},"geometry":{"type":"Point","coordinates":[753586.9,3575059.5]}},{"type":"Feature","properties":{"elev":791},"geometry":{"type":"Point","coordinates":[754526.3,3575059.5]}},{"type":"Feature","properties":{"elev":871},"geometry":{"type":"Point","coordinates":[755465.7,3575059.5]}},{"type":"Feature","properties":{"elev":813},"geometry":{"type":"Point","coordinates":[756405.1,3575059.5]}},{"type":"Feature","properties":{"elev":955},"geometry":{"type":"Point","coordinates":[757344.5,3575059.5]}},{"type":"Feature","properties":{"elev":1018},"geometry":{"type":"Point","coordinates":[758283.9,3575059.5]}},{"type":"Feature","properties":{"elev":981},"geometry":{"type":"Point","coordinates":[759223.2,3575059.5]}},{"type":"Feature","properties":{"elev":1133},"geometry":{"type":"Point","coordinates":[760162.6,3575059.5]}},{"type":"Feature","properties":{"elev":1111},"geometry":{"type":"Point","coordinates":[761102.0,3575059.5]}},{"type":"Feature","properties":{"elev":1035},"geometry":{"type":"Point","coordinates":[762041.4,3575059.5]}},{"type":"Feature","properties":{"elev":957},"geometry":{"type":"Point","coordinates":[762980.8,3575059.5]}},{"type":"Feature","properties":{"elev":1027},"geometry":{"type":"Point","coordinates":[763920.2,3575059.5]}},{"type":"Feature","properties":{"elev":922},"geometry":{"type":"Point","coordinates":[764859.5,3575059.5]}},{"type":"Feature","properties":{"elev":827},"geometry":{"type":"Point","coordinates":[765798.9,3575059.5]}},{"type":"Feature","properties":{"elev":806},"geometry":{"type":"Point","coordinates":[766738.3,3575059.5]}},{"type":"Feature","properties":{"elev":728},"geometry":{"type":"Point","coordinates":[767677.7,3575059.5]}},{"type":"Feature","properties":{"elev":699},"geometry":{"type":"Point","coordinates":[768617.1,3575059.5]}},{"type":"Feature","properties":{"elev":714},"geometry":{"type":"Point","coordinates":[769556.5,3575059.5]}},{"type":"Feature","properties":{"elev":626},"geometry":{"type":"Point","coordinates":[770495.8,3575059.5]}},{"type":"Feature","properties":{"elev":626},"geometry":{"type":"Point","coordinates":[771435.2,3575059.5]}},{"type":"Feature","properties":{"elev":573},"geometry":{"type":"Point","coordinates":[772374.6,3575059.5]}},{"type":"Feature","properties":{"elev":632},"geometry":{"type":"Point","coordinates":[773314.0,3575059.5]}},{"type":"Feature","properties":{"elev":625},"geometry":{"type":"Point","coordinates":[774253.4,3575059.5]}},{"type":"Feature","properties":{"elev":669},"geometry":{"type":"Point","coordinates":[775192.8,3575059.5]}},{"type":"Feature","properties":{"elev":762},"geometry":{"type":"Point","coordinates":[776132.1,3575059.5]}},{"type":"Feature","properties":{"elev":691},"geometry":{"type":"Point","coordinates":[777071.5,3575059.5]}},{"type":"Feature","properties":{"elev":742},"geometry":{"type":"Point","coordinates":[778010.9,3575059.5]}},{"type":"Feature","properties":{"elev":756},"geometry":{"type":"Point","coordinates":[778950.3,3575059.5]}},{"type":"Feature","properties":{"elev":723},"geometry":{"type":"Point","coordinates":[779889.7,3575059.5]}},{"type":"Feature","properties":{"elev":630},"geometry":{"type":"Point","coordinates":[780829.1,3575059.5]}},{"type":"Feature","properties":{"elev":722},"geometry":{"type":"Point","coordinates":[781768.5,3575059.5]}},{"type":"Feature","properties":{"elev":710},"geometry":{"type":"Point","coordinates":[782707.8,3575059.5]}},{"type":"Feature","properties":{"elev":824},"geometry":{"type":"Point","coordinates":[783647.2,3575059.5]}},{"type":"Feature","properties":{"elev":752},"geometry":{"type":"Point","coordinates":[784586.6,3575059.5]}},{"type":"Feature","properties":{"elev":779},"geometry":{"type":"Point","coordinates":[785526.0,3575059.5]}},{"type":"Feature","properties":{"elev":722},"geometry":{"type":"Point","coordinates":[786465.4,3575059.5]}},{"type":"Feature","properties":{"elev":698},"geometry":{"type":"Point","coordinates":[787404.8,3575059.5]}},{"type":"Feature","properties":{"elev":813},"geometry":{"type":"Point","coordinates":[788344.1,3575059.5]}},{"type":"Feature","properties":{"elev":758},"geometry":{"type":"Point","coordinates":[789283.5,3575059.5]}},{"type":"Feature","properties":{"elev":816},"geometry":{"type":"Point","coordinates":[790222.9,3575059.5]}},{"type":"Feature","properties":{"elev":720},"geometry":{"type":"Point","coordinates":[791162.3,3575059.5]}},{"type":"Feature","properties":{"elev":727},"geometry":{"type":"Point","coordinates":[792101.7,3575059.5]}},{"type":"Feature","properties":{"elev":775},"geometry":{"type":"Point","coordinates":[793041.1,3575059.5]}},{"type":"Feature","properties":{"elev":764},"geometry":{"type":"Point","coordinates":[793980.4,3575059.5]}},{"type":"Feature","properties":{"elev":753},"geometry":{"type":"Point","coordinates":[794919.8,3575059.5]}},{"type":"Feature","properties":{"elev":17},"geometry":{"type":"Point","coordinates":[734799.3,3574120.1]}},{"type":"Feature","properties":{"elev":99},"geometry":{"type":"Point","coordinates":[735738.6,3574120.1]}},{"type":"Feature","properties":{"elev":198},"geometry":{"type":"Point","coordinates":[736678.0,3574120.1]}},{"type":"Feature","properties":{"elev":75},"geometry":{"type":"Point","coordinates":[737617.4,3574120.1]}},{"type":"Feature","properties":{"elev":28},"geometry":{"type":"Point","coordinates":[738556.8,3574120.1]}},{"type":"Feature","properties":{"elev":-129},"geometry":{"type":"Point","coordinates":[739496.2,3574120.1]}},{"type":"Feature","properties":{"elev":-259},"geometry":{"type":"Point","coordinates":[740435.6,3574120.1]}},{"type":"Feature","properties":{"elev":-326},"geometry":{"type":"Point","coordinates":[741374.9,3574120.1]}},{"type":"Feature","properties":{"elev":-302},"geometry":{"type":"Point","coordinates":[742314.3,3574120.1]}},{"type":"Feature","properties":{"elev":-246},"geometry":{"type":"Point","coordinates":[743253.7,3574120.1]}},{"type":"Feature","properties":{"elev":-218},"geometry":{"type":"Point","coordinates":[744193.1,3574120.1]}},{"type":"Feature","properties":{"elev":-126},"geometry":{"type":"Point","coordinates":[745132.5,3574120.1]}},{"type":"Feature","properties":{"elev":15},"geometry":{"type":"Point","coordinates":[746071.9,3574120.1]}},{"type":"Feature","properties":{"elev":15},"geometry":{"type":"Point","coordinates":[747011.2,3574120.1]}},{"type":"Feature","properties":{"elev":104},"geometry":{"type":"Point","coordinates":[747950.6,3574120.1]}},{"type":"Feature","properties":{"elev":222},"geometry":{"type":"Point","coordinates":[748890.0,3574120.1]}},{"type":"Feature","properties":{"elev":132},"geometry":{"type":"Point","coordinates":[749829.4,3574120.1]}},{"type":"Feature","properties":{"elev":201},"geometry":{"type":"Point","coordinates":[750768.8,3574120.1]}},{"type":"Feature","properties":{"elev":332},"geometry":{"type":"Point","coordinates":[751708.2,3574120.1]}},{"type":"Feature","properties":{"elev":627},"geometry":{"type":"Point","coordinates":[752647.5,3574120.1]}},{"type":"Feature","properties":{"elev":758},"geometry":{"type":"Point","coordinates":[753586.9,3574120.1]}},{"type":"Feature","properties":{"elev":777},"geometry":{"type":"Point","coordinates":[754526.3,3574120.1]}},{"type":"Feature","properties":{"elev":813},"geometry":{"type":"Point","coordinates":[755465.7,3574120.1]}},{"type":"Feature","properties":{"elev":841},"geometry":{"type":"Point","coordinates":[756405.1,3574120.1]}},{"type":"Feature","properties":{"elev":906},"geometry":{"type":"Point","coordinates":[757344.5,3574120.1]}},{"type":"Feature","properties":{"elev":920},"geometry":{"type":"Point","coordinates":[758283.9,3574120.1]}},{"type":"Feature","properties":{"elev":972},"geometry":{"type":"Point","coordinates":[759223.2,3574120.1]}},{"type":"Feature","properties":{"elev":978},"geometry":{"type":"Point","coordinates":[760162.6,3574120.1]}},{"type":"Feature","properties":{"elev":1098},"geometry":{"type":"Point","coordinates":[761102.0,3574120.1]}},{"type":"Feature","properties":{"elev":1007},"geometry":{"type":"Point","coordinates":[762041.4,3574120.1]}},{"type":"Feature","properties":{"elev":1068},"geometry":{"type":"Point","coordinates":[762980.8,3574120.1]}},{"type":"Feature","properties":{"elev":992},"geometry":{"type":"Point","coordinates":[763920.2,3574120.1]}},{"type":"Feature","properties":{"elev":923},"geometry":{"type":"Point","coordinates":[764859.5,3574120.1]}},{"type":"Feature","properties":{"elev":811},"geometry":{"type":"Point","coordinates":[765798.9,3574120.1]}},{"type":"Feature","properties":{"elev":643},"geometry":{"type":"Point","coordinates":[766738.3,3574120.1]}},{"type":"Feature","properties":{"elev":660},"geometry":{"type":"Point","coordinates":[767677.7,3574120.1]}},{"type":"Feature","properties":{"elev":664},"geometry":{"type":"Point","coordinates":[768617.1,3574120.1]}},{"type":"Feature","properties":{"elev":570},"geometry":{"type":"Point","coordinates":[769556.5,3574120.1]}},{"type":"Feature","properties":{"elev":624},"geometry":{"type":"Point","coordinates":[770495.8,3574120.1]}},{"type":"Feature","properties":{"elev":562},"geometry":{"type":"Point","coordinates":[771435.2,3574120.1]}},{"type":"Feature","properties":{"elev":560},"geometry":{"type":"Point","coordinates":[772374.6,3574120.1]}},{"type":"Feature","properties":{"elev":616},"geometry":{"type":"Point","coordinates":[773314.0,3574120.1]}},{"type":"Feature","properties":{"elev":613},"geometry":{"type":"Point","coordinates":[774253.4,3574120.1]}},{"type":"Feature","properties":{"elev":645},"geometry":{"type":"Point","coordinates":[775192.8,3574120.1]}},{"type":"Feature","properties":{"elev":697},"geometry":{"type":"Point","coordinates":[776132.1,3574120.1]}},{"type":"Feature","properties":{"elev":647},"geometry":{"type":"Point","coordinates":[777071.5,3574120.1]}},{"type":"Feature","properties":{"elev":665},"geometry":{"type":"Point","coordinates":[778010.9,3574120.1]}},{"type":"Feature","properties":{"elev":810},"geometry":{"type":"Point","coordinates":[778950.3,3574120.1]}},{"type":"Feature","properties":{"elev":703},"geometry":{"type":"Point","coordinates":[779889.7,3574120.1]}},{"type":"Feature","properties":{"elev":651},"geometry":{"type":"Point","coordinates":[780829.1,3574120.1]}},{"type":"Feature","properties":{"elev":764},"geometry":{"type":"Point","coordinates":[781768.5,3574120.1]}},{"type":"Feature","properties":{"elev":763},"geometry":{"type":"Point","coordinates":[782707.8,3574120.1]}},{"type":"Feature","properties":{"elev":691},"geometry":{"type":"Point","coordinates":[783647.2,3574120.1]}},{"type":"Feature","properties":{"elev":798},"geometry":{"type":"Point","coordinates":[784586.6,3574120.1]}},{"type":"Feature","properties":{"elev":680},"geometry":{"type":"Point","coordinates":[785526.0,3574120.1]}},{"type":"Feature","properties":{"elev":686},"geometry":{"type":"Point","coordinates":[786465.4,3574120.1]}},{"type":"Feature","properties":{"elev":734},"geometry":{"type":"Point","coordinates":[787404.8,3574120.1]}},{"type":"Feature","properties":{"elev":725},"geometry":{"type":"Point","coordinates":[788344.1,3574120.1]}},{"type":"Feature","properties":{"elev":781},"geometry":{"type":"Point","coordinates":[789283.5,3574120.1]}},{"type":"Feature","properties":{"elev":791},"geometry":{"type":"Point","coordinates":[790222.9,3574120.1]}},{"type":"Feature","properties":{"elev":704},"geometry":{"type":"Point","coordinates":[791162.3,3574120.1]}},{"type":"Feature","properties":{"elev":747},"geometry":{"type":"Point","coordinates":[792101.7,3574120.1]}},{"type":"Feature","properties":{"elev":760},"geometry":{"type":"Point","coordinates":[793041.1,3574120.1]}},{"type":"Feature","properties":{"elev":711},"geometry":{"type":"Point","coordinates":[793980.4,3574120.1]}},{"type":"Feature","properties":{"elev":713},"geometry":{"type":"Point","coordinates":[794919.8,3574120.1]}},{"type":"Feature","properties":{"elev":36},"geometry":{"type":"Point","coordinates":[734799.3,3573180.8]}},{"type":"Feature","properties":{"elev":133},"geometry":{"type":"Point","coordinates":[735738.6,3573180.8]}},{"type":"Feature","properties":{"elev":244},"geometry":{"type":"Point","coordinates":[736678.0,3573180.8]}},{"type":"Feature","properties":{"elev":62},"geometry":{"type":"Point","coordinates":[737617.4,3573180.8]}},{"type":"Feature","properties":{"elev":65},"geometry":{"type":"Point","coordinates":[738556.8,3573180.8]}},{"type":"Feature","properties":{"elev":-58},"geometry":{"type":"Point","coordinates":[739496.2,3573180.8]}},{"type":"Feature","properties":{"elev":-252},"geometry":{"type":"Point","coordinates":[740435.6,3573180.8]}},{"type":"Feature","properties":{"elev":-312},"geometry":{"type":"Point","coordinates":[741374.9,3573180.8]}},{"type":"Feature","properties":{"elev":-286},"geometry":{"type":"Point","coordinates":[742314.3,3573180.8]}},{"type":"Feature","properties":{"elev":-256},"geometry":{"type":"Point","coordinates":[743253.7,3573180.8]}},{"type":"Feature","properties":{"elev":-230},"geometry":{"type":"Point","coordinates":[744193.1,3573180.8]}},{"type":"Feature","properties":{"elev":-189},"geometry":{"type":"Point","coordinates":[745132.5,3573180.8]}},{"type":"Feature","properties":{"elev":-49},"geometry":{"type":"Point","coordinates":[746071.9,3573180.8]}},{"type":"Feature","properties":{"elev":82},"geometry":{"type":"Point","coordinates":[747011.2,3573180.8]}},{"type":"Feature","properties":{"elev":-64},"geometry":{"type":"Point","coordinates":[747950.6,3573180.8]}},{"type":"Feature","properties":{"elev":-9},"geometry":{"type":"Point","coordinates":[748890.0,3573180.8]}},{"type":"Feature","properties":{"elev":109},"geometry":{"type":"Point","coordinates":[749829.4,3573180.8]}},{"type":"Feature","properties":{"elev":221},"geometry":{"type":"Point","coordinates":[750768.8,3573180.8]}},{"type":"Feature","properties":{"elev":368},"geometry":{"type":"Point","coordinates":[751708.2,3573180.8]}},{"type":"Feature","properties":{"elev":531},"geometry":{"type":"Point","coordinates":[752647.5,3573180.8]}},{"type":"Feature","properties":{"elev":706},"geometry":{"type":"Point","coordinates":[753586.9,3573180.8]}},{"type":"Feature","properties":{"elev":729},"geometry":{"type":"Point","coordinates":[754526.3,3573180.8]}},{"type":"Feature","properties":{"elev":809},"geometry":{"type":"Point","coordinates":[755465.7,3573180.8]}},{"type":"Feature","properties":{"elev":822},"geometry":{"type":"Point","coordinates":[756405.1,3573180.8]}},{"type":"Feature","properties":{"elev":836},"geometry":{"type":"Point","coordinates":[757344.5,3573180.8]}},{"type":"Feature","properties":{"elev":837},"geometry":{"type":"Point","coordinates":[758283.9,3573180.8]}},{"type":"Feature","properties":{"elev":850},"geometry":{"type":"Point","coordinates":[759223.2,3573180.8]}},{"type":"Feature","properties":{"elev":940},"geometry":{"type":"Point","coordinates":[760162.6,3573180.8]}},{"type":"Feature","properties":{"elev":937},"geometry":{"type":"Point","coordinates":[761102.0,3573180.8]}},{"type":"Feature","properties":{"elev":900},"geometry":{"type":"Point","coordinates":[762041.4,3573180.8]}},{"type":"Feature","properties":{"elev":912},"geometry":{"type":"Point","coordinates":[762980.8,3573180.8]}},{"type":"Feature","properties":{"elev":1027},"geometry":{"type":"Point","coordinates":[763920.2,3573180.8]}},{"type":"Feature","properties":{"elev":1089},"geometry":{"type":"Point","coordinates":[764859.5,3573180.8]}},{"type":"Feature","properties":{"elev":892},"geometry":{"type":"Point","coordinates":[765798.9,3573180.8]}},{"type":"Feature","properties":{"elev":755},"geometry":{"type":"Point","coordinates":[766738.3,3573180.8]}},{"type":"Feature","properties":{"elev":639},"geometry":{"type":"Point","coordinates":[767677.7,3573180.8]}},{"type":"Feature","properties":{"elev":532},"geometry":{"type":"Point","coordinates":[768617.1,3573180.8]}},{"type":"Feature","properties":{"elev":541},"geometry":{"type":"Point","coordinates":[769556.5,3573180.8]}},{"type":"Feature","properties":{"elev":506},"geometry":{"type":"Point","coordinates":[770495.8,3573180.8]}},{"type":"Feature","properties":{"elev":556},"geometry":{"type":"Point","coordinates":[771435.2,3573180.8]}},{"type":"Feature","properties":{"elev":480},"geometry":{"type":"Point","coordinates":[772374.6,3573180.8]}},{"type":"Feature","properties":{"elev":577},"geometry":{"type":"Point","coordinates":[773314.0,3573180.8]}},{"type":"Feature","properties":{"elev":617},"geometry":{"type":"Point","coordinates":[774253.4,3573180.8]}},{"type":"Feature","properties":{"elev":573},"geometry":{"type":"Point","coordinates":[775192.8,3573180.8]}},{"type":"Feature","properties":{"elev":627},"geometry":{"type":"Point","coordinates":[776132.1,3573180.8]}},{"type":"Feature","properties":{"elev":632},"geometry":{"type":"Point","coordinates":[777071.5,3573180.8]}},{"type":"Feature","properties":{"elev":669},"geometry":{"type":"Point","coordinates":[778010.9,3573180.8]}},{"type":"Feature","properties":{"elev":758},"geometry":{"type":"Point","coordinates":[778950.3,3573180.8]}},{"type":"Feature","properties":{"elev":688},"geometry":{"type":"Point","coordinates":[779889.7,3573180.8]}},{"type":"Feature","properties":{"elev":598},"geometry":{"type":"Point","coordinates":[780829.1,3573180.8]}},{"type":"Feature","properties":{"elev":724},"geometry":{"type":"Point","coordinates":[781768.5,3573180.8]}},{"type":"Feature","properties":{"elev":653},"geometry":{"type":"Point","coordinates":[782707.8,3573180.8]}},{"type":"Feature","properties":{"elev":693},"geometry":{"type":"Point","coordinates":[783647.2,3573180.8]}},{"type":"Feature","properties":{"elev":649},"geometry":{"type":"Point","coordinates":[784586.6,3573180.8]}},{"type":"Feature","properties":{"elev":634},"geometry":{"type":"Point","coordinates":[785526.0,3573180.8]}},{"type":"Feature","properties":{"elev":742},"geometry":{"type":"Point","coordinates":[786465.4,3573180.8]}},{"type":"Feature","properties":{"elev":747},"geometry":{"type":"Point","coordinates":[787404.8,3573180.8]}},{"type":"Feature","properties":{"elev":779},"geometry":{"type":"Point","coordinates":[788344.1,3573180.8]}},{"type":"Feature","properties":{"elev":748},"geometry":{"type":"Point","coordinates":[789283.5,3573180.8]}},{"type":"Feature","properties":{"elev":750},"geometry":{"type":"Point","coordinates":[790222.9,3573180.8]}},{"type":"Feature","properties":{"elev":763},"geometry":{"type":"Point","coordinates":[791162.3,3573180.8]}},{"type":"Feature","properties":{"elev":715},"geometry":{"type":"Point","coordinates":[792101.7,3573180.8]}},{"type":"Feature","properties":{"elev":678},"geometry":{"type":"Point","coordinates":[793041.1,3573180.8]}},{"type":"Feature","properties":{"elev":735},"geometry":{"type":"Point","coordinates":[793980.4,3573180.8]}},{"type":"Feature","properties":{"elev":726},"geometry":{"type":"Point","coordinates":[794919.8,3573180.8]}},{"type":"Feature","properties":{"elev":69},"geometry":{"type":"Point","coordinates":[734799.3,3572241.5]}},{"type":"Feature","properties":{"elev":38},"geometry":{"type":"Point","coordinates":[735738.6,3572241.5]}},{"type":"Feature","properties":{"elev":134},"geometry":{"type":"Point","coordinates":[736678.0,3572241.5]}},{"type":"Feature","properties":{"elev":43},"geometry":{"type":"Point","coordinates":[737617.4,3572241.5]}},{"type":"Feature","properties":{"elev":21},"geometry":{"type":"Point","coordinates":[738556.8,3572241.5]}},{"type":"Feature","properties":{"elev":-96},"geometry":{"type":"Point","coordinates":[739496.2,3572241.5]}},{"type":"Feature","properties":{"elev":-224},"geometry":{"type":"Point","coordinates":[740435.6,3572241.5]}},{"type":"Feature","properties":{"elev":-325},"geometry":{"type":"Point","coordinates":[741374.9,3572241.5]}},{"type":"Feature","properties":{"elev":-283},"geometry":{"type":"Point","coordinates":[742314.3,3572241.5]}},{"type":"Feature","properties":{"elev":-253},"geometry":{"type":"Point","coordinates":[743253.7,3572241.5]}},{"type":"Feature","properties":{"elev":-236},"geometry":{"type":"Point","coordinates":[744193.1,3572241.5]}},{"type":"Feature","properties":{"elev":-214},"geometry":{"type":"Point","coordinates":[745132.5,3572241.5]}},{"type":"Feature","properties":{"elev":-20},"geometry":{"type":"Point","coordinates":[746071.9,3572241.5]}},{"type":"Feature","properties":{"elev":-15},"geometry":{"type":"Point","coordinates":[747011.2,3572241.5]}},{"type":"Feature","properties":{"elev":130},"geometry":{"type":"Point","coordinates":[747950.6,3572241.5]}},{"type":"Feature","properties":{"elev":199},"geometry":{"type":"Point","coordinates":[748890.0,3572241.5]}},{"type":"Feature","properties":{"elev":337},"geometry":{"type":"Point","coordinates":[749829.4,3572241.5]}},{"type":"Feature","properties":{"elev":394},"geometry":{"type":"Point","coordinates":[750768.8,3572241.5]}},{"type":"Feature","properties":{"elev":576},"geometry":{"type":"Point","coordinates":[751708.2,3572241.5]}},{"type":"Feature","properties":{"elev":590},"geometry":{"type":"Point","coordinates":[752647.5,3572241.5]}},{"type":"Feature","properties":{"elev":700},"geometry":{"type":"Point","coordinates":[753586.9,3572241.5]}},{"type":"Feature","properties":{"elev":746},"geometry":{"type":"Point","coordinates":[754526.3,3572241.5]}},{"type":"Feature","properties":{"elev":715},"geometry":{"type":"Point","coordinates":[755465.7,3572241.5]}},{"type":"Feature","properties":{"elev":772},"geometry":{"type":"Point","coordinates":[756405.1,3572241.5]}},{"type":"Feature","properties":{"elev":832},"geometry":{"type":"Point","coordinates":[757344.5,3572241.5]}},{"type":"Feature","properties":{"elev":804},"geometry":{"type":"Point","coordinates":[758283.9,3572241.5]}},{"type":"Feature","properties":{"elev":886},"geometry":{"type":"Point","coordinates":[759223.2,3572241.5]}},{"type":"Feature","properties":{"elev":750},"geometry":{"type":"Point","coordinates":[760162.6,3572241.5]}},{"type":"Feature","properties":{"elev":926},"geometry":{"type":"Point","coordinates":[761102.0,3572241.5]}},{"type":"Feature","properties":{"elev":1004},"geometry":{"type":"Point","coordinates":[762041.4,3572241.5]}},{"type":"Feature","properties":{"elev":1022},"geometry":{"type":"Point","coordinates":[762980.8,3572241.5]}},{"type":"Feature","properties":{"elev":1039},"geometry":{"type":"Point","coordinates":[763920.2,3572241.5]}},{"type":"Feature","properties":{"elev":1019},"geometry":{"type":"Point","coordinates":[764859.5,3572241.5]}},{"type":"Feature","properties":{"elev":796},"geometry":{"type":"Point","coordinates":[765798.9,3572241.5]}},{"type":"Feature","properties":{"elev":679},"geometry":{"type":"Point","coordinates":[766738.3,3572241.5]}},{"type":"Feature","properties":{"elev":550},"geometry":{"type":"Point","coordinates":[767677.7,3572241.5]}},{"type":"Feature","properties":{"elev":486},"geometry":{"type":"Point","coordinates":[768617.1,3572241.5]}},{"type":"Feature","properties":{"elev":543},"geometry":{"type":"Point","coordinates":[769556.5,3572241.5]}},{"type":"Feature","properties":{"elev":493},"geometry":{"type":"Point","coordinates":[770495.8,3572241.5]}},{"type":"Feature","properties":{"elev":491},"geometry":{"type":"Point","coordinates":[771435.2,3572241.5]}},{"type":"Feature","properties":{"elev":475},"geometry":{"type":"Point","coordinates":[772374.6,3572241.5]}},{"type":"Feature","properties":{"elev":577},"geometry":{"type":"Point","coordinates":[773314.0,3572241.5]}},{"type":"Feature","properties":{"elev":689},"geometry":{"type":"Point","coordinates":[774253.4,3572241.5]}},{"type":"Feature","properties":{"elev":554},"geometry":{"type":"Point","coordinates":[775192.8,3572241.5]}},{"type":"Feature","properties":{"elev":534},"geometry":{"type":"Point","coordinates":[776132.1,3572241.5]}},{"type":"Feature","properties":{"elev":636},"geometry":{"type":"Point","coordinates":[777071.5,3572241.5]}},{"type":"Feature","properties":{"elev":749},"geometry":{"type":"Point","coordinates":[778010.9,3572241.5]}},{"type":"Feature","properties":{"elev":724},"geometry":{"type":"Point","coordinates":[778950.3,3572241.5]}},{"type":"Feature","properties":{"elev":641},"geometry":{"type":"Point","coordinates":[779889.7,3572241.5]}},{"type":"Feature","properties":{"elev":575},"geometry":{"type":"Point","coordinates":[780829.1,3572241.5]}},{"type":"Feature","properties":{"elev":613},"geometry":{"type":"Point","coordinates":[781768.5,3572241.5]}},{"type":"Feature","properties":{"elev":618},"geometry":{"type":"Point","coordinates":[782707.8,3572241.5]}},{"type":"Feature","properties":{"elev":643},"geometry":{"type":"Point","coordinates":[783647.2,3572241.5]}},{"type":"Feature","properties":{"elev":620},"geometry":{"type":"Point","coordinates":[784586.6,3572241.5]}},{"type":"Feature","properties":{"elev":626},"geometry":{"type":"Point","coordinates":[785526.0,3572241.5]}},{"type":"Feature","properties":{"elev":646},"geometry":{"type":"Point","coordinates":[786465.4,3572241.5]}},{"type":"Feature","properties":{"elev":738},"geometry":{"type":"Point","coordinates":[787404.8,3572241.5]}},{"type":"Feature","properties":{"elev":700},"geometry":{"type":"Point","coordinates":[788344.1,3572241.5]}},{"type":"Feature","properties":{"elev":762},"geometry":{"type":"Point","coordinates":[789283.5,3572241.5]}},{"type":"Feature","properties":{"elev":729},"geometry":{"type":"Point","coordinates":[790222.9,3572241.5]}},{"type":"Feature","properties":{"elev":712},"geometry":{"type":"Point","coordinates":[791162.3,3572241.5]}},{"type":"Feature","properties":{"elev":681},"geometry":{"type":"Point","coordinates":[792101.7,3572241.5]}},{"type":"Feature","properties":{"elev":705},"geometry":{"type":"Point","coordinates":[793041.1,3572241.5]}},{"type":"Feature","properties":{"elev":688},"geometry":{"type":"Point","coordinates":[793980.4,3572241.5]}},{"type":"Feature","properties":{"elev":692},"geometry":{"type":"Point","coordinates":[794919.8,3572241.5]}},{"type":"Feature","properties":{"elev":73},"geometry":{"type":"Point","coordinates":[734799.3,3571302.2]}},{"type":"Feature","properties":{"elev":62},"geometry":{"type":"Point","coordinates":[735738.6,3571302.2]}},{"type":"Feature","properties":{"elev":114},"geometry":{"type":"Point","coordinates":[736678.0,3571302.2]}},{"type":"Feature","properties":{"elev":160},"geometry":{"type":"Point","coordinates":[737617.4,3571302.2]}},{"type":"Feature","properties":{"elev":59},"geometry":{"type":"Point","coordinates":[738556.8,3571302.2]}},{"type":"Feature","properties":{"elev":-55},"geometry":{"type":"Point","coordinates":[739496.2,3571302.2]}},{"type":"Feature","properties":{"elev":-242},"geometry":{"type":"Point","coordinates":[740435.6,3571302.2]}},{"type":"Feature","properties":{"elev":-327},"geometry":{"type":"Point","coordinates":[741374.9,3571302.2]}},{"type":"Feature","properties":{"elev":-329},"geometry":{"type":"Point","coordinates":[742314.3,3571302.2]}},{"type":"Feature","properties":{"elev":-261},"geometry":{"type":"Point","coordinates":[743253.7,3571302.2]}},{"type":"Feature","properties":{"elev":-248},"geometry":{"type":"Point","coordinates":[744193.1,3571302.2]}},{"type":"Feature","properties":{"elev":-229},"geometry":{"type":"Point","coordinates":[745132.5,3571302.2]}},{"type":"Feature","properties":{"elev":-165},"geometry":{"type":"Point","coordinates":[746071.9,3571302.2]}},{"type":"Feature","properties":{"elev":-99},"geometry":{"type":"Point","coordinates":[747011.2,3571302.2]}},{"type":"Feature","properties":{"elev":41},"geometry":{"type":"Point","coordinates":[747950.6,3571302.2]}},{"type":"Feature","properties":{"elev":156},"geometry":{"type":"Point","coordinates":[748890.0,3571302.2]}},{"type":"Feature","properties":{"elev":203},"geometry":{"type":"Point","coordinates":[749829.4,3571302.2]}},{"type":"Feature","properties":{"elev":229},"geometry":{"type":"Point","coordinates":[750768.8,3571302.2]}},{"type":"Feature","properties":{"elev":247},"geometry":{"type":"Point","coordinates":[751708.2,3571302.2]}},{"type":"Feature","properties":{"elev":360},"geometry":{"type":"Point","coordinates":[752647.5,3571302.2]}},{"type":"Feature","properties":{"elev":476},"geometry":{"type":"Point","coordinates":[753586.9,3571302.2]}},{"type":"Feature","properties":{"elev":535},"geometry":{"type":"Point","coordinates":[754526.3,3571302.2]}},{"type":"Feature","properties":{"elev":626},"geometry":{"type":"Point","coordinates":[755465.7,3571302.2]}},{"type":"Feature","properties":{"elev":531},"geometry":{"type":"Point","coordinates":[756405.1,3571302.2]}},{"type":"Feature","properties":{"elev":590},"geometry":{"type":"Point","coordinates":[757344.5,3571302.2]}},{"type":"Feature","properties":{"elev":686},"geometry":{"type":"Point","coordinates":[758283.9,3571302.2]}},{"type":"Feature","properties":{"elev":766},"geometry":{"type":"Point","coordinates":[759223.2,3571302.2]}},{"type":"Feature","properties":{"elev":762},"geometry":{"type":"Point","coordinates":[760162.6,3571302.2]}},{"type":"Feature","properties":{"elev":976},"geometry":{"type":"Point","coordinates":[761102.0,3571302.2]}},{"type":"Feature","properties":{"elev":995},"geometry":{"type":"Point","coordinates":[762041.4,3571302.2]}},{"type":"Feature","properties":{"elev":966},"geometry":{"type":"Point","coordinates":[762980.8,3571302.2]}},{"type":"Feature","properties":{"elev":1046},"geometry":{"type":"Point","coordinates":[763920.2,3571302.2]}},{"type":"Feature","properties":{"elev":974},"geometry":{"type":"Point","coordinates":[764859.5,3571302.2]}},{"type":"Feature","properties":{"elev":771},"geometry":{"type":"Point","coordinates":[765798.9,3571302.2]}},{"type":"Feature","properties":{"elev":670},"geometry":{"type":"Point","coordinates":[766738.3,3571302.2]}},{"type":"Feature","properties":{"elev":561},"geometry":{"type":"Point","coordinates":[767677.7,3571302.2]}},{"type":"Feature","properties":{"elev":455},"geometry":{"type":"Point","coordinates":[768617.1,3571302.2]}},{"type":"Feature","properties":{"elev":493},"geometry":{"type":"Point","coordinates":[769556.5,3571302.2]}},{"type":"Feature","properties":{"elev":496},"geometry":{"type":"Point","coordinates":[770495.8,3571302.2]}},{"type":"Feature","properties":{"elev":507},"geometry":{"type":"Point","coordinates":[771435.2,3571302.2]}},{"type":"Feature","properties":{"elev":430},"geometry":{"type":"Point","coordinates":[772374.6,3571302.2]}},{"type":"Feature","properties":{"elev":564},"geometry":{"type":"Point","coordinates":[773314.0,3571302.2]}},{"type":"Feature","properties":{"elev":558},"geometry":{"type":"Point","coordinates":[774253.4,3571302.2]}},{"type":"Feature","properties":{"elev":490},"geometry":{"type":"Point","coordinates":[775192.8,3571302.2]}},{"type":"Feature","properties":{"elev":538},"geometry":{"type":"Point","coordinates":[776132.1,3571302.2]}},{"type":"Feature","properties":{"elev":666},"geometry":{"type":"Point","coordinates":[777071.5,3571302.2]}},{"type":"Feature","properties":{"elev":731},"geometry":{"type":"Point","coordinates":[778010.9,3571302.2]}},{"type":"Feature","properties":{"elev":647},"geometry":{"type":"Point","coordinates":[778950.3,3571302.2]}},{"type":"Feature","properties":{"elev":612},"geometry":{"type":"Point","coordinates":[779889.7,3571302.2]}},{"type":"Feature","properties":{"elev":590},"geometry":{"type":"Point","coordinates":[780829.1,3571302.2]}},{"type":"Feature","properties":{"elev":597},"geometry":{"type":"Point","coordinates":[781768.5,3571302.2]}},{"type":"Feature","properties":{"elev":604},"geometry":{"type":"Point","coordinates":[782707.8,3571302.2]}},{"type":"Feature","properties":{"elev":620},"geometry":{"type":"Point","coordinates":[783647.2,3571302.2]}},{"type":"Feature","properties":{"elev":593},"geometry":{"type":"Point","coordinates":[784586.6,3571302.2]}},{"type":"Feature","properties":{"elev":594},"geometry":{"type":"Point","coordinates":[785526.0,3571302.2]}},{"type":"Feature","properties":{"elev":644},"geometry":{"type":"Point","coordinates":[786465.4,3571302.2]}},{"type":"Feature","properties":{"elev":765},"geometry":{"type":"Point","coordinates":[787404.8,3571302.2]}},{"type":"Feature","properties":{"elev":684},"geometry":{"type":"Point","coordinates":[788344.1,3571302.2]}},{"type":"Feature","properties":{"elev":698},"geometry":{"type":"Point","coordinates":[789283.5,3571302.2]}},{"type":"Feature","properties":{"elev":705},"geometry":{"type":"Point","coordinates":[790222.9,3571302.2]}},{"type":"Feature","properties":{"elev":665},"geometry":{"type":"Point","coordinates":[791162.3,3571302.2]}},{"type":"Feature","properties":{"elev":675},"geometry":{"type":"Point","coordinates":[792101.7,3571302.2]}},{"type":"Feature","properties":{"elev":645},"geometry":{"type":"Point","coordinates":[793041.1,3571302.2]}},{"type":"Feature","properties":{"elev":676},"geometry":{"type":"Point","coordinates":[793980.4,3571302.2]}},{"type":"Feature","properties":{"elev":644},"geometry":{"type":"Point","coordinates":[794919.8,3571302.2]}},{"type":"Feature","properties":{"elev":63},"geometry":{"type":"Point","coordinates":[734799.3,3570362.9]}},{"type":"Feature","properties":{"elev":60},"geometry":{"type":"Point","coordinates":[735738.6,3570362.9]}},{"type":"Feature","properties":{"elev":181},"geometry":{"type":"Point","coordinates":[736678.0,3570362.9]}},{"type":"Feature","properties":{"elev":159},"geometry":{"type":"Point","coordinates":[737617.4,3570362.9]}},{"type":"Feature","properties":{"elev":64},"geometry":{"type":"Point","coordinates":[738556.8,3570362.9]}},{"type":"Feature","properties":{"elev":-129},"geometry":{"type":"Point","coordinates":[739496.2,3570362.9]}},{"type":"Feature","properties":{"elev":-224},"geometry":{"type":"Point","coordinates":[740435.6,3570362.9]}},{"type":"Feature","properties":{"elev":-332},"geometry":{"type":"Point","coordinates":[741374.9,3570362.9]}},{"type":"Feature","properties":{"elev":-333},"geometry":{"type":"Point","coordinates":[742314.3,3570362.9]}},{"type":"Feature","properties":{"elev":-276},"geometry":{"type":"Point","coordinates":[743253.7,3570362.9]}},{"type":"Feature","properties":{"elev":-256},"geometry":{"type":"Point","coordinates":[744193.1,3570362.9]}},{"type":"Feature","properties":{"elev":-235},"geometry":{"type":"Point","coordinates":[745132.5,3570362.9]}},{"type":"Feature","properties":{"elev":-211},"geometry":{"type":"Point","coordinates":[746071.9,3570362.9]}},{"type":"Feature","properties":{"elev":-168},"geometry":{"type":"Point","coordinates":[747011.2,3570362.9]}},{"type":"Feature","properties":{"elev":-76},"geometry":{"type":"Point","coordinates":[747950.6,3570362.9]}},{"type":"Feature","properties":{"elev":-17},"geometry":{"type":"Point","coordinates":[748890.0,3570362.9]}},{"type":"Feature","properties":{"elev":-27},"geometry":{"type":"Point","coordinates":[749829.4,3570362.9]}},{"type":"Feature","properties":{"elev":30},"geometry":{"type":"Point","coordinates":[750768.8,3570362.9]}},{"type":"Feature","properties":{"elev":113},"geometry":{"type":"Point","coordinates":[751708.2,3570362.9]}},{"type":"Feature","properties":{"elev":183},"geometry":{"type":"Point","coordinates":[752647.5,3570362.9]}},{"type":"Feature","properties":{"elev":263},"geometry":{"type":"Point","coordinates":[753586.9,3570362.9]}},{"type":"Feature","properties":{"elev":389},"geometry":{"type":"Point","coordinates":[754526.3,3570362.9]}},{"type":"Feature","properties":{"elev":550},"geometry":{"type":"Point","coordinates":[755465.7,3570362.9]}},{"type":"Feature","properties":{"elev":814},"geometry":{"type":"Point","coordinates":[756405.1,3570362.9]}},{"type":"Feature","properties":{"elev":704},"geometry":{"type":"Point","coordinates":[757344.5,3570362.9]}},{"type":"Feature","properties":{"elev":856},"geometry":{"type":"Point","coordinates":[758283.9,3570362.9]}},{"type":"Feature","properties":{"elev":862},"geometry":{"type":"Point","coordinates":[759223.2,3570362.9]}},{"type":"Feature","properties":{"elev":927},"geometry":{"type":"Point","coordinates":[760162.6,3570362.9]}},{"type":"Feature","properties":{"elev":855},"geometry":{"type":"Point","coordinates":[761102.0,3570362.9]}},{"type":"Feature","properties":{"elev":968},"geometry":{"type":"Point","coordinates":[762041.4,3570362.9]}},{"type":"Feature","properties":{"elev":1019},"geometry":{"type":"Point","coordinates":[762980.8,3570362.9]}},{"type":"Feature","properties":{"elev":1070},"geometry":{"type":"Point","coordinates":[763920.2,3570362.9]}},{"type":"Feature","properties":{"elev":809},"geometry":{"type":"Point","coordinates":[764859.5,3570362.9]}},{"type":"Feature","properties":{"elev":706},"geometry":{"type":"Point","coordinates":[765798.9,3570362.9]}},{"type":"Feature","properties":{"elev":699},"geometry":{"type":"Point","coordinates":[766738.3,3570362.9]}},{"type":"Feature","properties":{"elev":595},"geometry":{"type":"Point","coordinates":[767677.7,3570362.9]}},{"type":"Feature","properties":{"elev":606},"geometry":{"type":"Point","coordinates":[768617.1,3570362.9]}},{"type":"Feature","properties":{"elev":361},"geometry":{"type":"Point","coordinates":[769556.5,3570362.9]}},{"type":"Feature","properties":{"elev":457},"geometry":{"type":"Point","coordinates":[770495.8,3570362.9]}},{"type":"Feature","properties":{"elev":455},"geometry":{"type":"Point","coordinates":[771435.2,3570362.9]}},{"type":"Feature","properties":{"elev":351},"geometry":{"type":"Point","coordinates":[772374.6,3570362.9]}},{"type":"Feature","properties":{"elev":441},"geometry":{"type":"Point","coordinates":[773314.0,3570362.9]}},{"type":"Feature","properties":{"elev":462},"geometry":{"type":"Point","coordinates":[774253.4,3570362.9]}},{"type":"Feature","properties":{"elev":512},"geometry":{"type":"Point","coordinates":[775192.8,3570362.9]}},{"type":"Feature","properties":{"elev":602},"geometry":{"type":"Point","coordinates":[776132.1,3570362.9]}},{"type":"Feature","properties":{"elev":723},"geometry":{"type":"Point","coordinates":[777071.5,3570362.9]}},{"type":"Feature","properties":{"elev":829},"geometry":{"type":"Point","coordinates":[778010.9,3570362.9]}},{"type":"Feature","properties":{"elev":798},"geometry":{"type":"Point","coordinates":[778950.3,3570362.9]}},{"type":"Feature","properties":{"elev":663},"geometry":{"type":"Point","coordinates":[779889.7,3570362.9]}},{"type":"Feature","properties":{"elev":588},"geometry":{"type":"Point","coordinates":[780829.1,3570362.9]}},{"type":"Feature","properties":{"elev":543},"geometry":{"type":"Point","coordinates":[781768.5,3570362.9]}},{"type":"Feature","properties":{"elev":563},"geometry":{"type":"Point","coordinates":[782707.8,3570362.9]}},{"type":"Feature","properties":{"elev":568},"geometry":{"type":"Point","coordinates":[783647.2,3570362.9]}},{"type":"Feature","properties":{"elev":569},"geometry":{"type":"Point","coordinates":[784586.6,3570362.9]}},{"type":"Feature","properties":{"elev":647},"geometry":{"type":"Point","coordinates":[785526.0,3570362.9]}},{"type":"Feature","properties":{"elev":618},"geometry":{"type":"Point","coordinates":[786465.4,3570362.9]}},{"type":"Feature","properties":{"elev":667},"geometry":{"type":"Point","coordinates":[787404.8,3570362.9]}},{"type":"Feature","properties":{"elev":670},"geometry":{"type":"Point","coordinates":[788344.1,3570362.9]}},{"type":"Feature","properties":{"elev":710},"geometry":{"type":"Point","coordinates":[789283.5,3570362.9]}},{"type":"Feature","properties":{"elev":670},"geometry":{"type":"Point","coordinates":[790222.9,3570362.9]}},{"type":"Feature","properties":{"elev":665},"geometry":{"type":"Point","coordinates":[791162.3,3570362.9]}},{"type":"Feature","properties":{"elev":662},"geometry":{"type":"Point","coordinates":[792101.7,3570362.9]}},{"type":"Feature","properties":{"elev":640},"geometry":{"type":"Point","coordinates":[793041.1,3570362.9]}},{"type":"Feature","properties":{"elev":635},"geometry":{"type":"Point","coordinates":[793980.4,3570362.9]}},{"type":"Feature","properties":{"elev":633},"geometry":{"type":"Point","coordinates":[794919.8,3570362.9]}},{"type":"Feature","properties":{"elev":3},"geometry":{"type":"Point","coordinates":[734799.3,3569423.5]}},{"type":"Feature","properties":{"elev":46},"geometry":{"type":"Point","coordinates":[735738.6,3569423.5]}},{"type":"Feature","properties":{"elev":263},"geometry":{"type":"Point","coordinates":[736678.0,3569423.5]}},{"type":"Feature","properties":{"elev":68},"geometry":{"type":"Point","coordinates":[737617.4,3569423.5]}},{"type":"Feature","properties":{"elev":-60},"geometry":{"type":"Point","coordinates":[738556.8,3569423.5]}},{"type":"Feature","properties":{"elev":-113},"geometry":{"type":"Point","coordinates":[739496.2,3569423.5]}},{"type":"Feature","properties":{"elev":-267},"geometry":{"type":"Point","coordinates":[740435.6,3569423.5]}},{"type":"Feature","properties":{"elev":-335},"geometry":{"type":"Point","coordinates":[741374.9,3569423.5]}},{"type":"Feature","properties":{"elev":-322},"geometry":{"type":"Point","coordinates":[742314.3,3569423.5]}},{"type":"Feature","properties":{"elev":-288},"geometry":{"type":"Point","coordinates":[743253.7,3569423.5]}},{"type":"Feature","properties":{"elev":-258},"geometry":{"type":"Point","coordinates":[744193.1,3569423.5]}},{"type":"Feature","properties":{"elev":-239},"geometry":{"type":"Point","coordinates":[745132.5,3569423.5]}},{"type":"Feature","properties":{"elev":-214},"geometry":{"type":"Point","coordinates":[746071.9,3569423.5]}},{"type":"Feature","properties":{"elev":-199},"geometry":{"type":"Point","coordinates":[747011.2,3569423.5]}},{"type":"Feature","properties":{"elev":-61},"geometry":{"type":"Point","coordinates":[747950.6,3569423.5]}},{"type":"Feature","properties":{"elev":42},"geometry":{"type":"Point","coordinates":[748890.0,3569423.5]}},{"type":"Feature","properties":{"elev":191},"geometry":{"type":"Point","coordinates":[749829.4,3569423.5]}},{"type":"Feature","properties":{"elev":271},"geometry":{"type":"Point","coordinates":[750768.8,3569423.5]}},{"type":"Feature","properties":{"elev":373},"geometry":{"type":"Point","coordinates":[751708.2,3569423.5]}},{"type":"Feature","properties":{"elev":376},"geometry":{"type":"Point","coordinates":[752647.5,3569423.5]}},{"type":"Feature","properties":{"elev":417},"geometry":{"type":"Point","coordinates":[753586.9,3569423.5]}},{"type":"Feature","properties":{"elev":528},"geometry":{"type":"Point","coordinates":[754526.3,3569423.5]}},{"type":"Feature","properties":{"elev":648},"geometry":{"type":"Point","coordinates":[755465.7,3569423.5]}},{"type":"Feature","properties":{"elev":843},"geometry":{"type":"Point","coordinates":[756405.1,3569423.5]}},{"type":"Feature","properties":{"elev":900},"geometry":{"type":"Point","coordinates":[757344.5,3569423.5]}},{"type":"Feature","properties":{"elev":935},"geometry":{"type":"Point","coordinates":[758283.9,3569423.5]}},{"type":"Feature","properties":{"elev":773},"geometry":{"type":"Point","coordinates":[759223.2,3569423.5]}},{"type":"Feature","properties":{"elev":956},"geometry":{"type":"Point","coordinates":[760162.6,3569423.5]}},{"type":"Feature","properties":{"elev":949},"geometry":{"type":"Point","coordinates":[761102.0,3569423.5]}},{"type":"Feature","properties":{"elev":888},"geometry":{"type":"Point","coordinates":[762041.4,3569423.5]}},{"type":"Feature","properties":{"elev":814},"geometry":{"type":"Point","coordinates":[762980.8,3569423.5]}},{"type":"Feature","properties":{"elev":828},"geometry":{"type":"Point","coordinates":[763920.2,3569423.5]}},{"type":"Feature","properties":{"elev":723},"geometry":{"type":"Point","coordinates":[764859.5,3569423.5]}},{"type":"Feature","properties":{"elev":569},"geometry":{"type":"Point","coordinates":[765798.9,3569423.5]}},{"type":"Feature","properties":{"elev":533},"geometry":{"type":"Point","coordinates":[766738.3,3569423.5]}},{"type":"Feature","properties":{"elev":497},"geometry":{"type":"Point","coordinates":[767677.7,3569423.5]}},{"type":"Feature","properties":{"elev":476},"geometry":{"type":"Point","coordinates":[768617.1,3569423.5]}},{"type":"Feature","properties":{"elev":461},"geometry":{"type":"Point","coordinates":[769556.5,3569423.5]}},{"type":"Feature","properties":{"elev":433},"geometry":{"type":"Point","coordinates":[770495.8,3569423.5]}},{"type":"Feature","properties":{"elev":344},"geometry":{"type":"Point","coordinates":[771435.2,3569423.5]}},{"type":"Feature","properties":{"elev":438},"geometry":{"type":"Point","coordinates":[772374.6,3569423.5]}},{"type":"Feature","properties":{"elev":363},"geometry":{"type":"Point","coordinates":[773314.0,3569423.5]}},{"type":"Feature","properties":{"elev":440},"geometry":{"type":"Point","coordinates":[774253.4,3569423.5]}},{"type":"Feature","properties":{"elev":484},"geometry":{"type":"Point","coordinates":[775192.8,3569423.5]}},{"type":"Feature","properties":{"elev":634},"geometry":{"type":"Point","coordinates":[776132.1,3569423.5]}},{"type":"Feature","properties":{"elev":776},"geometry":{"type":"Point","coordinates":[777071.5,3569423.5]}},{"type":"Feature","properties":{"elev":624},"geometry":{"type":"Point","coordinates":[778010.9,3569423.5]}},{"type":"Feature","properties":{"elev":759},"geometry":{"type":"Point","coordinates":[778950.3,3569423.5]}},{"type":"Feature","properties":{"elev":647},"geometry":{"type":"Point","coordinates":[779889.7,3569423.5]}},{"type":"Feature","properties":{"elev":492},"geometry":{"type":"Point","coordinates":[780829.1,3569423.5]}},{"type":"Feature","properties":{"elev":503},"geometry":{"type":"Point","coordinates":[781768.5,3569423.5]}},{"type":"Feature","properties":{"elev":480},"geometry":{"type":"Point","coordinates":[782707.8,3569423.5]}},{"type":"Feature","properties":{"elev":549},"geometry":{"type":"Point","coordinates":[783647.2,3569423.5]}},{"type":"Feature","properties":{"elev":581},"geometry":{"type":"Point","coordinates":[784586.6,3569423.5]}},{"type":"Feature","properties":{"elev":569},"geometry":{"type":"Point","coordinates":[785526.0,3569423.5]}},{"type":"Feature","properties":{"elev":655},"geometry":{"type":"Point","coordinates":[786465.4,3569423.5]}},{"type":"Feature","properties":{"elev":617},"geometry":{"type":"Point","coordinates":[787404.8,3569423.5]}},{"type":"Feature","properties":{"elev":648},"geometry":{"type":"Point","coordinates":[788344.1,3569423.5]}},{"type":"Feature","properties":{"elev":678},"geometry":{"type":"Point","coordinates":[789283.5,3569423.5]}},{"type":"Feature","properties":{"elev":674},"geometry":{"type":"Point","coordinates":[790222.9,3569423.5]}},{"type":"Feature","properties":{"elev":649},"geometry":{"type":"Point","coordinates":[791162.3,3569423.5]}},{"type":"Feature","properties":{"elev":634},"geometry":{"type":"Point","coordinates":[792101.7,3569423.5]}},{"type":"Feature","properties":{"elev":624},"geometry":{"type":"Point","coordinates":[793041.1,3569423.5]}},{"type":"Feature","properties":{"elev":618},"geometry":{"type":"Point","coordinates":[793980.4,3569423.5]}},{"type":"Feature","properties":{"elev":607},"geometry":{"type":"Point","coordinates":[794919.8,3569423.5]}},{"type":"Feature","properties":{"elev":7},"geometry":{"type":"Point","coordinates":[734799.3,3568484.2]}},{"type":"Feature","properties":{"elev":5},"geometry":{"type":"Point","coordinates":[735738.6,3568484.2]}},{"type":"Feature","properties":{"elev":148},"geometry":{"type":"Point","coordinates":[736678.0,3568484.2]}},{"type":"Feature","properties":{"elev":134},"geometry":{"type":"Point","coordinates":[737617.4,3568484.2]}},{"type":"Feature","properties":{"elev":18},"geometry":{"type":"Point","coordinates":[738556.8,3568484.2]}},{"type":"Feature","properties":{"elev":-75},"geometry":{"type":"Point","coordinates":[739496.2,3568484.2]}},{"type":"Feature","properties":{"elev":-271},"geometry":{"type":"Point","coordinates":[740435.6,3568484.2]}},{"type":"Feature","properties":{"elev":-336},"geometry":{"type":"Point","coordinates":[741374.9,3568484.2]}},{"type":"Feature","properties":{"elev":-335},"geometry":{"type":"Point","coordinates":[742314.3,3568484.2]}},{"type":"Feature","properties":{"elev":-273},"geometry":{"type":"Point","coordinates":[743253.7,3568484.2]}},{"type":"Feature","properties":{"elev":-263},"geometry":{"type":"Point","coordinates":[744193.1,3568484.2]}},{"type":"Feature","properties":{"elev":-245},"geometry":{"type":"Point","coordinates":[745132.5,3568484.2]}},{"type":"Feature","properties":{"elev":-237},"geometry":{"type":"Point","coordinates":[746071.9,3568484.2]}},{"type":"Feature","properties":{"elev":-217},"geometry":{"type":"Point","coordinates":[747011.2,3568484.2]}},{"type":"Feature","properties":{"elev":-111},"geometry":{"type":"Point","coordinates":[747950.6,3568484.2]}},{"type":"Feature","properties":{"elev":-43},"geometry":{"type":"Point","coordinates":[748890.0,3568484.2]}},{"type":"Feature","properties":{"elev":61},"geometry":{"type":"Point","coordinates":[749829.4,3568484.2]}},{"type":"Feature","properties":{"elev":328},"geometry":{"type":"Point","coordinates":[750768.8,3568484.2]}},{"type":"Feature","properties":{"elev":339},"geometry":{"type":"Point","coordinates":[751708.2,3568484.2]}},{"type":"Feature","properties":{"elev":481},"geometry":{"type":"Point","coordinates":[752647.5,3568484.2]}},{"type":"Feature","properties":{"elev":608},"geometry":{"type":"Point","coordinates":[753586.9,3568484.2]}},{"type":"Feature","properties":{"elev":706},"geometry":{"type":"Point","coordinates":[754526.3,3568484.2]}},{"type":"Feature","properties":{"elev":695},"geometry":{"type":"Point","coordinates":[755465.7,3568484.2]}},{"type":"Feature","properties":{"elev":717},"geometry":{"type":"Point","coordinates":[756405.1,3568484.2]}},{"type":"Feature","properties":{"elev":719},"geometry":{"type":"Point","coordinates":[757344.5,3568484.2]}},{"type":"Feature","properties":{"elev":718},"geometry":{"type":"Point","coordinates":[758283.9,3568484.2]}},{"type":"Feature","properties":{"elev":668},"geometry":{"type":"Point","coordinates":[759223.2,3568484.2]}},{"type":"Feature","properties":{"elev":744},"geometry":{"type":"Point","coordinates":[760162.6,3568484.2]}},{"type":"Feature","properties":{"elev":698},"geometry":{"type":"Point","coordinates":[761102.0,3568484.2]}},{"type":"Feature","properties":{"elev":669},"geometry":{"type":"Point","coordinates":[762041.4,3568484.2]}},{"type":"Feature","properties":{"elev":674},"geometry":{"type":"Point","coordinates":[762980.8,3568484.2]}},{"type":"Feature","properties":{"elev":665},"geometry":{"type":"Point","coordinates":[763920.2,3568484.2]}},{"type":"Feature","properties":{"elev":636},"geometry":{"type":"Point","coordinates":[764859.5,3568484.2]}},{"type":"Feature","properties":{"elev":502},"geometry":{"type":"Point","coordinates":[765798.9,3568484.2]}},{"type":"Feature","properties":{"elev":413},"geometry":{"type":"Point","coordinates":[766738.3,3568484.2]}},{"type":"Feature","properties":{"elev":487},"geometry":{"type":"Point","coordinates":[767677.7,3568484.2]}},{"type":"Feature","properties":{"elev":427},"geometry":{"type":"Point","coordinates":[768617.1,3568484.2]}},{"type":"Feature","properties":{"elev":394},"geometry":{"type":"Point","coordinates":[769556.5,3568484.2]}},{"type":"Feature","properties":{"elev":357},"geometry":{"type":"Point","coordinates":[770495.8,3568484.2]}},{"type":"Feature","properties":{"elev":319},"geometry":{"type":"Point","coordinates":[771435.2,3568484.2]}},{"type":"Feature","properties":{"elev":283},"geometry":{"type":"Point","coordinates":[772374.6,3568484.2]}},{"type":"Feature","properties":{"elev":386},"geometry":{"type":"Point","coordinates":[773314.0,3568484.2]}},{"type":"Feature","properties":{"elev":386},"geometry":{"type":"Point","coordinates":[774253.4,3568484.2]}},{"type":"Feature","properties":{"elev":501},"geometry":{"type":"Point","coordinates":[775192.8,3568484.2]}},{"type":"Feature","properties":{"elev":685},"geometry":{"type":"Point","coordinates":[776132.1,3568484.2]}},{"type":"Feature","properties":{"elev":600},"geometry":{"type":"Point","coordinates":[777071.5,3568484.2]}},{"type":"Feature","properties":{"elev":567},"geometry":{"type":"Point","coordinates":[778010.9,3568484.2]}},{"type":"Feature","properties":{"elev":637},"geometry":{"type":"Point","coordinates":[778950.3,3568484.2]}},{"type":"Feature","properties":{"elev":574},"geometry":{"type":"Point","coordinates":[779889.7,3568484.2]}},{"type":"Feature","properties":{"elev":480},"geometry":{"type":"Point","coordinates":[780829.1,3568484.2]}},{"type":"Feature","properties":{"elev":486},"geometry":{"type":"Point","coordinates":[781768.5,3568484.2]}},{"type":"Feature","properties":{"elev":597},"geometry":{"type":"Point","coordinates":[782707.8,3568484.2]}},{"type":"Feature","properties":{"elev":468},"geometry":{"type":"Point","coordinates":[783647.2,3568484.2]}},{"type":"Feature","properties":{"elev":528},"geometry":{"type":"Point","coordinates":[784586.6,3568484.2]}},{"type":"Feature","properties":{"elev":534},"geometry":{"type":"Point","coordinates":[785526.0,3568484.2]}},{"type":"Feature","properties":{"elev":565},"geometry":{"type":"Point","coordinates":[786465.4,3568484.2]}},{"type":"Feature","properties":{"elev":633},"geometry":{"type":"Point","coordinates":[787404.8,3568484.2]}},{"type":"Feature","properties":{"elev":649},"geometry":{"type":"Point","coordinates":[788344.1,3568484.2]}},{"type":"Feature","properties":{"elev":685},"geometry":{"type":"Point","coordinates":[789283.5,3568484.2]}},{"type":"Feature","properties":{"elev":675},"geometry":{"type":"Point","coordinates":[790222.9,3568484.2]}},{"type":"Feature","properties":{"elev":673},"geometry":{"type":"Point","coordinates":[791162.3,3568484.2]}},{"type":"Feature","properties":{"elev":643},"geometry":{"type":"Point","coordinates":[792101.7,3568484.2]}},{"type":"Feature","properties":{"elev":624},"geometry":{"type":"Point","coordinates":[793041.1,3568484.2]}},{"type":"Feature","properties":{"elev":607},"geometry":{"type":"Point","coordinates":[793980.4,3568484.2]}},{"type":"Feature","properties":{"elev":599},"geometry":{"type":"Point","coordinates":[794919.8,3568484.2]}},{"type":"Feature","properties":{"elev":20},"geometry":{"type":"Point","coordinates":[734799.3,3567544.9]}},{"type":"Feature","properties":{"elev":-20},"geometry":{"type":"Point","coordinates":[735738.6,3567544.9]}},{"type":"Feature","properties":{"elev":58},"geometry":{"type":"Point","coordinates":[736678.0,3567544.9]}},{"type":"Feature","properties":{"elev":120},"geometry":{"type":"Point","coordinates":[737617.4,3567544.9]}},{"type":"Feature","properties":{"elev":59},"geometry":{"type":"Point","coordinates":[738556.8,3567544.9]}},{"type":"Feature","properties":{"elev":-115},"geometry":{"type":"Point","coordinates":[739496.2,3567544.9]}},{"type":"Feature","properties":{"elev":-271},"geometry":{"type":"Point","coordinates":[740435.6,3567544.9]}},{"type":"Feature","properties":{"elev":-338},"geometry":{"type":"Point","coordinates":[741374.9,3567544.9]}},{"type":"Feature","properties":{"elev":-339},"geometry":{"type":"Point","coordinates":[742314.3,3567544.9]}},{"type":"Feature","properties":{"elev":-283},"geometry":{"type":"Point","coordinates":[743253.7,3567544.9]}},{"type":"Feature","properties":{"elev":-267},"geometry":{"type":"Point","coordinates":[744193.1,3567544.9]}},{"type":"Feature","properties":{"elev":-256},"geometry":{"type":"Point","coordinates":[745132.5,3567544.9]}},{"type":"Feature","properties":{"elev":-243},"geometry":{"type":"Point","coordinates":[746071.9,3567544.9]}},{"type":"Feature","properties":{"elev":-223},"geometry":{"type":"Point","coordinates":[747011.2,3567544.9]}},{"type":"Feature","properties":{"elev":-115},"geometry":{"type":"Point","coordinates":[747950.6,3567544.9]}},{"type":"Feature","properties":{"elev":-80},"geometry":{"type":"Point","coordinates":[748890.0,3567544.9]}},{"type":"Feature","properties":{"elev":-11},"geometry":{"type":"Point","coordinates":[749829.4,3567544.9]}},{"type":"Feature","properties":{"elev":101},"geometry":{"type":"Point","coordinates":[750768.8,3567544.9]}},{"type":"Feature","properties":{"elev":207},"geometry":{"type":"Point","coordinates":[751708.2,3567544.9]}},{"type":"Feature","properties":{"elev":398},"geometry":{"type":"Point","coordinates":[752647.5,3567544.9]}},{"type":"Feature","properties":{"elev":503},"geometry":{"type":"Point","coordinates":[753586.9,3567544.9]}},{"type":"Feature","properties":{"elev":422},"geometry":{"type":"Point","coordinates":[754526.3,3567544.9]}},{"type":"Feature","properties":{"elev":541},"geometry":{"type":"Point","coordinates":[755465.7,3567544.9]}},{"type":"Feature","properties":{"elev":504},"geometry":{"type":"Point","coordinates":[756405.1,3567544.9]}},{"type":"Feature","properties":{"elev":564},"geometry":{"type":"Point","coordinates":[757344.5,3567544.9]}},{"type":"Feature","properties":{"elev":482},"geometry":{"type":"Point","coordinates":[758283.9,3567544.9]}},{"type":"Feature","properties":{"elev":634},"geometry":{"type":"Point","coordinates":[759223.2,3567544.9]}},{"type":"Feature","properties":{"elev":547},"geometry":{"type":"Point","coordinates":[760162.6,3567544.9]}},{"type":"Feature","properties":{"elev":567},"geometry":{"type":"Point","coordinates":[761102.0,3567544.9]}},{"type":"Feature","properties":{"elev":513},"geometry":{"type":"Point","coordinates":[762041.4,3567544.9]}},{"type":"Feature","properties":{"elev":492},"geometry":{"type":"Point","coordinates":[762980.8,3567544.9]}},{"type":"Feature","properties":{"elev":533},"geometry":{"type":"Point","coordinates":[763920.2,3567544.9]}},{"type":"Feature","properties":{"elev":485},"geometry":{"type":"Point","coordinates":[764859.5,3567544.9]}},{"type":"Feature","properties":{"elev":470},"geometry":{"type":"Point","coordinates":[765798.9,3567544.9]}},{"type":"Feature","properties":{"elev":386},"geometry":{"type":"Point","coordinates":[766738.3,3567544.9]}},{"type":"Feature","properties":{"elev":481},"geometry":{"type":"Point","coordinates":[767677.7,3567544.9]}},{"type":"Feature","properties":{"elev":414},"geometry":{"type":"Point","coordinates":[768617.1,3567544.9]}},{"type":"Feature","properties":{"elev":337},"geometry":{"type":"Point","coordinates":[769556.5,3567544.9]}},{"type":"Feature","properties":{"elev":210},"geometry":{"type":"Point","coordinates":[770495.8,3567544.9]}},{"type":"Feature","properties":{"elev":394},"geometry":{"type":"Point","coordinates":[771435.2,3567544.9]}},{"type":"Feature","properties":{"elev":327},"geometry":{"type":"Point","coordinates":[772374.6,3567544.9]}},{"type":"Feature","properties":{"elev":247},"geometry":{"type":"Point","coordinates":[773314.0,3567544.9]}},{"type":"Feature","properties":{"elev":382},"geometry":{"type":"Point","coordinates":[774253.4,3567544.9]}},{"type":"Feature","properties":{"elev":553},"geometry":{"type":"Point","coordinates":[775192.8,3567544.9]}},{"type":"Feature","properties":{"elev":632},"geometry":{"type":"Point","coordinates":[776132.1,3567544.9]}},{"type":"Feature","properties":{"elev":528},"geometry":{"type":"Point","coordinates":[777071.5,3567544.9]}},{"type":"Feature","properties":{"elev":577},"geometry":{"type":"Point","coordinates":[778010.9,3567544.9]}},{"type":"Feature","properties":{"elev":677},"geometry":{"type":"Point","coordinates":[778950.3,3567544.9]}},{"type":"Feature","properties":{"elev":548},"geometry":{"type":"Point","coordinates":[779889.7,3567544.9]}},{"type":"Feature","properties":{"elev":465},"geometry":{"type":"Point","coordinates":[780829.1,3567544.9]}},{"type":"Feature","properties":{"elev":468},"geometry":{"type":"Point","coordinates":[781768.5,3567544.9]}},{"type":"Feature","properties":{"elev":512},"geometry":{"type":"Point","coordinates":[782707.8,3567544.9]}},{"type":"Feature","properties":{"elev":477},"geometry":{"type":"Point","coordinates":[783647.2,3567544.9]}},{"type":"Feature","properties":{"elev":587},"geometry":{"type":"Point","coordinates":[784586.6,3567544.9]}},{"type":"Feature","properties":{"elev":633},"geometry":{"type":"Point","coordinates":[785526.0,3567544.9]}},{"type":"Feature","properties":{"elev":705},"geometry":{"type":"Point","coordinates":[786465.4,3567544.9]}},{"type":"Feature","properties":{"elev":705},"geometry":{"type":"Point","coordinates":[787404.8,3567544.9]}},{"type":"Feature","properties":{"elev":692},"geometry":{"type":"Point","coordinates":[788344.1,3567544.9]}},{"type":"Feature","properties":{"elev":718},"geometry":{"type":"Point","coordinates":[789283.5,3567544.9]}},{"type":"Feature","properties":{"elev":682},"geometry":{"type":"Point","coordinates":[790222.9,3567544.9]}},{"type":"Feature","properties":{"elev":677},"geometry":{"type":"Point","coordinates":[791162.3,3567544.9]}},{"type":"Feature","properties":{"elev":661},"geometry":{"type":"Point","coordinates":[792101.7,3567544.9]}},{"type":"Feature","properties":{"elev":650},"geometry":{"type":"Point","coordinates":[793041.1,3567544.9]}},{"type":"Feature","properties":{"elev":635},"geometry":{"type":"Point","coordinates":[793980.4,3567544.9]}},{"type":"Feature","properties":{"elev":602},"geometry":{"type":"Point","coordinates":[794919.8,3567544.9]}},{"type":"Feature","properties":{"elev":90},"geometry":{"type":"Point","coordinates":[734799.3,3566605.6]}},{"type":"Feature","properties":{"elev":-20},"geometry":{"type":"Point","coordinates":[735738.6,3566605.6]}},{"type":"Feature","properties":{"elev":-35},"geometry":{"type":"Point","coordinates":[736678.0,3566605.6]}},{"type":"Feature","properties":{"elev":41},"geometry":{"type":"Point","coordinates":[737617.4,3566605.6]}},{"type":"Feature","properties":{"elev":13},"geometry":{"type":"Point","coordinates":[738556.8,3566605.6]}},{"type":"Feature","properties":{"elev":-142},"geometry":{"type":"Point","coordinates":[739496.2,3566605.6]}},{"type":"Feature","properties":{"elev":-276},"geometry":{"type":"Point","coordinates":[740435.6,3566605.6]}},{"type":"Feature","properties":{"elev":-339},"geometry":{"type":"Point","coordinates":[741374.9,3566605.6]}},{"type":"Feature","properties":{"elev":-339},"geometry":{"type":"Point","coordinates":[742314.3,3566605.6]}},{"type":"Feature","properties":{"elev":-280},"geometry":{"type":"Point","coordinates":[743253.7,3566605.6]}},{"type":"Feature","properties":{"elev":-275},"geometry":{"type":"Point","coordinates":[744193.1,3566605.6]}},{"type":"Feature","properties":{"elev":-259},"geometry":{"type":"Point","coordinates":[745132.5,3566605.6]}},{"type":"Feature","properties":{"elev":-248},"geometry":{"type":"Point","coordinates":[746071.9,3566605.6]}},{"type":"Feature","properties":{"elev":-227},"geometry":{"type":"Point","coordinates":[747011.2,3566605.6]}},{"type":"Feature","properties":{"elev":-193},"geometry":{"type":"Point","coordinates":[747950.6,3566605.6]}},{"type":"Feature","properties":{"elev":-174},"geometry":{"type":"Point","coordinates":[748890.0,3566605.6]}},{"type":"Feature","properties":{"elev":-57},"geometry":{"type":"Point","coordinates":[749829.4,3566605.6]}},{"type":"Feature","properties":{"elev":39},"geometry":{"type":"Point","coordinates":[750768.8,3566605.6]}},{"type":"Feature","properties":{"elev":88},"geometry":{"type":"Point","coordinates":[751708.2,3566605.6]}},{"type":"Feature","properties":{"elev":124},"geometry":{"type":"Point","coordinates":[752647.5,3566605.6]}},{"type":"Feature","properties":{"elev":198},"geometry":{"type":"Point","coordinates":[753586.9,3566605.6]}},{"type":"Feature","properties":{"elev":314},"geometry":{"type":"Point","coordinates":[754526.3,3566605.6]}},{"type":"Feature","properties":{"elev":374},"geometry":{"type":"Point","coordinates":[755465.7,3566605.6]}},{"type":"Feature","properties":{"elev":388},"geometry":{"type":"Point","coordinates":[756405.1,3566605.6]}},{"type":"Feature","properties":{"elev":447},"geometry":{"type":"Point","coordinates":[757344.5,3566605.6]}},{"type":"Feature","properties":{"elev":416},"geometry":{"type":"Point","coordinates":[758283.9,3566605.6]}},{"type":"Feature","properties":{"elev":435},"geometry":{"type":"Point","coordinates":[759223.2,3566605.6]}},{"type":"Feature","properties":{"elev":481},"geometry":{"type":"Point","coordinates":[760162.6,3566605.6]}},{"type":"Feature","properties":{"elev":461},"geometry":{"type":"Point","coordinates":[761102.0,3566605.6]}},{"type":"Feature","properties":{"elev":467},"geometry":{"type":"Point","coordinates":[762041.4,3566605.6]}},{"type":"Feature","properties":{"elev":454},"geometry":{"type":"Point","coordinates":[762980.8,3566605.6]}},{"type":"Feature","properties":{"elev":437},"geometry":{"type":"Point","coordinates":[763920.2,3566605.6]}},{"type":"Feature","properties":{"elev":452},"geometry":{"type":"Point","coordinates":[764859.5,3566605.6]}},{"type":"Feature","properties":{"elev":421},"geometry":{"type":"Point","coordinates":[765798.9,3566605.6]}},{"type":"Feature","properties":{"elev":341},"geometry":{"type":"Point","coordinates":[766738.3,3566605.6]}},{"type":"Feature","properties":{"elev":324},"geometry":{"type":"Point","coordinates":[767677.7,3566605.6]}},{"type":"Feature","properties":{"elev":221},"geometry":{"type":"Point","coordinates":[768617.1,3566605.6]}},{"type":"Feature","properties":{"elev":207},"geometry":{"type":"Point","coordinates":[769556.5,3566605.6]}},{"type":"Feature","properties":{"elev":381},"geometry":{"type":"Point","coordinates":[770495.8,3566605.6]}},{"type":"Feature","properties":{"elev":554},"geometry":{"type":"Point","coordinates":[771435.2,3566605.6]}},{"type":"Feature","properties":{"elev":526},"geometry":{"type":"Point","coordinates":[772374.6,3566605.6]}},{"type":"Feature","properties":{"elev":304},"geometry":{"type":"Point","coordinates":[773314.0,3566605.6]}},{"type":"Feature","properties":{"elev":314},"geometry":{"type":"Point","coordinates":[774253.4,3566605.6]}},{"type":"Feature","properties":{"elev":504},"geometry":{"type":"Point","coordinates":[775192.8,3566605.6]}},{"type":"Feature","properties":{"elev":554},"geometry":{"type":"Point","coordinates":[776132.1,3566605.6]}},{"type":"Feature","properties":{"elev":442},"geometry":{"type":"Point","coordinates":[777071.5,3566605.6]}},{"type":"Feature","properties":{"elev":425},"geometry":{"type":"Point","coordinates":[778010.9,3566605.6]}},{"type":"Feature","properties":{"elev":469},"geometry":{"type":"Point","coordinates":[778950.3,3566605.6]}},{"type":"Feature","properties":{"elev":440},"geometry":{"type":"Point","coordinates":[779889.7,3566605.6]}},{"type":"Feature","properties":{"elev":391},"geometry":{"type":"Point","coordinates":[780829.1,3566605.6]}},{"type":"Feature","properties":{"elev":432},"geometry":{"type":"Point","coordinates":[781768.5,3566605.6]}},{"type":"Feature","properties":{"elev":436},"geometry":{"type":"Point","coordinates":[782707.8,3566605.6]}},{"type":"Feature","properties":{"elev":530},"geometry":{"type":"Point","coordinates":[783647.2,3566605.6]}},{"type":"Feature","properties":{"elev":591},"geometry":{"type":"Point","coordinates":[784586.6,3566605.6]}},{"type":"Feature","properties":{"elev":712},"geometry":{"type":"Point","coordinates":[785526.0,3566605.6]}},{"type":"Feature","properties":{"elev":724},"geometry":{"type":"Point","coordinates":[786465.4,3566605.6]}},{"type":"Feature","properties":{"elev":722},"geometry":{"type":"Point","coordinates":[787404.8,3566605.6]}},{"type":"Feature","properties":{"elev":728},"geometry":{"type":"Point","coordinates":[788344.1,3566605.6]}},{"type":"Feature","properties":{"elev":739},"geometry":{"type":"Point","coordinates":[789283.5,3566605.6]}},{"type":"Feature","properties":{"elev":704},"geometry":{"type":"Point","coordinates":[790222.9,3566605.6]}},{"type":"Feature","properties":{"elev":708},"geometry":{"type":"Point","coordinates":[791162.3,3566605.6]}},{"type":"Feature","properties":{"elev":669},"geometry":{"type":"Point","coordinates":[792101.7,3566605.6]}},{"type":"Feature","properties":{"elev":655},"geometry":{"type":"Point","coordinates":[793041.1,3566605.6]}},{"type":"Feature","properties":{"elev":618},"geometry":{"type":"Point","coordinates":[793980.4,3566605.6]}},{"type":"Feature","properties":{"elev":630},"geometry":{"type":"Point","coordinates":[794919.8,3566605.6]}},{"type":"Feature","properties":{"elev":174},"geometry":{"type":"Point","coordinates":[734799.3,3565666.3]}},{"type":"Feature","properties":{"elev":14},"geometry":{"type":"Point","coordinates":[735738.6,3565666.3]}},{"type":"Feature","properties":{"elev":-29},"geometry":{"type":"Point","coordinates":[736678.0,3565666.3]}},{"type":"Feature","properties":{"elev":-6},"geometry":{"type":"Point","coordinates":[737617.4,3565666.3]}},{"type":"Feature","properties":{"elev":-59},"geometry":{"type":"Point","coordinates":[738556.8,3565666.3]}},{"type":"Feature","properties":{"elev":-186},"geometry":{"type":"Point","coordinates":[739496.2,3565666.3]}},{"type":"Feature","properties":{"elev":-288},"geometry":{"type":"Point","coordinates":[740435.6,3565666.3]}},{"type":"Feature","properties":{"elev":-342},"geometry":{"type":"Point","coordinates":[741374.9,3565666.3]}},{"type":"Feature","properties":{"elev":-319},"geometry":{"type":"Point","coordinates":[742314.3,3565666.3]}},{"type":"Feature","properties":{"elev":-275},"geometry":{"type":"Point","coordinates":[743253.7,3565666.3]}},{"type":"Feature","properties":{"elev":-266},"geometry":{"type":"Point","coordinates":[744193.1,3565666.3]}},{"type":"Feature","properties":{"elev":-262},"geometry":{"type":"Point","coordinates":[745132.5,3565666.3]}},{"type":"Feature","properties":{"elev":-248},"geometry":{"type":"Point","coordinates":[746071.9,3565666.3]}},{"type":"Feature","properties":{"elev":-230},"geometry":{"type":"Point","coordinates":[747011.2,3565666.3]}},{"type":"Feature","properties":{"elev":-210},"geometry":{"type":"Point","coordinates":[747950.6,3565666.3]}},{"type":"Feature","properties":{"elev":-193},"geometry":{"type":"Point","coordinates":[748890.0,3565666.3]}},{"type":"Feature","properties":{"elev":-92},"geometry":{"type":"Point","coordinates":[749829.4,3565666.3]}},{"type":"Feature","properties":{"elev":-174},"geometry":{"type":"Point","coordinates":[750768.8,3565666.3]}},{"type":"Feature","properties":{"elev":-108},"geometry":{"type":"Point","coordinates":[751708.2,3565666.3]}},{"type":"Feature","properties":{"elev":37},"geometry":{"type":"Point","coordinates":[752647.5,3565666.3]}},{"type":"Feature","properties":{"elev":81},"geometry":{"type":"Point","coordinates":[753586.9,3565666.3]}},{"type":"Feature","properties":{"elev":195},"geometry":{"type":"Point","coordinates":[754526.3,3565666.3]}},{"type":"Feature","properties":{"elev":331},"geometry":{"type":"Point","coordinates":[755465.7,3565666.3]}},{"type":"Feature","properties":{"elev":325},"geometry":{"type":"Point","coordinates":[756405.1,3565666.3]}},{"type":"Feature","properties":{"elev":278},"geometry":{"type":"Point","coordinates":[757344.5,3565666.3]}},{"type":"Feature","properties":{"elev":419},"geometry":{"type":"Point","coordinates":[758283.9,3565666.3]}},{"type":"Feature","properties":{"elev":380},"geometry":{"type":"Point","coordinates":[759223.2,3565666.3]}},{"type":"Feature","properties":{"elev":346},"geometry":{"type":"Point","coordinates":[760162.6,3565666.3]}},{"type":"Feature","properties":{"elev":327},"geometry":{"type":"Point","coordinates":[761102.0,3565666.3]}},{"type":"Feature","properties":{"elev":402},"geometry":{"type":"Point","coordinates":[762041.4,3565666.3]}},{"type":"Feature","properties":{"elev":327},"geometry":{"type":"Point","coordinates":[762980.8,3565666.3]}},{"type":"Feature","properties":{"elev":310},"geometry":{"type":"Point","coordinates":[763920.2,3565666.3]}},{"type":"Feature","properties":{"elev":347},"geometry":{"type":"Point","coordinates":[764859.5,3565666.3]}},{"type":"Feature","properties":{"elev":309},"geometry":{"type":"Point","coordinates":[765798.9,3565666.3]}},{"type":"Feature","properties":{"elev":228},"geometry":{"type":"Point","coordinates":[766738.3,3565666.3]}},{"type":"Feature","properties":{"elev":161},"geometry":{"type":"Point","coordinates":[767677.7,3565666.3]}},{"type":"Feature","properties":{"elev":201},"geometry":{"type":"Point","coordinates":[768617.1,3565666.3]}},{"type":"Feature","properties":{"elev":342},"geometry":{"type":"Point","coordinates":[769556.5,3565666.3]}},{"type":"Feature","properties":{"elev":514},"geometry":{"type":"Point","coordinates":[770495.8,3565666.3]}},{"type":"Feature","properties":{"elev":605},"geometry":{"type":"Point","coordinates":[771435.2,3565666.3]}},{"type":"Feature","properties":{"elev":587},"geometry":{"type":"Point","coordinates":[772374.6,3565666.3]}},{"type":"Feature","properties":{"elev":448},"geometry":{"type":"Point","coordinates":[773314.0,3565666.3]}},{"type":"Feature","properties":{"elev":308},"geometry":{"type":"Point","coordinates":[774253.4,3565666.3]}},{"type":"Feature","properties":{"elev":305},"geometry":{"type":"Point","coordinates":[775192.8,3565666.3]}},{"type":"Feature","properties":{"elev":300},"geometry":{"type":"Point","coordinates":[776132.1,3565666.3]}},{"type":"Feature","properties":{"elev":321},"geometry":{"type":"Point","coordinates":[777071.5,3565666.3]}},{"type":"Feature","properties":{"elev":327},"geometry":{"type":"Point","coordinates":[778010.9,3565666.3]}},{"type":"Feature","properties":{"elev":404},"geometry":{"type":"Point","coordinates":[778950.3,3565666.3]}},{"type":"Feature","properties":{"elev":350},"geometry":{"type":"Point","coordinates":[779889.7,3565666.3]}},{"type":"Feature","properties":{"elev":475},"geometry":{"type":"Point","coordinates":[780829.1,3565666.3]}},{"type":"Feature","properties":{"elev":482},"geometry":{"type":"Point","coordinates":[781768.5,3565666.3]}},{"type":"Feature","properties":{"elev":445},"geometry":{"type":"Point","coordinates":[782707.8,3565666.3]}},{"type":"Feature","properties":{"elev":550},"geometry":{"type":"Point","coordinates":[783647.2,3565666.3]}},{"type":"Feature","properties":{"elev":582},"geometry":{"type":"Point","coordinates":[784586.6,3565666.3]}},{"type":"Feature","properties":{"elev":611},"geometry":{"type":"Point","coordinates":[785526.0,3565666.3]}},{"type":"Feature","properties":{"elev":579},"geometry":{"type":"Point","coordinates":[786465.4,3565666.3]}},{"type":"Feature","properties":{"elev":695},"geometry":{"type":"Point","coordinates":[787404.8,3565666.3]}},{"type":"Feature","properties":{"elev":735},"geometry":{"type":"Point","coordinates":[788344.1,3565666.3]}},{"type":"Feature","properties":{"elev":704},"geometry":{"type":"Point","coordinates":[789283.5,3565666.3]}},{"type":"Feature","properties":{"elev":689},"geometry":{"type":"Point","coordinates":[790222.9,3565666.3]}},{"type":"Feature","properties":{"elev":706},"geometry":{"type":"Point","coordinates":[791162.3,3565666.3]}},{"type":"Feature","properties":{"elev":645},"geometry":{"type":"Point","coordinates":[792101.7,3565666.3]}},{"type":"Feature","properties":{"elev":614},"geometry":{"type":"Point","coordinates":[793041.1,3565666.3]}},{"type":"Feature","properties":{"elev":635},"geometry":{"type":"Point","coordinates":[793980.4,3565666.3]}},{"type":"Feature","properties":{"elev":597},"geometry":{"type":"Point","coordinates":[794919.8,3565666.3]}},{"type":"Feature","properties":{"elev":47},"geometry":{"type":"Point","coordinates":[734799.3,3564727.0]}},{"type":"Feature","properties":{"elev":6},"geometry":{"type":"Point","coordinates":[735738.6,3564727.0]}},{"type":"Feature","properties":{"elev":-39},"geometry":{"type":"Point","coordinates":[736678.0,3564727.0]}},{"type":"Feature","properties":{"elev":20},"geometry":{"type":"Point","coordinates":[737617.4,3564727.0]}},{"type":"Feature","properties":{"elev":-151},"geometry":{"type":"Point","coordinates":[738556.8,3564727.0]}},{"type":"Feature","properties":{"elev":-265},"geometry":{"type":"Point","coordinates":[739496.2,3564727.0]}},{"type":"Feature","properties":{"elev":-284},"geometry":{"type":"Point","coordinates":[740435.6,3564727.0]}},{"type":"Feature","properties":{"elev":-338},"geometry":{"type":"Point","coordinates":[741374.9,3564727.0]}},{"type":"Feature","properties":{"elev":-346},"geometry":{"type":"Point","coordinates":[742314.3,3564727.0]}},{"type":"Feature","properties":{"elev":-273},"geometry":{"type":"Point","coordinates":[743253.7,3564727.0]}},{"type":"Feature","properties":{"elev":-266},"geometry":{"type":"Point","coordinates":[744193.1,3564727.0]}},{"type":"Feature","properties":{"elev":-261},"geometry":{"type":"Point","coordinates":[745132.5,3564727.0]}},{"type":"Feature","properties":{"elev":-245},"geometry":{"type":"Point","coordinates":[746071.9,3564727.0]}},{"type":"Feature","properties":{"elev":-226},"geometry":{"type":"Point","coordinates":[747011.2,3564727.0]}},{"type":"Feature","properties":{"elev":-202},"geometry":{"type":"Point","coordinates":[747950.6,3564727.0]}},{"type":"Feature","properties":{"elev":-209},"geometry":{"type":"Point","coordinates":[748890.0,3564727.0]}},{"type":"Feature","properties":{"elev":-163},"geometry":{"type":"Point","coordinates":[749829.4,3564727.0]}},{"type":"Feature","properties":{"elev":-123},"geometry":{"type":"Point","coordinates":[750768.8,3564727.0]}},{"type":"Feature","properties":{"elev":-8},"geometry":{"type":"Point","coordinates":[751708.2,3564727.0]}},{"type":"Feature","properties":{"elev":-108},"geometry":{"type":"Point","coordinates":[752647.5,3564727.0]}},{"type":"Feature","properties":{"elev":-34},"geometry":{"type":"Point","coordinates":[753586.9,3564727.0]}},{"type":"Feature","properties":{"elev":101},"geometry":{"type":"Point","coordinates":[754526.3,3564727.0]}},{"type":"Feature","properties":{"elev":-10},"geometry":{"type":"Point","coordinates":[755465.7,3564727.0]}},{"type":"Feature","properties":{"elev":63},"geometry":{"type":"Point","coordinates":[756405.1,3564727.0]}},{"type":"Feature","properties":{"elev":33},"geometry":{"type":"Point","coordinates":[757344.5,3564727.0]}},{"type":"Feature","properties":{"elev":91},"geometry":{"type":"Point","coordinates":[758283.9,3564727.0]}},{"type":"Feature","properties":{"elev":202},"geometry":{"type":"Point","coordinates":[759223.2,3564727.0]}},{"type":"Feature","properties":{"elev":182},"geometry":{"type":"Point","coordinates":[760162.6,3564727.0]}},{"type":"Feature","properties":{"elev":85},"geometry":{"type":"Point","coordinates":[761102.0,3564727.0]}},{"type":"Feature","properties":{"elev":54},"geometry":{"type":"Point","coordinates":[762041.4,3564727.0]}},{"type":"Feature","properties":{"elev":68},"geometry":{"type":"Point","coordinates":[762980.8,3564727.0]}},{"type":"Feature","properties":{"elev":190},"geometry":{"type":"Point","coordinates":[763920.2,3564727.0]}},{"type":"Feature","properties":{"elev":161},"geometry":{"type":"Point","coordinates":[764859.5,3564727.0]}},{"type":"Feature","properties":{"elev":215},"geometry":{"type":"Point","coordinates":[765798.9,3564727.0]}},{"type":"Feature","properties":{"elev":304},"geometry":{"type":"Point","coordinates":[766738.3,3564727.0]}},{"type":"Feature","properties":{"elev":358},"geometry":{"type":"Point","coordinates":[767677.7,3564727.0]}},{"type":"Feature","properties":{"elev":443},"geometry":{"type":"Point","coordinates":[768617.1,3564727.0]}},{"type":"Feature","properties":{"elev":552},"geometry":{"type":"Point","coordinates":[769556.5,3564727.0]}},{"type":"Feature","properties":{"elev":570},"geometry":{"type":"Point","coordinates":[770495.8,3564727.0]}},{"type":"Feature","properties":{"elev":658},"geometry":{"type":"Point","coordinates":[771435.2,3564727.0]}},{"type":"Feature","properties":{"elev":543},"geometry":{"type":"Point","coordinates":[772374.6,3564727.0]}},{"type":"Feature","properties":{"elev":523},"geometry":{"type":"Point","coordinates":[773314.0,3564727.0]}},{"type":"Feature","properties":{"elev":473},"geometry":{"type":"Point","coordinates":[774253.4,3564727.0]}},{"type":"Feature","properties":{"elev":366},"geometry":{"type":"Point","coordinates":[775192.8,3564727.0]}},{"type":"Feature","properties":{"elev":467},"geometry":{"type":"Point","coordinates":[776132.1,3564727.0]}},{"type":"Feature","properties":{"elev":426},"geometry":{"type":"Point","coordinates":[777071.5,3564727.0]}},{"type":"Feature","properties":{"elev":478},"geometry":{"type":"Point","coordinates":[778010.9,3564727.0]}},{"type":"Feature","properties":{"elev":409},"geometry":{"type":"Point","coordinates":[778950.3,3564727.0]}},{"type":"Feature","properties":{"elev":468},"geometry":{"type":"Point","coordinates":[779889.7,3564727.0]}},{"type":"Feature","properties":{"elev":599},"geometry":{"type":"Point","coordinates":[780829.1,3564727.0]}},{"type":"Feature","properties":{"elev":508},"geometry":{"type":"Point","coordinates":[781768.5,3564727.0]}},{"type":"Feature","properties":{"elev":398},"geometry":{"type":"Point","coordinates":[782707.8,3564727.0]}},{"type":"Feature","properties":{"elev":442},"geometry":{"type":"Point","coordinates":[783647.2,3564727.0]}},{"type":"Feature","properties":{"elev":532},"geometry":{"type":"Point","coordinates":[784586.6,3564727.0]}},{"type":"Feature","properties":{"elev":564},"geometry":{"type":"Point","coordinates":[785526.0,3564727.0]}},{"type":"Feature","properties":{"elev":611},"geometry":{"type":"Point","coordinates":[786465.4,3564727.0]}},{"type":"Feature","properties":{"elev":609},"geometry":{"type":"Point","coordinates":[787404.8,3564727.0]}},{"type":"Feature","properties":{"elev":637},"geometry":{"type":"Point","coordinates":[788344.1,3564727.0]}},{"type":"Feature","properties":{"elev":659},"geometry":{"type":"Point","coordinates":[789283.5,3564727.0]}},{"type":"Feature","properties":{"elev":648},"geometry":{"type":"Point","coordinates":[790222.9,3564727.0]}},{"type":"Feature","properties":{"elev":663},"geometry":{"type":"Point","coordinates":[791162.3,3564727.0]}},{"type":"Feature","properties":{"elev":650},"geometry":{"type":"Point","coordinates":[792101.7,3564727.0]}},{"type":"Feature","properties":{"elev":613},"geometry":{"type":"Point","coordinates":[793041.1,3564727.0]}},{"type":"Feature","properties":{"elev":610},"geometry":{"type":"Point","coordinates":[793980.4,3564727.0]}},{"type":"Feature","properties":{"elev":606},"geometry":{"type":"Point","coordinates":[794919.8,3564727.0]}},{"type":"Feature","properties":{"elev":24},"geometry":{"type":"Point","coordinates":[734799.3,3563787.6]}},{"type":"Feature","properties":{"elev":72},"geometry":{"type":"Point","coordinates":[735738.6,3563787.6]}},{"type":"Feature","properties":{"elev":-32},"geometry":{"type":"Point","coordinates":[736678.0,3563787.6]}},{"type":"Feature","properties":{"elev":-156},"geometry":{"type":"Point","coordinates":[737617.4,3563787.6]}},{"type":"Feature","properties":{"elev":-227},"geometry":{"type":"Point","coordinates":[738556.8,3563787.6]}},{"type":"Feature","properties":{"elev":-272},"geometry":{"type":"Point","coordinates":[739496.2,3563787.6]}},{"type":"Feature","properties":{"elev":-314},"geometry":{"type":"Point","coordinates":[740435.6,3563787.6]}},{"type":"Feature","properties":{"elev":-347},"geometry":{"type":"Point","coordinates":[741374.9,3563787.6]}},{"type":"Feature","properties":{"elev":-280},"geometry":{"type":"Point","coordinates":[742314.3,3563787.6]}},{"type":"Feature","properties":{"elev":-270},"geometry":{"type":"Point","coordinates":[743253.7,3563787.6]}},{"type":"Feature","properties":{"elev":-269},"geometry":{"type":"Point","coordinates":[744193.1,3563787.6]}},{"type":"Feature","properties":{"elev":-264},"geometry":{"type":"Point","coordinates":[745132.5,3563787.6]}},{"type":"Feature","properties":{"elev":-250},"geometry":{"type":"Point","coordinates":[746071.9,3563787.6]}},{"type":"Feature","properties":{"elev":-228},"geometry":{"type":"Point","coordinates":[747011.2,3563787.6]}},{"type":"Feature","properties":{"elev":-237},"geometry":{"type":"Point","coordinates":[747950.6,3563787.6]}},{"type":"Feature","properties":{"elev":-192},"geometry":{"type":"Point","coordinates":[748890.0,3563787.6]}},{"type":"Feature","properties":{"elev":-1},"geometry":{"type":"Point","coordinates":[749829.4,3563787.6]}},{"type":"Feature","properties":{"elev":57},"geometry":{"type":"Point","coordinates":[750768.8,3563787.6]}},{"type":"Feature","properties":{"elev":214},"geometry":{"type":"Point","coordinates":[751708.2,3563787.6]}},{"type":"Feature","properties":{"elev":-35},"geometry":{"type":"Point","coordinates":[752647.5,3563787.6]}},{"type":"Feature","properties":{"elev":-38},"geometry":{"type":"Point","coordinates":[753586.9,3563787.6]}},{"type":"Feature","properties":{"elev":100},"geometry":{"type":"Point","coordinates":[754526.3,3563787.6]}},{"type":"Feature","properties":{"elev":91},"geometry":{"type":"Point","coordinates":[755465.7,3563787.6]}},{"type":"Feature","properties":{"elev":73},"geometry":{"type":"Point","coordinates":[756405.1,3563787.6]}},{"type":"Feature","properties":{"elev":16},"geometry":{"type":"Point","coordinates":[757344.5,3563787.6]}},{"type":"Feature","properties":{"elev":89},"geometry":{"type":"Point","coordinates":[758283.9,3563787.6]}},{"type":"Feature","properties":{"elev":180},"geometry":{"type":"Point","coordinates":[759223.2,3563787.6]}},{"type":"Feature","properties":{"elev":177},"geometry":{"type":"Point","coordinates":[760162.6,3563787.6]}},{"type":"Feature","properties":{"elev":275},"geometry":{"type":"Point","coordinates":[761102.0,3563787.6]}},{"type":"Feature","properties":{"elev":271},"geometry":{"type":"Point","coordinates":[762041.4,3563787.6]}},{"type":"Feature","properties":{"elev":362},"geometry":{"type":"Point","coordinates":[762980.8,3563787.6]}},{"type":"Feature","properties":{"elev":185},"geometry":{"type":"Point","coordinates":[763920.2,3563787.6]}},{"type":"Feature","properties":{"elev":237},"geometry":{"type":"Point","coordinates":[764859.5,3563787.6]}},{"type":"Feature","properties":{"elev":318},"geometry":{"type":"Point","coordinates":[765798.9,3563787.6]}},{"type":"Feature","properties":{"elev":490},"geometry":{"type":"Point","coordinates":[766738.3,3563787.6]}},{"type":"Feature","properties":{"elev":304},"geometry":{"type":"Point","coordinates":[767677.7,3563787.6]}},{"type":"Feature","properties":{"elev":451},"geometry":{"type":"Point","coordinates":[768617.1,3563787.6]}},{"type":"Feature","properties":{"elev":511},"geometry":{"type":"Point","coordinates":[769556.5,3563787.6]}},{"type":"Feature","properties":{"elev":552},"geometry":{"type":"Point","coordinates":[770495.8,3563787.6]}},{"type":"Feature","properties":{"elev":606},"geometry":{"type":"Point","coordinates":[771435.2,3563787.6]}},{"type":"Feature","properties":{"elev":704},"geometry":{"type":"Point","coordinates":[772374.6,3563787.6]}},{"type":"Feature","properties":{"elev":585},"geometry":{"type":"Point","coordinates":[773314.0,3563787.6]}},{"type":"Feature","properties":{"elev":525},"geometry":{"type":"Point","coordinates":[774253.4,3563787.6]}},{"type":"Feature","properties":{"elev":545},"geometry":{"type":"Point","coordinates":[775192.8,3563787.6]}},{"type":"Feature","properties":{"elev":582},"geometry":{"type":"Point","coordinates":[776132.1,3563787.6]}},{"type":"Feature","properties":{"elev":540},"geometry":{"type":"Point","coordinates":[777071.5,3563787.6]}},{"type":"Feature","properties":{"elev":531},"geometry":{"type":"Point","coordinates":[778010.9,3563787.6]}},{"type":"Feature","properties":{"elev":500},"geometry":{"type":"Point","coordinates":[778950.3,3563787.6]}},{"type":"Feature","properties":{"elev":533},"geometry":{"type":"Point","coordinates":[779889.7,3563787.6]}},{"type":"Feature","properties":{"elev":676},"geometry":{"type":"Point","coordinates":[780829.1,3563787.6]}},{"type":"Feature","properties":{"elev":626},"geometry":{"type":"Point","coordinates":[781768.5,3563787.6]}},{"type":"Feature","properties":{"elev":484},"geometry":{"type":"Point","coordinates":[782707.8,3563787.6]}},{"type":"Feature","properties":{"elev":410},"geometry":{"type":"Point","coordinates":[783647.2,3563787.6]}},{"type":"Feature","properties":{"elev":550},"geometry":{"type":"Point","coordinates":[784586.6,3563787.6]}},{"type":"Feature","properties":{"elev":635},"geometry":{"type":"Point","coordinates":[785526.0,3563787.6]}},{"type":"Feature","properties":{"elev":742},"geometry":{"type":"Point","coordinates":[786465.4,3563787.6]}},{"type":"Feature","properties":{"elev":714},"geometry":{"type":"Point","coordinates":[787404.8,3563787.6]}},{"type":"Feature","properties":{"elev":681},"geometry":{"type":"Point","coordinates":[788344.1,3563787.6]}},{"type":"Feature","properties":{"elev":635},"geometry":{"type":"Point","coordinates":[789283.5,3563787.6]}},{"type":"Feature","properties":{"elev":595},"geometry":{"type":"Point","coordinates":[790222.9,3563787.6]}},{"type":"Feature","properties":{"elev":684},"geometry":{"type":"Point","coordinates":[791162.3,3563787.6]}},{"type":"Feature","properties":{"elev":647},"geometry":{"type":"Point","coordinates":[792101.7,3563787.6]}},{"type":"Feature","properties":{"elev":614},"geometry":{"type":"Point","coordinates":[793041.1,3563787.6]}},{"type":"Feature","properties":{"elev":570},"geometry":{"type":"Point","coordinates":[793980.4,3563787.6]}},{"type":"Feature","properties":{"elev":577},"geometry":{"type":"Point","coordinates":[794919.8,3563787.6]}},{"type":"Feature","properties":{"elev":139},"geometry":{"type":"Point","coordinates":[734799.3,3562848.3]}},{"type":"Feature","properties":{"elev":53},"geometry":{"type":"Point","coordinates":[735738.6,3562848.3]}},{"type":"Feature","properties":{"elev":-10},"geometry":{"type":"Point","coordinates":[736678.0,3562848.3]}},{"type":"Feature","properties":{"elev":-171},"geometry":{"type":"Point","coordinates":[737617.4,3562848.3]}},{"type":"Feature","properties":{"elev":-212},"geometry":{"type":"Point","coordinates":[738556.8,3562848.3]}},{"type":"Feature","properties":{"elev":-277},"geometry":{"type":"Point","coordinates":[739496.2,3562848.3]}},{"type":"Feature","properties":{"elev":-289},"geometry":{"type":"Point","coordinates":[740435.6,3562848.3]}},{"type":"Feature","properties":{"elev":-349},"geometry":{"type":"Point","coordinates":[741374.9,3562848.3]}},{"type":"Feature","properties":{"elev":-319},"geometry":{"type":"Point","coordinates":[742314.3,3562848.3]}},{"type":"Feature","properties":{"elev":-271},"geometry":{"type":"Point","coordinates":[743253.7,3562848.3]}},{"type":"Feature","properties":{"elev":-269},"geometry":{"type":"Point","coordinates":[744193.1,3562848.3]}},{"type":"Feature","properties":{"elev":-264},"geometry":{"type":"Point","coordinates":[745132.5,3562848.3]}},{"type":"Feature","properties":{"elev":-251},"geometry":{"type":"Point","coordinates":[746071.9,3562848.3]}},{"type":"Feature","properties":{"elev":-238},"geometry":{"type":"Point","coordinates":[747011.2,3562848.3]}},{"type":"Feature","properties":{"elev":-217},"geometry":{"type":"Point","coordinates":[747950.6,3562848.3]}},{"type":"Feature","properties":{"elev":-170},"geometry":{"type":"Point","coordinates":[748890.0,3562848.3]}},{"type":"Feature","properties":{"elev":2},"geometry":{"type":"Point","coordinates":[749829.4,3562848.3]}},{"type":"Feature","properties":{"elev":299},"geometry":{"type":"Point","coordinates":[750768.8,3562848.3]}},{"type":"Feature","properties":{"elev":378},"geometry":{"type":"Point","coordinates":[751708.2,3562848.3]}},{"type":"Feature","properties":{"elev":234},"geometry":{"type":"Point","coordinates":[752647.5,3562848.3]}},{"type":"Feature","properties":{"elev":85},"geometry":{"type":"Point","coordinates":[753586.9,3562848.3]}},{"type":"Feature","properties":{"elev":323},"geometry":{"type":"Point","coordinates":[754526.3,3562848.3]}},{"type":"Feature","properties":{"elev":375},"geometry":{"type":"Point","coordinates":[755465.7,3562848.3]}},{"type":"Feature","properties":{"elev":401},"geometry":{"type":"Point","coordinates":[756405.1,3562848.3]}},{"type":"Feature","properties":{"elev":143},"geometry":{"type":"Point","coordinates":[757344.5,3562848.3]}},{"type":"Feature","properties":{"elev":397},"geometry":{"type":"Point","coordinates":[758283.9,3562848.3]}},{"type":"Feature","properties":{"elev":349},"geometry":{"type":"Point","coordinates":[759223.2,3562848.3]}},{"type":"Feature","properties":{"elev":327},"geometry":{"type":"Point","coordinates":[760162.6,3562848.3]}},{"type":"Feature","properties":{"elev":357},"geometry":{"type":"Point","coordinates":[761102.0,3562848.3]}},{"type":"Feature","properties":{"elev":399},"geometry":{"type":"Point","coordinates":[762041.4,3562848.3]}},{"type":"Feature","properties":{"elev":389},"geometry":{"type":"Point","coordinates":[762980.8,3562848.3]}},{"type":"Feature","properties":{"elev":367},"geometry":{"type":"Point","coordinates":[763920.2,3562848.3]}},{"type":"Feature","properties":{"elev":193},"geometry":{"type":"Point","coordinates":[764859.5,3562848.3]}},{"type":"Feature","properties":{"elev":464},"geometry":{"type":"Point","coordinates":[765798.9,3562848.3]}},{"type":"Feature","properties":{"elev":556},"geometry":{"type":"Point","coordinates":[766738.3,3562848.3]}},{"type":"Feature","properties":{"elev":483},"geometry":{"type":"Point","coordinates":[767677.7,3562848.3]}},{"type":"Feature","properties":{"elev":490},"geometry":{"type":"Point","coordinates":[768617.1,3562848.3]}},{"type":"Feature","properties":{"elev":627},"geometry":{"type":"Point","coordinates":[769556.5,3562848.3]}},{"type":"Feature","properties":{"elev":603},"geometry":{"type":"Point","coordinates":[770495.8,3562848.3]}},{"type":"Feature","properties":{"elev":657},"geometry":{"type":"Point","coordinates":[771435.2,3562848.3]}},{"type":"Feature","properties":{"elev":743},"geometry":{"type":"Point","coordinates":[772374.6,3562848.3]}},{"type":"Feature","properties":{"elev":706},"geometry":{"type":"Point","coordinates":[773314.0,3562848.3]}},{"type":"Feature","properties":{"elev":633},"geometry":{"type":"Point","coordinates":[774253.4,3562848.3]}},{"type":"Feature","properties":{"elev":681},"geometry":{"type":"Point","coordinates":[775192.8,3562848.3]}},{"type":"Feature","properties":{"elev":599},"geometry":{"type":"Point","coordinates":[776132.1,3562848.3]}},{"type":"Feature","properties":{"elev":536},"geometry":{"type":"Point","coordinates":[777071.5,3562848.3]}},{"type":"Feature","properties":{"elev":681},"geometry":{"type":"Point","coordinates":[778010.9,3562848.3]}},{"type":"Feature","properties":{"elev":553},"geometry":{"type":"Point","coordinates":[778950.3,3562848.3]}},{"type":"Feature","properties":{"elev":531},"geometry":{"type":"Point","coordinates":[779889.7,3562848.3]}},{"type":"Feature","properties":{"elev":676},"geometry":{"type":"Point","coordinates":[780829.1,3562848.3]}},{"type":"Feature","properties":{"elev":625},"geometry":{"type":"Point","coordinates":[781768.5,3562848.3]}},{"type":"Feature","properties":{"elev":535},"geometry":{"type":"Point","coordinates":[782707.8,3562848.3]}},{"type":"Feature","properties":{"elev":468},"geometry":{"type":"Point","coordinates":[783647.2,3562848.3]}},{"type":"Feature","properties":{"elev":429},"geometry":{"type":"Point","coordinates":[784586.6,3562848.3]}},{"type":"Feature","properties":{"elev":566},"geometry":{"type":"Point","coordinates":[785526.0,3562848.3]}},{"type":"Feature","properties":{"elev":712},"geometry":{"type":"Point","coordinates":[786465.4,3562848.3]}},{"type":"Feature","properties":{"elev":704},"geometry":{"type":"Point","coordinates":[787404.8,3562848.3]}},{"type":"Feature","properties":{"elev":711},"geometry":{"type":"Point","coordinates":[788344.1,3562848.3]}},{"type":"Feature","properties":{"elev":612},"geometry":{"type":"Point","coordinates":[789283.5,3562848.3]}},{"type":"Feature","properties":{"elev":566},"geometry":{"type":"Point","coordinates":[790222.9,3562848.3]}},{"type":"Feature","properties":{"elev":560},"geometry":{"type":"Point","coordinates":[791162.3,3562848.3]}},{"type":"Feature","properties":{"elev":647},"geometry":{"type":"Point","coordinates":[792101.7,3562848.3]}},{"type":"Feature","properties":{"elev":597},"geometry":{"type":"Point","coordinates":[793041.1,3562848.3]}},{"type":"Feature","properties":{"elev":576},"geometry":{"type":"Point","coordinates":[793980.4,3562848.3]}},{"type":"Feature","properties":{"elev":557},"geometry":{"type":"Point","coordinates":[794919.8,3562848.3]}},{"type":"Feature","properties":{"elev":70},"geometry":{"type":"Point","coordinates":[734799.3,3561909.0]}},{"type":"Feature","properties":{"elev":98},"geometry":{"type":"Point","coordinates":[735738.6,3561909.0]}},{"type":"Feature","properties":{"elev":-109},"geometry":{"type":"Point","coordinates":[736678.0,3561909.0]}},{"type":"Feature","properties":{"elev":-187},"geometry":{"type":"Point","coordinates":[737617.4,3561909.0]}},{"type":"Feature","properties":{"elev":-274},"geometry":{"type":"Point","coordinates":[738556.8,3561909.0]}},{"type":"Feature","properties":{"elev":-281},"geometry":{"type":"Point","coordinates":[739496.2,3561909.0]}},{"type":"Feature","properties":{"elev":-352},"geometry":{"type":"Point","coordinates":[740435.6,3561909.0]}},{"type":"Feature","properties":{"elev":-348},"geometry":{"type":"Point","coordinates":[741374.9,3561909.0]}},{"type":"Feature","properties":{"elev":-283},"geometry":{"type":"Point","coordinates":[742314.3,3561909.0]}},{"type":"Feature","properties":{"elev":-275},"geometry":{"type":"Point","coordinates":[743253.7,3561909.0]}},{"type":"Feature","properties":{"elev":-268},"geometry":{"type":"Point","coordinates":[744193.1,3561909.0]}},{"type":"Feature","properties":{"elev":-267},"geometry":{"type":"Point","coordinates":[745132.5,3561909.0]}},{"type":"Feature","properties":{"elev":-269},"geometry":{"type":"Point","coordinates":[746071.9,3561909.0]}},{"type":"Feature","properties":{"elev":-236},"geometry":{"type":"Point","coordinates":[747011.2,3561909.0]}},{"type":"Feature","properties":{"elev":-170},"geometry":{"type":"Point","coordinates":[747950.6,3561909.0]}},{"type":"Feature","properties":{"elev":-28},"geometry":{"type":"Point","coordinates":[748890.0,3561909.0]}},{"type":"Feature","properties":{"elev":-17},"geometry":{"type":"Point","coordinates":[749829.4,3561909.0]}},{"type":"Feature","properties":{"elev":235},"geometry":{"type":"Point","coordinates":[750768.8,3561909.0]}},{"type":"Feature","properties":{"elev":542},"geometry":{"type":"Point","coordinates":[751708.2,3561909.0]}},{"type":"Feature","properties":{"elev":361},"geometry":{"type":"Point","coordinates":[752647.5,3561909.0]}},{"type":"Feature","properties":{"elev":156},"geometry":{"type":"Point","coordinates":[753586.9,3561909.0]}},{"type":"Feature","properties":{"elev":432},"geometry":{"type":"Point","coordinates":[754526.3,3561909.0]}},{"type":"Feature","properties":{"elev":438},"geometry":{"type":"Point","coordinates":[755465.7,3561909.0]}},{"type":"Feature","properties":{"elev":477},"geometry":{"type":"Point","coordinates":[756405.1,3561909.0]}},{"type":"Feature","properties":{"elev":319},"geometry":{"type":"Point","coordinates":[757344.5,3561909.0]}},{"type":"Feature","properties":{"elev":427},"geometry":{"type":"Point","coordinates":[758283.9,3561909.0]}},{"type":"Feature","properties":{"elev":402},"geometry":{"type":"Point","coordinates":[759223.2,3561909.0]}},{"type":"Feature","properties":{"elev":346},"geometry":{"type":"Point","coordinates":[760162.6,3561909.0]}},{"type":"Feature","properties":{"elev":436},"geometry":{"type":"Point","coordinates":[761102.0,3561909.0]}},{"type":"Feature","properties":{"elev":388},"geometry":{"type":"Point","coordinates":[762041.4,3561909.0]}},{"type":"Feature","properties":{"elev":457},"geometry":{"type":"Point","coordinates":[762980.8,3561909.0]}},{"type":"Feature","properties":{"elev":420},"geometry":{"type":"Point","coordinates":[763920.2,3561909.0]}},{"type":"Feature","properties":{"elev":252},"geometry":{"type":"Point","coordinates":[764859.5,3561909.0]}},{"type":"Feature","properties":{"elev":340},"geometry":{"type":"Point","coordinates":[765798.9,3561909.0]}},{"type":"Feature","properties":{"elev":531},"geometry":{"type":"Point","coordinates":[766738.3,3561909.0]}},{"type":"Feature","properties":{"elev":507},"geometry":{"type":"Point","coordinates":[767677.7,3561909.0]}},{"type":"Feature","properties":{"elev":486},"geometry":{"type":"Point","coordinates":[768617.1,3561909.0]}},{"type":"Feature","properties":{"elev":663},"geometry":{"type":"Point","coordinates":[769556.5,3561909.0]}},{"type":"Feature","properties":{"elev":601},"geometry":{"type":"Point","coordinates":[770495.8,3561909.0]}},{"type":"Feature","properties":{"elev":764},"geometry":{"type":"Point","coordinates":[771435.2,3561909.0]}},{"type":"Feature","properties":{"elev":879},"geometry":{"type":"Point","coordinates":[772374.6,3561909.0]}},{"type":"Feature","properties":{"elev":798},"geometry":{"type":"Point","coordinates":[773314.0,3561909.0]}},{"type":"Feature","properties":{"elev":701},"geometry":{"type":"Point","coordinates":[774253.4,3561909.0]}},{"type":"Feature","properties":{"elev":630},"geometry":{"type":"Point","coordinates":[775192.8,3561909.0]}},{"type":"Feature","properties":{"elev":673},"geometry":{"type":"Point","coordinates":[776132.1,3561909.0]}},{"type":"Feature","properties":{"elev":616},"geometry":{"type":"Point","coordinates":[777071.5,3561909.0]}},{"type":"Feature","properties":{"elev":688},"geometry":{"type":"Point","coordinates":[778010.9,3561909.0]}},{"type":"Feature","properties":{"elev":654},"geometry":{"type":"Point","coordinates":[778950.3,3561909.0]}},{"type":"Feature","properties":{"elev":556},"geometry":{"type":"Point","coordinates":[779889.7,3561909.0]}},{"type":"Feature","properties":{"elev":667},"geometry":{"type":"Point","coordinates":[780829.1,3561909.0]}},{"type":"Feature","properties":{"elev":573},"geometry":{"type":"Point","coordinates":[781768.5,3561909.0]}},{"type":"Feature","properties":{"elev":529},"geometry":{"type":"Point","coordinates":[782707.8,3561909.0]}},{"type":"Feature","properties":{"elev":497},"geometry":{"type":"Point","coordinates":[783647.2,3561909.0]}},{"type":"Feature","properties":{"elev":494},"geometry":{"type":"Point","coordinates":[784586.6,3561909.0]}},{"type":"Feature","properties":{"elev":475},"geometry":{"type":"Point","coordinates":[785526.0,3561909.0]}},{"type":"Feature","properties":{"elev":561},"geometry":{"type":"Point","coordinates":[786465.4,3561909.0]}},{"type":"Feature","properties":{"elev":671},"geometry":{"type":"Point","coordinates":[787404.8,3561909.0]}},{"type":"Feature","properties":{"elev":695},"geometry":{"type":"Point","coordinates":[788344.1,3561909.0]}},{"type":"Feature","properties":{"elev":625},"geometry":{"type":"Point","coordinates":[789283.5,3561909.0]}},{"type":"Feature","properties":{"elev":559},"geometry":{"type":"Point","coordinates":[790222.9,3561909.0]}},{"type":"Feature","properties":{"elev":517},"geometry":{"type":"Point","coordinates":[791162.3,3561909.0]}},{"type":"Feature","properties":{"elev":516},"geometry":{"type":"Point","coordinates":[792101.7,3561909.0]}},{"type":"Feature","properties":{"elev":524},"geometry":{"type":"Point","coordinates":[793041.1,3561909.0]}},{"type":"Feature","properties":{"elev":623},"geometry":{"type":"Point","coordinates":[793980.4,3561909.0]}},{"type":"Feature","properties":{"elev":573},"geometry":{"type":"Point","coordinates":[794919.8,3561909.0]}},{"type":"Feature","properties":{"elev":-114},"geometry":{"type":"Point","coordinates":[734799.3,3560969.7]}},{"type":"Feature","properties":{"elev":62},"geometry":{"type":"Point","coordinates":[735738.6,3560969.7]}},{"type":"Feature","properties":{"elev":-215},"geometry":{"type":"Point","coordinates":[736678.0,3560969.7]}},{"type":"Feature","properties":{"elev":-271},"geometry":{"type":"Point","coordinates":[737617.4,3560969.7]}},{"type":"Feature","properties":{"elev":-281},"geometry":{"type":"Point","coordinates":[738556.8,3560969.7]}},{"type":"Feature","properties":{"elev":-285},"geometry":{"type":"Point","coordinates":[739496.2,3560969.7]}},{"type":"Feature","properties":{"elev":-350},"geometry":{"type":"Point","coordinates":[740435.6,3560969.7]}},{"type":"Feature","properties":{"elev":-351},"geometry":{"type":"Point","coordinates":[741374.9,3560969.7]}},{"type":"Feature","properties":{"elev":-295},"geometry":{"type":"Point","coordinates":[742314.3,3560969.7]}},{"type":"Feature","properties":{"elev":-275},"geometry":{"type":"Point","coordinates":[743253.7,3560969.7]}},{"type":"Feature","properties":{"elev":-268},"geometry":{"type":"Point","coordinates":[744193.1,3560969.7]}},{"type":"Feature","properties":{"elev":-270},"geometry":{"type":"Point","coordinates":[745132.5,3560969.7]}},{"type":"Feature","properties":{"elev":-266},"geometry":{"type":"Point","coordinates":[746071.9,3560969.7]}},{"type":"Feature","properties":{"elev":-230},"geometry":{"type":"Point","coordinates":[747011.2,3560969.7]}},{"type":"Feature","properties":{"elev":-167},"geometry":{"type":"Point","coordinates":[747950.6,3560969.7]}},{"type":"Feature","properties":{"elev":-20},"geometry":{"type":"Point","coordinates":[748890.0,3560969.7]}},{"type":"Feature","properties":{"elev":85},"geometry":{"type":"Point","coordinates":[749829.4,3560969.7]}},{"type":"Feature","properties":{"elev":248},"geometry":{"type":"Point","coordinates":[750768.8,3560969.7]}},{"type":"Feature","properties":{"elev":612},"geometry":{"type":"Point","coordinates":[751708.2,3560969.7]}},{"type":"Feature","properties":{"elev":535},"geometry":{"type":"Point","coordinates":[752647.5,3560969.7]}},{"type":"Feature","properties":{"elev":307},"geometry":{"type":"Point","coordinates":[753586.9,3560969.7]}},{"type":"Feature","properties":{"elev":466},"geometry":{"type":"Point","coordinates":[754526.3,3560969.7]}},{"type":"Feature","properties":{"elev":478},"geometry":{"type":"Point","coordinates":[755465.7,3560969.7]}},{"type":"Feature","properties":{"elev":479},"geometry":{"type":"Point","coordinates":[756405.1,3560969.7]}},{"type":"Feature","properties":{"elev":327},"geometry":{"type":"Point","coordinates":[757344.5,3560969.7]}},{"type":"Feature","properties":{"elev":427},"geometry":{"type":"Point","coordinates":[758283.9,3560969.7]}},{"type":"Feature","properties":{"elev":427},"geometry":{"type":"Point","coordinates":[759223.2,3560969.7]}},{"type":"Feature","properties":{"elev":406},"geometry":{"type":"Point","coordinates":[760162.6,3560969.7]}},{"type":"Feature","properties":{"elev":407},"geometry":{"type":"Point","coordinates":[761102.0,3560969.7]}},{"type":"Feature","properties":{"elev":457},"geometry":{"type":"Point","coordinates":[762041.4,3560969.7]}},{"type":"Feature","properties":{"elev":514},"geometry":{"type":"Point","coordinates":[762980.8,3560969.7]}},{"type":"Feature","properties":{"elev":477},"geometry":{"type":"Point","coordinates":[763920.2,3560969.7]}},{"type":"Feature","properties":{"elev":354},"geometry":{"type":"Point","coordinates":[764859.5,3560969.7]}},{"type":"Feature","properties":{"elev":359},"geometry":{"type":"Point","coordinates":[765798.9,3560969.7]}},{"type":"Feature","properties":{"elev":586},"geometry":{"type":"Point","coordinates":[766738.3,3560969.7]}},{"type":"Feature","properties":{"elev":552},"geometry":{"type":"Point","coordinates":[767677.7,3560969.7]}},{"type":"Feature","properties":{"elev":503},"geometry":{"type":"Point","coordinates":[768617.1,3560969.7]}},{"type":"Feature","properties":{"elev":681},"geometry":{"type":"Point","coordinates":[769556.5,3560969.7]}},{"type":"Feature","properties":{"elev":613},"geometry":{"type":"Point","coordinates":[770495.8,3560969.7]}},{"type":"Feature","properties":{"elev":746},"geometry":{"type":"Point","coordinates":[771435.2,3560969.7]}},{"type":"Feature","properties":{"elev":823},"geometry":{"type":"Point","coordinates":[772374.6,3560969.7]}},{"type":"Feature","properties":{"elev":748},"geometry":{"type":"Point","coordinates":[773314.0,3560969.7]}},{"type":"Feature","properties":{"elev":766},"geometry":{"type":"Point","coordinates":[774253.4,3560969.7]}},{"type":"Feature","properties":{"elev":688},"geometry":{"type":"Point","coordinates":[775192.8,3560969.7]}},{"type":"Feature","properties":{"elev":776},"geometry":{"type":"Point","coordinates":[776132.1,3560969.7]}},{"type":"Feature","properties":{"elev":728},"geometry":{"type":"Point","coordinates":[777071.5,3560969.7]}},{"type":"Feature","properties":{"elev":642},"geometry":{"type":"Point","coordinates":[778010.9,3560969.7]}},{"type":"Feature","properties":{"elev":639},"geometry":{"type":"Point","coordinates":[778950.3,3560969.7]}},{"type":"Feature","properties":{"elev":658},"geometry":{"type":"Point","coordinates":[779889.7,3560969.7]}},{"type":"Feature","properties":{"elev":606},"geometry":{"type":"Point","coordinates":[780829.1,3560969.7]}},{"type":"Feature","properties":{"elev":570},"geometry":{"type":"Point","coordinates":[781768.5,3560969.7]}},{"type":"Feature","properties":{"elev":552},"geometry":{"type":"Point","coordinates":[782707.8,3560969.7]}},{"type":"Feature","properties":{"elev":550},"geometry":{"type":"Point","coordinates":[783647.2,3560969.7]}},{"type":"Feature","properties":{"elev":488},"geometry":{"type":"Point","coordinates":[784586.6,3560969.7]}},{"type":"Feature","properties":{"elev":454},"geometry":{"type":"Point","coordinates":[785526.0,3560969.7]}},{"type":"Feature","properties":{"elev":494},"geometry":{"type":"Point","coordinates":[786465.4,3560969.7]}},{"type":"Feature","properties":{"elev":484},"geometry":{"type":"Point","coordinates":[787404.8,3560969.7]}},{"type":"Feature","properties":{"elev":462},"geometry":{"type":"Point","coordinates":[788344.1,3560969.7]}},{"type":"Feature","properties":{"elev":483},"geometry":{"type":"Point","coordinates":[789283.5,3560969.7]}},{"type":"Feature","properties":{"elev":494},"geometry":{"type":"Point","coordinates":[790222.9,3560969.7]}},{"type":"Feature","properties":{"elev":546},"geometry":{"type":"Point","coordinates":[791162.3,3560969.7]}},{"type":"Feature","properties":{"elev":542},"geometry":{"type":"Point","coordinates":[792101.7,3560969.7]}},{"type":"Feature","properties":{"elev":511},"geometry":{"type":"Point","coordinates":[793041.1,3560969.7]}},{"type":"Feature","properties":{"elev":505},"geometry":{"type":"Point","coordinates":[793980.4,3560969.7]}},{"type":"Feature","properties":{"elev":541},"geometry":{"type":"Point","coordinates":[794919.8,3560969.7]}},{"type":"Feature","properties":{"elev":-234},"geometry":{"type":"Point","coordinates":[734799.3,3560030.4]}},{"type":"Feature","properties":{"elev":-106},"geometry":{"type":"Point","coordinates":[735738.6,3560030.4]}},{"type":"Feature","properties":{"elev":-203},"geometry":{"type":"Point","coordinates":[736678.0,3560030.4]}},{"type":"Feature","properties":{"elev":-277},"geometry":{"type":"Point","coordinates":[737617.4,3560030.4]}},{"type":"Feature","properties":{"elev":-280},"geometry":{"type":"Point","coordinates":[738556.8,3560030.4]}},{"type":"Feature","properties":{"elev":-288},"geometry":{"type":"Point","coordinates":[739496.2,3560030.4]}},{"type":"Feature","properties":{"elev":-345},"geometry":{"type":"Point","coordinates":[740435.6,3560030.4]}},{"type":"Feature","properties":{"elev":-352},"geometry":{"type":"Point","coordinates":[741374.9,3560030.4]}},{"type":"Feature","properties":{"elev":-307},"geometry":{"type":"Point","coordinates":[742314.3,3560030.4]}},{"type":"Feature","properties":{"elev":-275},"geometry":{"type":"Point","coordinates":[743253.7,3560030.4]}},{"type":"Feature","properties":{"elev":-277},"geometry":{"type":"Point","coordinates":[744193.1,3560030.4]}},{"type":"Feature","properties":{"elev":-287},"geometry":{"type":"Point","coordinates":[745132.5,3560030.4]}},{"type":"Feature","properties":{"elev":-259},"geometry":{"type":"Point","coordinates":[746071.9,3560030.4]}},{"type":"Feature","properties":{"elev":-202},"geometry":{"type":"Point","coordinates":[747011.2,3560030.4]}},{"type":"Feature","properties":{"elev":-156},"geometry":{"type":"Point","coordinates":[747950.6,3560030.4]}},{"type":"Feature","properties":{"elev":9},"geometry":{"type":"Point","coordinates":[748890.0,3560030.4]}},{"type":"Feature","properties":{"elev":82},"geometry":{"type":"Point","coordinates":[749829.4,3560030.4]}},{"type":"Feature","properties":{"elev":271},"geometry":{"type":"Point","coordinates":[750768.8,3560030.4]}},{"type":"Feature","properties":{"elev":421},"geometry":{"type":"Point","coordinates":[751708.2,3560030.4]}},{"type":"Feature","properties":{"elev":593},"geometry":{"type":"Point","coordinates":[752647.5,3560030.4]}},{"type":"Feature","properties":{"elev":528},"geometry":{"type":"Point","coordinates":[753586.9,3560030.4]}},{"type":"Feature","properties":{"elev":475},"geometry":{"type":"Point","coordinates":[754526.3,3560030.4]}},{"type":"Feature","properties":{"elev":480},"geometry":{"type":"Point","coordinates":[755465.7,3560030.4]}},{"type":"Feature","properties":{"elev":474},"geometry":{"type":"Point","coordinates":[756405.1,3560030.4]}},{"type":"Feature","properties":{"elev":404},"geometry":{"type":"Point","coordinates":[757344.5,3560030.4]}},{"type":"Feature","properties":{"elev":397},"geometry":{"type":"Point","coordinates":[758283.9,3560030.4]}},{"type":"Feature","properties":{"elev":459},"geometry":{"type":"Point","coordinates":[759223.2,3560030.4]}},{"type":"Feature","properties":{"elev":471},"geometry":{"type":"Point","coordinates":[760162.6,3560030.4]}},{"type":"Feature","properties":{"elev":498},"geometry":{"type":"Point","coordinates":[761102.0,3560030.4]}},{"type":"Feature","properties":{"elev":604},"geometry":{"type":"Point","coordinates":[762041.4,3560030.4]}},{"type":"Feature","properties":{"elev":482},"geometry":{"type":"Point","coordinates":[762980.8,3560030.4]}},{"type":"Feature","properties":{"elev":545},"geometry":{"type":"Point","coordinates":[763920.2,3560030.4]}},{"type":"Feature","properties":{"elev":298},"geometry":{"type":"Point","coordinates":[764859.5,3560030.4]}},{"type":"Feature","properties":{"elev":320},"geometry":{"type":"Point","coordinates":[765798.9,3560030.4]}},{"type":"Feature","properties":{"elev":542},"geometry":{"type":"Point","coordinates":[766738.3,3560030.4]}},{"type":"Feature","properties":{"elev":694},"geometry":{"type":"Point","coordinates":[767677.7,3560030.4]}},{"type":"Feature","properties":{"elev":575},"geometry":{"type":"Point","coordinates":[768617.1,3560030.4]}},{"type":"Feature","properties":{"elev":554},"geometry":{"type":"Point","coordinates":[769556.5,3560030.4]}},{"type":"Feature","properties":{"elev":589},"geometry":{"type":"Point","coordinates":[770495.8,3560030.4]}},{"type":"Feature","properties":{"elev":646},"geometry":{"type":"Point","coordinates":[771435.2,3560030.4]}},{"type":"Feature","properties":{"elev":680},"geometry":{"type":"Point","coordinates":[772374.6,3560030.4]}},{"type":"Feature","properties":{"elev":727},"geometry":{"type":"Point","coordinates":[773314.0,3560030.4]}},{"type":"Feature","properties":{"elev":843},"geometry":{"type":"Point","coordinates":[774253.4,3560030.4]}},{"type":"Feature","properties":{"elev":732},"geometry":{"type":"Point","coordinates":[775192.8,3560030.4]}},{"type":"Feature","properties":{"elev":781},"geometry":{"type":"Point","coordinates":[776132.1,3560030.4]}},{"type":"Feature","properties":{"elev":684},"geometry":{"type":"Point","coordinates":[777071.5,3560030.4]}},{"type":"Feature","properties":{"elev":657},"geometry":{"type":"Point","coordinates":[778010.9,3560030.4]}},{"type":"Feature","properties":{"elev":755},"geometry":{"type":"Point","coordinates":[778950.3,3560030.4]}},{"type":"Feature","properties":{"elev":659},"geometry":{"type":"Point","coordinates":[779889.7,3560030.4]}},{"type":"Feature","properties":{"elev":604},"geometry":{"type":"Point","coordinates":[780829.1,3560030.4]}},{"type":"Feature","properties":{"elev":718},"geometry":{"type":"Point","coordinates":[781768.5,3560030.4]}},{"type":"Feature","properties":{"elev":628},"geometry":{"type":"Point","coordinates":[782707.8,3560030.4]}},{"type":"Feature","properties":{"elev":538},"geometry":{"type":"Point","coordinates":[783647.2,3560030.4]}},{"type":"Feature","properties":{"elev":519},"geometry":{"type":"Point","coordinates":[784586.6,3560030.4]}},{"type":"Feature","properties":{"elev":518},"geometry":{"type":"Point","coordinates":[785526.0,3560030.4]}},{"type":"Feature","properties":{"elev":509},"geometry":{"type":"Point","coordinates":[786465.4,3560030.4]}},{"type":"Feature","properties":{"elev":501},"geometry":{"type":"Point","coordinates":[787404.8,3560030.4]}},{"type":"Feature","properties":{"elev":477},"geometry":{"type":"Point","coordinates":[788344.1,3560030.4]}},{"type":"Feature","properties":{"elev":511},"geometry":{"type":"Point","coordinates":[789283.5,3560030.4]}},{"type":"Feature","properties":{"elev":507},"geometry":{"type":"Point","coordinates":[790222.9,3560030.4]}},{"type":"Feature","properties":{"elev":535},"geometry":{"type":"Point","coordinates":[791162.3,3560030.4]}},{"type":"Feature","properties":{"elev":508},"geometry":{"type":"Point","coordinates":[792101.7,3560030.4]}},{"type":"Feature","properties":{"elev":530},"geometry":{"type":"Point","coordinates":[793041.1,3560030.4]}},{"type":"Feature","properties":{"elev":559},"geometry":{"type":"Point","coordinates":[793980.4,3560030.4]}},{"type":"Feature","properties":{"elev":564},"geometry":{"type":"Point","coordinates":[794919.8,3560030.4]}},{"type":"Feature","properties":{"elev":-246},"geometry":{"type":"Point","coordinates":[734799.3,3559091.0]}},{"type":"Feature","properties":{"elev":-193},"geometry":{"type":"Point","coordinates":[735738.6,3559091.0]}},{"type":"Feature","properties":{"elev":-243},"geometry":{"type":"Point","coordinates":[736678.0,3559091.0]}},{"type":"Feature","properties":{"elev":-279},"geometry":{"type":"Point","coordinates":[737617.4,3559091.0]}},{"type":"Feature","properties":{"elev":-282},"geometry":{"type":"Point","coordinates":[738556.8,3559091.0]}},{"type":"Feature","properties":{"elev":-299},"geometry":{"type":"Point","coordinates":[739496.2,3559091.0]}},{"type":"Feature","properties":{"elev":-353},"geometry":{"type":"Point","coordinates":[740435.6,3559091.0]}},{"type":"Feature","properties":{"elev":-349},"geometry":{"type":"Point","coordinates":[741374.9,3559091.0]}},{"type":"Feature","properties":{"elev":-311},"geometry":{"type":"Point","coordinates":[742314.3,3559091.0]}},{"type":"Feature","properties":{"elev":-281},"geometry":{"type":"Point","coordinates":[743253.7,3559091.0]}},{"type":"Feature","properties":{"elev":-304},"geometry":{"type":"Point","coordinates":[744193.1,3559091.0]}},{"type":"Feature","properties":{"elev":-281},"geometry":{"type":"Point","coordinates":[745132.5,3559091.0]}},{"type":"Feature","properties":{"elev":-250},"geometry":{"type":"Point","coordinates":[746071.9,3559091.0]}},{"type":"Feature","properties":{"elev":-155},"geometry":{"type":"Point","coordinates":[747011.2,3559091.0]}},{"type":"Feature","properties":{"elev":-102},"geometry":{"type":"Point","coordinates":[747950.6,3559091.0]}},{"type":"Feature","properties":{"elev":37},"geometry":{"type":"Point","coordinates":[748890.0,3559091.0]}},{"type":"Feature","properties":{"elev":87},"geometry":{"type":"Point","coordinates":[749829.4,3559091.0]}},{"type":"Feature","properties":{"elev":262},"geometry":{"type":"Point","coordinates":[750768.8,3559091.0]}},{"type":"Feature","properties":{"elev":474},"geometry":{"type":"Point","coordinates":[751708.2,3559091.0]}},{"type":"Feature","properties":{"elev":695},"geometry":{"type":"Point","coordinates":[752647.5,3559091.0]}},{"type":"Feature","properties":{"elev":602},"geometry":{"type":"Point","coordinates":[753586.9,3559091.0]}},{"type":"Feature","properties":{"elev":523},"geometry":{"type":"Point","coordinates":[754526.3,3559091.0]}},{"type":"Feature","properties":{"elev":503},"geometry":{"type":"Point","coordinates":[755465.7,3559091.0]}},{"type":"Feature","properties":{"elev":435},"geometry":{"type":"Point","coordinates":[756405.1,3559091.0]}},{"type":"Feature","properties":{"elev":453},"geometry":{"type":"Point","coordinates":[757344.5,3559091.0]}},{"type":"Feature","properties":{"elev":437},"geometry":{"type":"Point","coordinates":[758283.9,3559091.0]}},{"type":"Feature","properties":{"elev":483},"geometry":{"type":"Point","coordinates":[759223.2,3559091.0]}},{"type":"Feature","properties":{"elev":491},"geometry":{"type":"Point","coordinates":[760162.6,3559091.0]}},{"type":"Feature","properties":{"elev":706},"geometry":{"type":"Point","coordinates":[761102.0,3559091.0]}},{"type":"Feature","properties":{"elev":624},"geometry":{"type":"Point","coordinates":[762041.4,3559091.0]}},{"type":"Feature","properties":{"elev":614},"geometry":{"type":"Point","coordinates":[762980.8,3559091.0]}},{"type":"Feature","properties":{"elev":525},"geometry":{"type":"Point","coordinates":[763920.2,3559091.0]}},{"type":"Feature","properties":{"elev":340},"geometry":{"type":"Point","coordinates":[764859.5,3559091.0]}},{"type":"Feature","properties":{"elev":527},"geometry":{"type":"Point","coordinates":[765798.9,3559091.0]}},{"type":"Feature","properties":{"elev":462},"geometry":{"type":"Point","coordinates":[766738.3,3559091.0]}},{"type":"Feature","properties":{"elev":690},"geometry":{"type":"Point","coordinates":[767677.7,3559091.0]}},{"type":"Feature","properties":{"elev":818},"geometry":{"type":"Point","coordinates":[768617.1,3559091.0]}},{"type":"Feature","properties":{"elev":630},"geometry":{"type":"Point","coordinates":[769556.5,3559091.0]}},{"type":"Feature","properties":{"elev":655},"geometry":{"type":"Point","coordinates":[770495.8,3559091.0]}},{"type":"Feature","properties":{"elev":756},"geometry":{"type":"Point","coordinates":[771435.2,3559091.0]}},{"type":"Feature","properties":{"elev":749},"geometry":{"type":"Point","coordinates":[772374.6,3559091.0]}},{"type":"Feature","properties":{"elev":759},"geometry":{"type":"Point","coordinates":[773314.0,3559091.0]}},{"type":"Feature","properties":{"elev":748},"geometry":{"type":"Point","coordinates":[774253.4,3559091.0]}},{"type":"Feature","properties":{"elev":900},"geometry":{"type":"Point","coordinates":[775192.8,3559091.0]}},{"type":"Feature","properties":{"elev":769},"geometry":{"type":"Point","coordinates":[776132.1,3559091.0]}},{"type":"Feature","properties":{"elev":816},"geometry":{"type":"Point","coordinates":[777071.5,3559091.0]}},{"type":"Feature","properties":{"elev":765},"geometry":{"type":"Point","coordinates":[778010.9,3559091.0]}},{"type":"Feature","properties":{"elev":728},"geometry":{"type":"Point","coordinates":[778950.3,3559091.0]}},{"type":"Feature","properties":{"elev":657},"geometry":{"type":"Point","coordinates":[779889.7,3559091.0]}},{"type":"Feature","properties":{"elev":749},"geometry":{"type":"Point","coordinates":[780829.1,3559091.0]}},{"type":"Feature","properties":{"elev":609},"geometry":{"type":"Point","coordinates":[781768.5,3559091.0]}},{"type":"Feature","properties":{"elev":544},"geometry":{"type":"Point","coordinates":[782707.8,3559091.0]}},{"type":"Feature","properties":{"elev":618},"geometry":{"type":"Point","coordinates":[783647.2,3559091.0]}},{"type":"Feature","properties":{"elev":623},"geometry":{"type":"Point","coordinates":[784586.6,3559091.0]}},{"type":"Feature","properties":{"elev":545},"geometry":{"type":"Point","coordinates":[785526.0,3559091.0]}},{"type":"Feature","properties":{"elev":581},"geometry":{"type":"Point","coordinates":[786465.4,3559091.0]}},{"type":"Feature","properties":{"elev":542},"geometry":{"type":"Point","coordinates":[787404.8,3559091.0]}},{"type":"Feature","properties":{"elev":554},"geometry":{"type":"Point","coordinates":[788344.1,3559091.0]}},{"type":"Feature","properties":{"elev":511},"geometry":{"type":"Point","coordinates":[789283.5,3559091.0]}},{"type":"Feature","properties":{"elev":539},"geometry":{"type":"Point","coordinates":[790222.9,3559091.0]}},{"type":"Feature","properties":{"elev":606},"geometry":{"type":"Point","coordinates":[791162.3,3559091.0]}},{"type":"Feature","properties":{"elev":576},"geometry":{"type":"Point","coordinates":[792101.7,3559091.0]}},{"type":"Feature","properties":{"elev":551},"geometry":{"type":"Point","coordinates":[793041.1,3559091.0]}},{"type":"Feature","properties":{"elev":549},"geometry":{"type":"Point","coordinates":[793980.4,3559091.0]}},{"type":"Feature","properties":{"elev":577},"geometry":{"type":"Point","coordinates":[794919.8,3559091.0]}},{"type":"Feature","properties":{"elev":-250},"geometry":{"type":"Point","coordinates":[734799.3,3558151.7]}},{"type":"Feature","properties":{"elev":-259},"geometry":{"type":"Point","coordinates":[735738.6,3558151.7]}},{"type":"Feature","properties":{"elev":-186},"geometry":{"type":"Point","coordinates":[736678.0,3558151.7]}},{"type":"Feature","properties":{"elev":-279},"geometry":{"type":"Point","coordinates":[737617.4,3558151.7]}},{"type":"Feature","properties":{"elev":-284},"geometry":{"type":"Point","coordinates":[738556.8,3558151.7]}},{"type":"Feature","properties":{"elev":-322},"geometry":{"type":"Point","coordinates":[739496.2,3558151.7]}},{"type":"Feature","properties":{"elev":-351},"geometry":{"type":"Point","coordinates":[740435.6,3558151.7]}},{"type":"Feature","properties":{"elev":-302},"geometry":{"type":"Point","coordinates":[741374.9,3558151.7]}},{"type":"Feature","properties":{"elev":-285},"geometry":{"type":"Point","coordinates":[742314.3,3558151.7]}},{"type":"Feature","properties":{"elev":-301},"geometry":{"type":"Point","coordinates":[743253.7,3558151.7]}},{"type":"Feature","properties":{"elev":-294},"geometry":{"type":"Point","coordinates":[744193.1,3558151.7]}},{"type":"Feature","properties":{"elev":-270},"geometry":{"type":"Point","coordinates":[745132.5,3558151.7]}},{"type":"Feature","properties":{"elev":-241},"geometry":{"type":"Point","coordinates":[746071.9,3558151.7]}},{"type":"Feature","properties":{"elev":-140},"geometry":{"type":"Point","coordinates":[747011.2,3558151.7]}},{"type":"Feature","properties":{"elev":-107},"geometry":{"type":"Point","coordinates":[747950.6,3558151.7]}},{"type":"Feature","properties":{"elev":13},"geometry":{"type":"Point","coordinates":[748890.0,3558151.7]}},{"type":"Feature","properties":{"elev":160},"geometry":{"type":"Point","coordinates":[749829.4,3558151.7]}},{"type":"Feature","properties":{"elev":330},"geometry":{"type":"Point","coordinates":[750768.8,3558151.7]}},{"type":"Feature","properties":{"elev":528},"geometry":{"type":"Point","coordinates":[751708.2,3558151.7]}},{"type":"Feature","properties":{"elev":715},"geometry":{"type":"Point","coordinates":[752647.5,3558151.7]}},{"type":"Feature","properties":{"elev":628},"geometry":{"type":"Point","coordinates":[753586.9,3558151.7]}},{"type":"Feature","properties":{"elev":563},"geometry":{"type":"Point","coordinates":[754526.3,3558151.7]}},{"type":"Feature","properties":{"elev":483},"geometry":{"type":"Point","coordinates":[755465.7,3558151.7]}},{"type":"Feature","properties":{"elev":480},"geometry":{"type":"Point","coordinates":[756405.1,3558151.7]}},{"type":"Feature","properties":{"elev":471},"geometry":{"type":"Point","coordinates":[757344.5,3558151.7]}},{"type":"Feature","properties":{"elev":486},"geometry":{"type":"Point","coordinates":[758283.9,3558151.7]}},{"type":"Feature","properties":{"elev":545},"geometry":{"type":"Point","coordinates":[759223.2,3558151.7]}},{"type":"Feature","properties":{"elev":678},"geometry":{"type":"Point","coordinates":[760162.6,3558151.7]}},{"type":"Feature","properties":{"elev":756},"geometry":{"type":"Point","coordinates":[761102.0,3558151.7]}},{"type":"Feature","properties":{"elev":689},"geometry":{"type":"Point","coordinates":[762041.4,3558151.7]}},{"type":"Feature","properties":{"elev":590},"geometry":{"type":"Point","coordinates":[762980.8,3558151.7]}},{"type":"Feature","properties":{"elev":485},"geometry":{"type":"Point","coordinates":[763920.2,3558151.7]}},{"type":"Feature","properties":{"elev":362},"geometry":{"type":"Point","coordinates":[764859.5,3558151.7]}},{"type":"Feature","properties":{"elev":599},"geometry":{"type":"Point","coordinates":[765798.9,3558151.7]}},{"type":"Feature","properties":{"elev":479},"geometry":{"type":"Point","coordinates":[766738.3,3558151.7]}},{"type":"Feature","properties":{"elev":640},"geometry":{"type":"Point","coordinates":[767677.7,3558151.7]}},{"type":"Feature","properties":{"elev":742},"geometry":{"type":"Point","coordinates":[768617.1,3558151.7]}},{"type":"Feature","properties":{"elev":711},"geometry":{"type":"Point","coordinates":[769556.5,3558151.7]}},{"type":"Feature","properties":{"elev":811},"geometry":{"type":"Point","coordinates":[770495.8,3558151.7]}},{"type":"Feature","properties":{"elev":819},"geometry":{"type":"Point","coordinates":[771435.2,3558151.7]}},{"type":"Feature","properties":{"elev":803},"geometry":{"type":"Point","coordinates":[772374.6,3558151.7]}},{"type":"Feature","properties":{"elev":822},"geometry":{"type":"Point","coordinates":[773314.0,3558151.7]}},{"type":"Feature","properties":{"elev":788},"geometry":{"type":"Point","coordinates":[774253.4,3558151.7]}},{"type":"Feature","properties":{"elev":876},"geometry":{"type":"Point","coordinates":[775192.8,3558151.7]}},{"type":"Feature","properties":{"elev":873},"geometry":{"type":"Point","coordinates":[776132.1,3558151.7]}},{"type":"Feature","properties":{"elev":810},"geometry":{"type":"Point","coordinates":[777071.5,3558151.7]}},{"type":"Feature","properties":{"elev":754},"geometry":{"type":"Point","coordinates":[778010.9,3558151.7]}},{"type":"Feature","properties":{"elev":810},"geometry":{"type":"Point","coordinates":[778950.3,3558151.7]}},{"type":"Feature","properties":{"elev":793},"geometry":{"type":"Point","coordinates":[779889.7,3558151.7]}},{"type":"Feature","properties":{"elev":682},"geometry":{"type":"Point","coordinates":[780829.1,3558151.7]}},{"type":"Feature","properties":{"elev":600},"geometry":{"type":"Point","coordinates":[781768.5,3558151.7]}},{"type":"Feature","properties":{"elev":684},"geometry":{"type":"Point","coordinates":[782707.8,3558151.7]}},{"type":"Feature","properties":{"elev":685},"geometry":{"type":"Point","coordinates":[783647.2,3558151.7]}},{"type":"Feature","properties":{"elev":641},"geometry":{"type":"Point","coordinates":[784586.6,3558151.7]}},{"type":"Feature","properties":{"elev":645},"geometry":{"type":"Point","coordinates":[785526.0,3558151.7]}},{"type":"Feature","properties":{"elev":687},"geometry":{"type":"Point","coordinates":[786465.4,3558151.7]}},{"type":"Feature","properties":{"elev":626},"geometry":{"type":"Point","coordinates":[787404.8,3558151.7]}},{"type":"Feature","properties":{"elev":568},"geometry":{"type":"Point","coordinates":[788344.1,3558151.7]}},{"type":"Feature","properties":{"elev":516},"geometry":{"type":"Point","coordinates":[789283.5,3558151.7]}},{"type":"Feature","properties":{"elev":557},"geometry":{"type":"Point","coordinates":[790222.9,3558151.7]}},{"type":"Feature","properties":{"elev":652},"geometry":{"type":"Point","coordinates":[791162.3,3558151.7]}},{"type":"Feature","properties":{"elev":599},"geometry":{"type":"Point","coordinates":[792101.7,3558151.7]}},{"type":"Feature","properties":{"elev":584},"geometry":{"type":"Point","coordinates":[793041.1,3558151.7]}},{"type":"Feature","properties":{"elev":538},"geometry":{"type":"Point","coordinates":[793980.4,3558151.7]}},{"type":"Feature","properties":{"elev":532},"geometry":{"type":"Point","coordinates":[794919.8,3558151.7]}},{"type":"Feature","properties":{"elev":-253},"geometry":{"type":"Point","coordinates":[734799.3,3557212.4]}},{"type":"Feature","properties":{"elev":-264},"geometry":{"type":"Point","coordinates":[735738.6,3557212.4]}},{"type":"Feature","properties":{"elev":-271},"geometry":{"type":"Point","coordinates":[736678.0,3557212.4]}},{"type":"Feature","properties":{"elev":-276},"geometry":{"type":"Point","coordinates":[737617.4,3557212.4]}},{"type":"Feature","properties":{"elev":-284},"geometry":{"type":"Point","coordinates":[738556.8,3557212.4]}},{"type":"Feature","properties":{"elev":-288},"geometry":{"type":"Point","coordinates":[739496.2,3557212.4]}},{"type":"Feature","properties":{"elev":-355},"geometry":{"type":"Point","coordinates":[740435.6,3557212.4]}},{"type":"Feature","properties":{"elev":-300},"geometry":{"type":"Point","coordinates":[741374.9,3557212.4]}},{"type":"Feature","properties":{"elev":-296},"geometry":{"type":"Point","coordinates":[742314.3,3557212.4]}},{"type":"Feature","properties":{"elev":-320},"geometry":{"type":"Point","coordinates":[743253.7,3557212.4]}},{"type":"Feature","properties":{"elev":-283},"geometry":{"type":"Point","coordinates":[744193.1,3557212.4]}},{"type":"Feature","properties":{"elev":-264},"geometry":{"type":"Point","coordinates":[745132.5,3557212.4]}},{"type":"Feature","properties":{"elev":-198},"geometry":{"type":"Point","coordinates":[746071.9,3557212.4]}},{"type":"Feature","properties":{"elev":-153},"geometry":{"type":"Point","coordinates":[747011.2,3557212.4]}},{"type":"Feature","properties":{"elev":-52},"geometry":{"type":"Point","coordinates":[747950.6,3557212.4]}},{"type":"Feature","properties":{"elev":46},"geometry":{"type":"Point","coordinates":[748890.0,3557212.4]}},{"type":"Feature","properties":{"elev":130},"geometry":{"type":"Point","coordinates":[749829.4,3557212.4]}},{"type":"Feature","properties":{"elev":272},"geometry":{"type":"Point","coordinates":[750768.8,3557212.4]}},{"type":"Feature","properties":{"elev":393},"geometry":{"type":"Point","coordinates":[751708.2,3557212.4]}},{"type":"Feature","properties":{"elev":543},"geometry":{"type":"Point","coordinates":[752647.5,3557212.4]}},{"type":"Feature","properties":{"elev":677},"geometry":{"type":"Point","coordinates":[753586.9,3557212.4]}},{"type":"Feature","properties":{"elev":550},"geometry":{"type":"Point","coordinates":[754526.3,3557212.4]}},{"type":"Feature","properties":{"elev":521},"geometry":{"type":"Point","coordinates":[755465.7,3557212.4]}},{"type":"Feature","properties":{"elev":544},"geometry":{"type":"Point","coordinates":[756405.1,3557212.4]}},{"type":"Feature","properties":{"elev":515},"geometry":{"type":"Point","coordinates":[757344.5,3557212.4]}},{"type":"Feature","properties":{"elev":534},"geometry":{"type":"Point","coordinates":[758283.9,3557212.4]}},{"type":"Feature","properties":{"elev":611},"geometry":{"type":"Point","coordinates":[759223.2,3557212.4]}},{"type":"Feature","properties":{"elev":778},"geometry":{"type":"Point","coordinates":[760162.6,3557212.4]}},{"type":"Feature","properties":{"elev":665},"geometry":{"type":"Point","coordinates":[761102.0,3557212.4]}},{"type":"Feature","properties":{"elev":597},"geometry":{"type":"Point","coordinates":[762041.4,3557212.4]}},{"type":"Feature","properties":{"elev":542},"geometry":{"type":"Point","coordinates":[762980.8,3557212.4]}},{"type":"Feature","properties":{"elev":506},"geometry":{"type":"Point","coordinates":[763920.2,3557212.4]}},{"type":"Feature","properties":{"elev":468},"geometry":{"type":"Point","coordinates":[764859.5,3557212.4]}},{"type":"Feature","properties":{"elev":670},"geometry":{"type":"Point","coordinates":[765798.9,3557212.4]}},{"type":"Feature","properties":{"elev":540},"geometry":{"type":"Point","coordinates":[766738.3,3557212.4]}},{"type":"Feature","properties":{"elev":578},"geometry":{"type":"Point","coordinates":[767677.7,3557212.4]}},{"type":"Feature","properties":{"elev":698},"geometry":{"type":"Point","coordinates":[768617.1,3557212.4]}},{"type":"Feature","properties":{"elev":698},"geometry":{"type":"Point","coordinates":[769556.5,3557212.4]}},{"type":"Feature","properties":{"elev":725},"geometry":{"type":"Point","coordinates":[770495.8,3557212.4]}},{"type":"Feature","properties":{"elev":740},"geometry":{"type":"Point","coordinates":[771435.2,3557212.4]}},{"type":"Feature","properties":{"elev":875},"geometry":{"type":"Point","coordinates":[772374.6,3557212.4]}},{"type":"Feature","properties":{"elev":947},"geometry":{"type":"Point","coordinates":[773314.0,3557212.4]}},{"type":"Feature","properties":{"elev":851},"geometry":{"type":"Point","coordinates":[774253.4,3557212.4]}},{"type":"Feature","properties":{"elev":978},"geometry":{"type":"Point","coordinates":[775192.8,3557212.4]}},{"type":"Feature","properties":{"elev":915},"geometry":{"type":"Point","coordinates":[776132.1,3557212.4]}},{"type":"Feature","properties":{"elev":859},"geometry":{"type":"Point","coordinates":[777071.5,3557212.4]}},{"type":"Feature","properties":{"elev":829},"geometry":{"type":"Point","coordinates":[778010.9,3557212.4]}},{"type":"Feature","properties":{"elev":715},"geometry":{"type":"Point","coordinates":[778950.3,3557212.4]}},{"type":"Feature","properties":{"elev":661},"geometry":{"type":"Point","coordinates":[779889.7,3557212.4]}},{"type":"Feature","properties":{"elev":619},"geometry":{"type":"Point","coordinates":[780829.1,3557212.4]}},{"type":"Feature","properties":{"elev":635},"geometry":{"type":"Point","coordinates":[781768.5,3557212.4]}},{"type":"Feature","properties":{"elev":687},"geometry":{"type":"Point","coordinates":[782707.8,3557212.4]}},{"type":"Feature","properties":{"elev":806},"geometry":{"type":"Point","coordinates":[783647.2,3557212.4]}},{"type":"Feature","properties":{"elev":711},"geometry":{"type":"Point","coordinates":[784586.6,3557212.4]}},{"type":"Feature","properties":{"elev":641},"geometry":{"type":"Point","coordinates":[785526.0,3557212.4]}},{"type":"Feature","properties":{"elev":648},"geometry":{"type":"Point","coordinates":[786465.4,3557212.4]}},{"type":"Feature","properties":{"elev":574},"geometry":{"type":"Point","coordinates":[787404.8,3557212.4]}},{"type":"Feature","properties":{"elev":514},"geometry":{"type":"Point","coordinates":[788344.1,3557212.4]}},{"type":"Feature","properties":{"elev":535},"geometry":{"type":"Point","coordinates":[789283.5,3557212.4]}},{"type":"Feature","properties":{"elev":597},"geometry":{"type":"Point","coordinates":[790222.9,3557212.4]}},{"type":"Feature","properties":{"elev":627},"geometry":{"type":"Point","coordinates":[791162.3,3557212.4]}},{"type":"Feature","properties":{"elev":606},"geometry":{"type":"Point","coordinates":[792101.7,3557212.4]}},{"type":"Feature","properties":{"elev":568},"geometry":{"type":"Point","coordinates":[793041.1,3557212.4]}},{"type":"Feature","properties":{"elev":540},"geometry":{"type":"Point","coordinates":[793980.4,3557212.4]}},{"type":"Feature","properties":{"elev":566},"geometry":{"type":"Point","coordinates":[794919.8,3557212.4]}},{"type":"Feature","properties":{"elev":-243},"geometry":{"type":"Point","coordinates":[734799.3,3556273.1]}},{"type":"Feature","properties":{"elev":-265},"geometry":{"type":"Point","coordinates":[735738.6,3556273.1]}},{"type":"Feature","properties":{"elev":-273},"geometry":{"type":"Point","coordinates":[736678.0,3556273.1]}},{"type":"Feature","properties":{"elev":-281},"geometry":{"type":"Point","coordinates":[737617.4,3556273.1]}},{"type":"Feature","properties":{"elev":-287},"geometry":{"type":"Point","coordinates":[738556.8,3556273.1]}},{"type":"Feature","properties":{"elev":-314},"geometry":{"type":"Point","coordinates":[739496.2,3556273.1]}},{"type":"Feature","properties":{"elev":-353},"geometry":{"type":"Point","coordinates":[740435.6,3556273.1]}},{"type":"Feature","properties":{"elev":-297},"geometry":{"type":"Point","coordinates":[741374.9,3556273.1]}},{"type":"Feature","properties":{"elev":-302},"geometry":{"type":"Point","coordinates":[742314.3,3556273.1]}},{"type":"Feature","properties":{"elev":-316},"geometry":{"type":"Point","coordinates":[743253.7,3556273.1]}},{"type":"Feature","properties":{"elev":-283},"geometry":{"type":"Point","coordinates":[744193.1,3556273.1]}},{"type":"Feature","properties":{"elev":-266},"geometry":{"type":"Point","coordinates":[745132.5,3556273.1]}},{"type":"Feature","properties":{"elev":-205},"geometry":{"type":"Point","coordinates":[746071.9,3556273.1]}},{"type":"Feature","properties":{"elev":-96},"geometry":{"type":"Point","coordinates":[747011.2,3556273.1]}},{"type":"Feature","properties":{"elev":-10},"geometry":{"type":"Point","coordinates":[747950.6,3556273.1]}},{"type":"Feature","properties":{"elev":89},"geometry":{"type":"Point","coordinates":[748890.0,3556273.1]}},{"type":"Feature","properties":{"elev":185},"geometry":{"type":"Point","coordinates":[749829.4,3556273.1]}},{"type":"Feature","properties":{"elev":311},"geometry":{"type":"Point","coordinates":[750768.8,3556273.1]}},{"type":"Feature","properties":{"elev":308},"geometry":{"type":"Point","coordinates":[751708.2,3556273.1]}},{"type":"Feature","properties":{"elev":453},"geometry":{"type":"Point","coordinates":[752647.5,3556273.1]}},{"type":"Feature","properties":{"elev":513},"geometry":{"type":"Point","coordinates":[753586.9,3556273.1]}},{"type":"Feature","properties":{"elev":493},"geometry":{"type":"Point","coordinates":[754526.3,3556273.1]}},{"type":"Feature","properties":{"elev":703},"geometry":{"type":"Point","coordinates":[755465.7,3556273.1]}},{"type":"Feature","properties":{"elev":728},"geometry":{"type":"Point","coordinates":[756405.1,3556273.1]}},{"type":"Feature","properties":{"elev":703},"geometry":{"type":"Point","coordinates":[757344.5,3556273.1]}},{"type":"Feature","properties":{"elev":727},"geometry":{"type":"Point","coordinates":[758283.9,3556273.1]}},{"type":"Feature","properties":{"elev":765},"geometry":{"type":"Point","coordinates":[759223.2,3556273.1]}},{"type":"Feature","properties":{"elev":759},"geometry":{"type":"Point","coordinates":[760162.6,3556273.1]}},{"type":"Feature","properties":{"elev":719},"geometry":{"type":"Point","coordinates":[761102.0,3556273.1]}},{"type":"Feature","properties":{"elev":670},"geometry":{"type":"Point","coordinates":[762041.4,3556273.1]}},{"type":"Feature","properties":{"elev":596},"geometry":{"type":"Point","coordinates":[762980.8,3556273.1]}},{"type":"Feature","properties":{"elev":533},"geometry":{"type":"Point","coordinates":[763920.2,3556273.1]}},{"type":"Feature","properties":{"elev":470},"geometry":{"type":"Point","coordinates":[764859.5,3556273.1]}},{"type":"Feature","properties":{"elev":665},"geometry":{"type":"Point","coordinates":[765798.9,3556273.1]}},{"type":"Feature","properties":{"elev":687},"geometry":{"type":"Point","coordinates":[766738.3,3556273.1]}},{"type":"Feature","properties":{"elev":618},"geometry":{"type":"Point","coordinates":[767677.7,3556273.1]}},{"type":"Feature","properties":{"elev":609},"geometry":{"type":"Point","coordinates":[768617.1,3556273.1]}},{"type":"Feature","properties":{"elev":633},"geometry":{"type":"Point","coordinates":[769556.5,3556273.1]}},{"type":"Feature","properties":{"elev":627},"geometry":{"type":"Point","coordinates":[770495.8,3556273.1]}},{"type":"Feature","properties":{"elev":676},"geometry":{"type":"Point","coordinates":[771435.2,3556273.1]}},{"type":"Feature","properties":{"elev":804},"geometry":{"type":"Point","coordinates":[772374.6,3556273.1]}},{"type":"Feature","properties":{"elev":996},"geometry":{"type":"Point","coordinates":[773314.0,3556273.1]}},{"type":"Feature","properties":{"elev":963},"geometry":{"type":"Point","coordinates":[774253.4,3556273.1]}},{"type":"Feature","properties":{"elev":980},"geometry":{"type":"Point","coordinates":[775192.8,3556273.1]}},{"type":"Feature","properties":{"elev":931},"geometry":{"type":"Point","coordinates":[776132.1,3556273.1]}},{"type":"Feature","properties":{"elev":940},"geometry":{"type":"Point","coordinates":[777071.5,3556273.1]}},{"type":"Feature","properties":{"elev":821},"geometry":{"type":"Point","coordinates":[778010.9,3556273.1]}},{"type":"Feature","properties":{"elev":751},"geometry":{"type":"Point","coordinates":[778950.3,3556273.1]}},{"type":"Feature","properties":{"elev":723},"geometry":{"type":"Point","coordinates":[779889.7,3556273.1]}},{"type":"Feature","properties":{"elev":715},"geometry":{"type":"Point","coordinates":[780829.1,3556273.1]}},{"type":"Feature","properties":{"elev":750},"geometry":{"type":"Point","coordinates":[781768.5,3556273.1]}},{"type":"Feature","properties":{"elev":802},"geometry":{"type":"Point","coordinates":[782707.8,3556273.1]}},{"type":"Feature","properties":{"elev":744},"geometry":{"type":"Point","coordinates":[783647.2,3556273.1]}},{"type":"Feature","properties":{"elev":682},"geometry":{"type":"Point","coordinates":[784586.6,3556273.1]}},{"type":"Feature","properties":{"elev":728},"geometry":{"type":"Point","coordinates":[785526.0,3556273.1]}},{"type":"Feature","properties":{"elev":694},"geometry":{"type":"Point","coordinates":[786465.4,3556273.1]}},{"type":"Feature","properties":{"elev":656},"geometry":{"type":"Point","coordinates":[787404.8,3556273.1]}},{"type":"Feature","properties":{"elev":554},"geometry":{"type":"Point","coordinates":[788344.1,3556273.1]}},{"type":"Feature","properties":{"elev":575},"geometry":{"type":"Point","coordinates":[789283.5,3556273.1]}},{"type":"Feature","properties":{"elev":659},"geometry":{"type":"Point","coordinates":[790222.9,3556273.1]}},{"type":"Feature","properties":{"elev":617},"geometry":{"type":"Point","coordinates":[791162.3,3556273.1]}},{"type":"Feature","properties":{"elev":611},"geometry":{"type":"Point","coordinates":[792101.7,3556273.1]}},{"type":"Feature","properties":{"elev":574},"geometry":{"type":"Point","coordinates":[793041.1,3556273.1]}},{"type":"Feature","properties":{"elev":550},"geometry":{"type":"Point","coordinates":[793980.4,3556273.1]}},{"type":"Feature","properties":{"elev":570},"geometry":{"type":"Point","coordinates":[794919.8,3556273.1]}},{"type":"Feature","properties":{"elev":-232},"geometry":{"type":"Point","coordinates":[734799.3,3555333.8]}},{"type":"Feature","properties":{"elev":-267},"geometry":{"type":"Point","coordinates":[735738.6,3555333.8]}},{"type":"Feature","properties":{"elev":-277},"geometry":{"type":"Point","coordinates":[736678.0,3555333.8]}},{"type":"Feature","properties":{"elev":-285},"geometry":{"type":"Point","coordinates":[737617.4,3555333.8]}},{"type":"Feature","properties":{"elev":-287},"geometry":{"type":"Point","coordinates":[738556.8,3555333.8]}},{"type":"Feature","properties":{"elev":-355},"geometry":{"type":"Point","coordinates":[739496.2,3555333.8]}},{"type":"Feature","properties":{"elev":-350},"geometry":{"type":"Point","coordinates":[740435.6,3555333.8]}},{"type":"Feature","properties":{"elev":-347},"geometry":{"type":"Point","coordinates":[741374.9,3555333.8]}},{"type":"Feature","properties":{"elev":-328},"geometry":{"type":"Point","coordinates":[742314.3,3555333.8]}},{"type":"Feature","properties":{"elev":-300},"geometry":{"type":"Point","coordinates":[743253.7,3555333.8]}},{"type":"Feature","properties":{"elev":-284},"geometry":{"type":"Point","coordinates":[744193.1,3555333.8]}},{"type":"Feature","properties":{"elev":-267},"geometry":{"type":"Point","coordinates":[745132.5,3555333.8]}},{"type":"Feature","properties":{"elev":-174},"geometry":{"type":"Point","coordinates":[746071.9,3555333.8]}},{"type":"Feature","properties":{"elev":-112},"geometry":{"type":"Point","coordinates":[747011.2,3555333.8]}},{"type":"Feature","properties":{"elev":31},"geometry":{"type":"Point","coordinates":[747950.6,3555333.8]}},{"type":"Feature","properties":{"elev":88},"geometry":{"type":"Point","coordinates":[748890.0,3555333.8]}},{"type":"Feature","properties":{"elev":118},"geometry":{"type":"Point","coordinates":[749829.4,3555333.8]}},{"type":"Feature","properties":{"elev":243},"geometry":{"type":"Point","coordinates":[750768.8,3555333.8]}},{"type":"Feature","properties":{"elev":332},"geometry":{"type":"Point","coordinates":[751708.2,3555333.8]}},{"type":"Feature","properties":{"elev":381},"geometry":{"type":"Point","coordinates":[752647.5,3555333.8]}},{"type":"Feature","properties":{"elev":399},"geometry":{"type":"Point","coordinates":[753586.9,3555333.8]}},{"type":"Feature","properties":{"elev":542},"geometry":{"type":"Point","coordinates":[754526.3,3555333.8]}},{"type":"Feature","properties":{"elev":849},"geometry":{"type":"Point","coordinates":[755465.7,3555333.8]}},{"type":"Feature","properties":{"elev":888},"geometry":{"type":"Point","coordinates":[756405.1,3555333.8]}},{"type":"Feature","properties":{"elev":859},"geometry":{"type":"Point","coordinates":[757344.5,3555333.8]}},{"type":"Feature","properties":{"elev":814},"geometry":{"type":"Point","coordinates":[758283.9,3555333.8]}},{"type":"Feature","properties":{"elev":811},"geometry":{"type":"Point","coordinates":[759223.2,3555333.8]}},{"type":"Feature","properties":{"elev":768},"geometry":{"type":"Point","coordinates":[760162.6,3555333.8]}},{"type":"Feature","properties":{"elev":739},"geometry":{"type":"Point","coordinates":[761102.0,3555333.8]}},{"type":"Feature","properties":{"elev":663},"geometry":{"type":"Point","coordinates":[762041.4,3555333.8]}},{"type":"Feature","properties":{"elev":640},"geometry":{"type":"Point","coordinates":[762980.8,3555333.8]}},{"type":"Feature","properties":{"elev":629},"geometry":{"type":"Point","coordinates":[763920.2,3555333.8]}},{"type":"Feature","properties":{"elev":546},"geometry":{"type":"Point","coordinates":[764859.5,3555333.8]}},{"type":"Feature","properties":{"elev":711},"geometry":{"type":"Point","coordinates":[765798.9,3555333.8]}},{"type":"Feature","properties":{"elev":770},"geometry":{"type":"Point","coordinates":[766738.3,3555333.8]}},{"type":"Feature","properties":{"elev":824},"geometry":{"type":"Point","coordinates":[767677.7,3555333.8]}},{"type":"Feature","properties":{"elev":587},"geometry":{"type":"Point","coordinates":[768617.1,3555333.8]}},{"type":"Feature","properties":{"elev":606},"geometry":{"type":"Point","coordinates":[769556.5,3555333.8]}},{"type":"Feature","properties":{"elev":635},"geometry":{"type":"Point","coordinates":[770495.8,3555333.8]}},{"type":"Feature","properties":{"elev":659},"geometry":{"type":"Point","coordinates":[771435.2,3555333.8]}},{"type":"Feature","properties":{"elev":751},"geometry":{"type":"Point","coordinates":[772374.6,3555333.8]}},{"type":"Feature","properties":{"elev":878},"geometry":{"type":"Point","coordinates":[773314.0,3555333.8]}},{"type":"Feature","properties":{"elev":955},"geometry":{"type":"Point","coordinates":[774253.4,3555333.8]}},{"type":"Feature","properties":{"elev":918},"geometry":{"type":"Point","coordinates":[775192.8,3555333.8]}},{"type":"Feature","properties":{"elev":880},"geometry":{"type":"Point","coordinates":[776132.1,3555333.8]}},{"type":"Feature","properties":{"elev":818},"geometry":{"type":"Point","coordinates":[777071.5,3555333.8]}},{"type":"Feature","properties":{"elev":843},"geometry":{"type":"Point","coordinates":[778010.9,3555333.8]}},{"type":"Feature","properties":{"elev":713},"geometry":{"type":"Point","coordinates":[778950.3,3555333.8]}},{"type":"Feature","properties":{"elev":786},"geometry":{"type":"Point","coordinates":[779889.7,3555333.8]}},{"type":"Feature","properties":{"elev":863},"geometry":{"type":"Point","coordinates":[780829.1,3555333.8]}},{"type":"Feature","properties":{"elev":839},"geometry":{"type":"Point","coordinates":[781768.5,3555333.8]}},{"type":"Feature","properties":{"elev":816},"geometry":{"type":"Point","coordinates":[782707.8,3555333.8]}},{"type":"Feature","properties":{"elev":839},"geometry":{"type":"Point","coordinates":[783647.2,3555333.8]}},{"type":"Feature","properties":{"elev":812},"geometry":{"type":"Point","coordinates":[784586.6,3555333.8]}},{"type":"Feature","properties":{"elev":808},"geometry":{"type":"Point","coordinates":[785526.0,3555333.8]}},{"type":"Feature","properties":{"elev":691},"geometry":{"type":"Point","coordinates":[786465.4,3555333.8]}},{"type":"Feature","properties":{"elev":737},"geometry":{"type":"Point","coordinates":[787404.8,3555333.8]}},{"type":"Feature","properties":{"elev":610},"geometry":{"type":"Point","coordinates":[788344.1,3555333.8]}},{"type":"Feature","properties":{"elev":536},"geometry":{"type":"Point","coordinates":[789283.5,3555333.8]}},{"type":"Feature","properties":{"elev":669},"geometry":{"type":"Point","coordinates":[790222.9,3555333.8]}},{"type":"Feature","properties":{"elev":636},"geometry":{"type":"Point","coordinates":[791162.3,3555333.8]}},{"type":"Feature","properties":{"elev":598},"geometry":{"type":"Point","coordinates":[792101.7,3555333.8]}},{"type":"Feature","properties":{"elev":565},"geometry":{"type":"Point","coordinates":[793041.1,3555333.8]}},{"type":"Feature","properties":{"elev":564},"geometry":{"type":"Point","coordinates":[793980.4,3555333.8]}},{"type":"Feature","properties":{"elev":572},"geometry":{"type":"Point","coordinates":[794919.8,3555333.8]}},{"type":"Feature","properties":{"elev":-185},"geometry":{"type":"Point","coordinates":[734799.3,3554394.5]}},{"type":"Feature","properties":{"elev":-268},"geometry":{"type":"Point","coordinates":[735738.6,3554394.5]}},{"type":"Feature","properties":{"elev":-281},"geometry":{"type":"Point","coordinates":[736678.0,3554394.5]}},{"type":"Feature","properties":{"elev":-290},"geometry":{"type":"Point","coordinates":[737617.4,3554394.5]}},{"type":"Feature","properties":{"elev":-303},"geometry":{"type":"Point","coordinates":[738556.8,3554394.5]}},{"type":"Feature","properties":{"elev":-358},"geometry":{"type":"Point","coordinates":[739496.2,3554394.5]}},{"type":"Feature","properties":{"elev":-354},"geometry":{"type":"Point","coordinates":[740435.6,3554394.5]}},{"type":"Feature","properties":{"elev":-325},"geometry":{"type":"Point","coordinates":[741374.9,3554394.5]}},{"type":"Feature","properties":{"elev":-288},"geometry":{"type":"Point","coordinates":[742314.3,3554394.5]}},{"type":"Feature","properties":{"elev":-297},"geometry":{"type":"Point","coordinates":[743253.7,3554394.5]}},{"type":"Feature","properties":{"elev":-282},"geometry":{"type":"Point","coordinates":[744193.1,3554394.5]}},{"type":"Feature","properties":{"elev":-268},"geometry":{"type":"Point","coordinates":[745132.5,3554394.5]}},{"type":"Feature","properties":{"elev":-167},"geometry":{"type":"Point","coordinates":[746071.9,3554394.5]}},{"type":"Feature","properties":{"elev":-41},"geometry":{"type":"Point","coordinates":[747011.2,3554394.5]}},{"type":"Feature","properties":{"elev":79},"geometry":{"type":"Point","coordinates":[747950.6,3554394.5]}},{"type":"Feature","properties":{"elev":151},"geometry":{"type":"Point","coordinates":[748890.0,3554394.5]}},{"type":"Feature","properties":{"elev":320},"geometry":{"type":"Point","coordinates":[749829.4,3554394.5]}},{"type":"Feature","properties":{"elev":363},"geometry":{"type":"Point","coordinates":[750768.8,3554394.5]}},{"type":"Feature","properties":{"elev":344},"geometry":{"type":"Point","coordinates":[751708.2,3554394.5]}},{"type":"Feature","properties":{"elev":377},"geometry":{"type":"Point","coordinates":[752647.5,3554394.5]}},{"type":"Feature","properties":{"elev":471},"geometry":{"type":"Point","coordinates":[753586.9,3554394.5]}},{"type":"Feature","properties":{"elev":669},"geometry":{"type":"Point","coordinates":[754526.3,3554394.5]}},{"type":"Feature","properties":{"elev":895},"geometry":{"type":"Point","coordinates":[755465.7,3554394.5]}},{"type":"Feature","properties":{"elev":883},"geometry":{"type":"Point","coordinates":[756405.1,3554394.5]}},{"type":"Feature","properties":{"elev":894},"geometry":{"type":"Point","coordinates":[757344.5,3554394.5]}},{"type":"Feature","properties":{"elev":834},"geometry":{"type":"Point","coordinates":[758283.9,3554394.5]}},{"type":"Feature","properties":{"elev":825},"geometry":{"type":"Point","coordinates":[759223.2,3554394.5]}},{"type":"Feature","properties":{"elev":757},"geometry":{"type":"Point","coordinates":[760162.6,3554394.5]}},{"type":"Feature","properties":{"elev":700},"geometry":{"type":"Point","coordinates":[761102.0,3554394.5]}},{"type":"Feature","properties":{"elev":780},"geometry":{"type":"Point","coordinates":[762041.4,3554394.5]}},{"type":"Feature","properties":{"elev":668},"geometry":{"type":"Point","coordinates":[762980.8,3554394.5]}},{"type":"Feature","properties":{"elev":582},"geometry":{"type":"Point","coordinates":[763920.2,3554394.5]}},{"type":"Feature","properties":{"elev":606},"geometry":{"type":"Point","coordinates":[764859.5,3554394.5]}},{"type":"Feature","properties":{"elev":719},"geometry":{"type":"Point","coordinates":[765798.9,3554394.5]}},{"type":"Feature","properties":{"elev":717},"geometry":{"type":"Point","coordinates":[766738.3,3554394.5]}},{"type":"Feature","properties":{"elev":664},"geometry":{"type":"Point","coordinates":[767677.7,3554394.5]}},{"type":"Feature","properties":{"elev":594},"geometry":{"type":"Point","coordinates":[768617.1,3554394.5]}},{"type":"Feature","properties":{"elev":614},"geometry":{"type":"Point","coordinates":[769556.5,3554394.5]}},{"type":"Feature","properties":{"elev":626},"geometry":{"type":"Point","coordinates":[770495.8,3554394.5]}},{"type":"Feature","properties":{"elev":664},"geometry":{"type":"Point","coordinates":[771435.2,3554394.5]}},{"type":"Feature","properties":{"elev":728},"geometry":{"type":"Point","coordinates":[772374.6,3554394.5]}},{"type":"Feature","properties":{"elev":843},"geometry":{"type":"Point","coordinates":[773314.0,3554394.5]}},{"type":"Feature","properties":{"elev":887},"geometry":{"type":"Point","coordinates":[774253.4,3554394.5]}},{"type":"Feature","properties":{"elev":819},"geometry":{"type":"Point","coordinates":[775192.8,3554394.5]}},{"type":"Feature","properties":{"elev":800},"geometry":{"type":"Point","coordinates":[776132.1,3554394.5]}},{"type":"Feature","properties":{"elev":755},"geometry":{"type":"Point","coordinates":[777071.5,3554394.5]}},{"type":"Feature","properties":{"elev":739},"geometry":{"type":"Point","coordinates":[778010.9,3554394.5]}},{"type":"Feature","properties":{"elev":750},"geometry":{"type":"Point","coordinates":[778950.3,3554394.5]}},{"type":"Feature","properties":{"elev":818},"geometry":{"type":"Point","coordinates":[779889.7,3554394.5]}},{"type":"Feature","properties":{"elev":792},"geometry":{"type":"Point","coordinates":[780829.1,3554394.5]}},{"type":"Feature","properties":{"elev":764},"geometry":{"type":"Point","coordinates":[781768.5,3554394.5]}},{"type":"Feature","properties":{"elev":763},"geometry":{"type":"Point","coordinates":[782707.8,3554394.5]}},{"type":"Feature","properties":{"elev":741},"geometry":{"type":"Point","coordinates":[783647.2,3554394.5]}},{"type":"Feature","properties":{"elev":714},"geometry":{"type":"Point","coordinates":[784586.6,3554394.5]}},{"type":"Feature","properties":{"elev":725},"geometry":{"type":"Point","coordinates":[785526.0,3554394.5]}},{"type":"Feature","properties":{"elev":709},"geometry":{"type":"Point","coordinates":[786465.4,3554394.5]}},{"type":"Feature","properties":{"elev":728},"geometry":{"type":"Point","coordinates":[787404.8,3554394.5]}},{"type":"Feature","properties":{"elev":586},"geometry":{"type":"Point","coordinates":[788344.1,3554394.5]}},{"type":"Feature","properties":{"elev":525},"geometry":{"type":"Point","coordinates":[789283.5,3554394.5]}},{"type":"Feature","properties":{"elev":636},"geometry":{"type":"Point","coordinates":[790222.9,3554394.5]}},{"type":"Feature","properties":{"elev":647},"geometry":{"type":"Point","coordinates":[791162.3,3554394.5]}},{"type":"Feature","properties":{"elev":597},"geometry":{"type":"Point","coordinates":[792101.7,3554394.5]}},{"type":"Feature","properties":{"elev":580},"geometry":{"type":"Point","coordinates":[793041.1,3554394.5]}},{"type":"Feature","properties":{"elev":565},"geometry":{"type":"Point","coordinates":[793980.4,3554394.5]}},{"type":"Feature","properties":{"elev":588},"geometry":{"type":"Point","coordinates":[794919.8,3554394.5]}},{"type":"Feature","properties":{"elev":-202},"geometry":{"type":"Point","coordinates":[734799.3,3553455.1]}},{"type":"Feature","properties":{"elev":-271},"geometry":{"type":"Point","coordinates":[735738.6,3553455.1]}},{"type":"Feature","properties":{"elev":-286},"geometry":{"type":"Point","coordinates":[736678.0,3553455.1]}},{"type":"Feature","properties":{"elev":-299},"geometry":{"type":"Point","coordinates":[737617.4,3553455.1]}},{"type":"Feature","properties":{"elev":-294},"geometry":{"type":"Point","coordinates":[738556.8,3553455.1]}},{"type":"Feature","properties":{"elev":-359},"geometry":{"type":"Point","coordinates":[739496.2,3553455.1]}},{"type":"Feature","properties":{"elev":-358},"geometry":{"type":"Point","coordinates":[740435.6,3553455.1]}},{"type":"Feature","properties":{"elev":-304},"geometry":{"type":"Point","coordinates":[741374.9,3553455.1]}},{"type":"Feature","properties":{"elev":-306},"geometry":{"type":"Point","coordinates":[742314.3,3553455.1]}},{"type":"Feature","properties":{"elev":-309},"geometry":{"type":"Point","coordinates":[743253.7,3553455.1]}},{"type":"Feature","properties":{"elev":-284},"geometry":{"type":"Point","coordinates":[744193.1,3553455.1]}},{"type":"Feature","properties":{"elev":-264},"geometry":{"type":"Point","coordinates":[745132.5,3553455.1]}},{"type":"Feature","properties":{"elev":-178},"geometry":{"type":"Point","coordinates":[746071.9,3553455.1]}},{"type":"Feature","properties":{"elev":-6},"geometry":{"type":"Point","coordinates":[747011.2,3553455.1]}},{"type":"Feature","properties":{"elev":93},"geometry":{"type":"Point","coordinates":[747950.6,3553455.1]}},{"type":"Feature","properties":{"elev":177},"geometry":{"type":"Point","coordinates":[748890.0,3553455.1]}},{"type":"Feature","properties":{"elev":240},"geometry":{"type":"Point","coordinates":[749829.4,3553455.1]}},{"type":"Feature","properties":{"elev":313},"geometry":{"type":"Point","coordinates":[750768.8,3553455.1]}},{"type":"Feature","properties":{"elev":322},"geometry":{"type":"Point","coordinates":[751708.2,3553455.1]}},{"type":"Feature","properties":{"elev":449},"geometry":{"type":"Point","coordinates":[752647.5,3553455.1]}},{"type":"Feature","properties":{"elev":458},"geometry":{"type":"Point","coordinates":[753586.9,3553455.1]}},{"type":"Feature","properties":{"elev":656},"geometry":{"type":"Point","coordinates":[754526.3,3553455.1]}},{"type":"Feature","properties":{"elev":941},"geometry":{"type":"Point","coordinates":[755465.7,3553455.1]}},{"type":"Feature","properties":{"elev":966},"geometry":{"type":"Point","coordinates":[756405.1,3553455.1]}},{"type":"Feature","properties":{"elev":994},"geometry":{"type":"Point","coordinates":[757344.5,3553455.1]}},{"type":"Feature","properties":{"elev":995},"geometry":{"type":"Point","coordinates":[758283.9,3553455.1]}},{"type":"Feature","properties":{"elev":891},"geometry":{"type":"Point","coordinates":[759223.2,3553455.1]}},{"type":"Feature","properties":{"elev":771},"geometry":{"type":"Point","coordinates":[760162.6,3553455.1]}},{"type":"Feature","properties":{"elev":711},"geometry":{"type":"Point","coordinates":[761102.0,3553455.1]}},{"type":"Feature","properties":{"elev":835},"geometry":{"type":"Point","coordinates":[762041.4,3553455.1]}},{"type":"Feature","properties":{"elev":657},"geometry":{"type":"Point","coordinates":[762980.8,3553455.1]}},{"type":"Feature","properties":{"elev":793},"geometry":{"type":"Point","coordinates":[763920.2,3553455.1]}},{"type":"Feature","properties":{"elev":712},"geometry":{"type":"Point","coordinates":[764859.5,3553455.1]}},{"type":"Feature","properties":{"elev":637},"geometry":{"type":"Point","coordinates":[765798.9,3553455.1]}},{"type":"Feature","properties":{"elev":613},"geometry":{"type":"Point","coordinates":[766738.3,3553455.1]}},{"type":"Feature","properties":{"elev":616},"geometry":{"type":"Point","coordinates":[767677.7,3553455.1]}},{"type":"Feature","properties":{"elev":619},"geometry":{"type":"Point","coordinates":[768617.1,3553455.1]}},{"type":"Feature","properties":{"elev":638},"geometry":{"type":"Point","coordinates":[769556.5,3553455.1]}},{"type":"Feature","properties":{"elev":657},"geometry":{"type":"Point","coordinates":[770495.8,3553455.1]}},{"type":"Feature","properties":{"elev":692},"geometry":{"type":"Point","coordinates":[771435.2,3553455.1]}},{"type":"Feature","properties":{"elev":851},"geometry":{"type":"Point","coordinates":[772374.6,3553455.1]}},{"type":"Feature","properties":{"elev":893},"geometry":{"type":"Point","coordinates":[773314.0,3553455.1]}},{"type":"Feature","properties":{"elev":896},"geometry":{"type":"Point","coordinates":[774253.4,3553455.1]}},{"type":"Feature","properties":{"elev":872},"geometry":{"type":"Point","coordinates":[775192.8,3553455.1]}},{"type":"Feature","properties":{"elev":813},"geometry":{"type":"Point","coordinates":[776132.1,3553455.1]}},{"type":"Feature","properties":{"elev":834},"geometry":{"type":"Point","coordinates":[777071.5,3553455.1]}},{"type":"Feature","properties":{"elev":906},"geometry":{"type":"Point","coordinates":[778010.9,3553455.1]}},{"type":"Feature","properties":{"elev":905},"geometry":{"type":"Point","coordinates":[778950.3,3553455.1]}},{"type":"Feature","properties":{"elev":884},"geometry":{"type":"Point","coordinates":[779889.7,3553455.1]}},{"type":"Feature","properties":{"elev":820},"geometry":{"type":"Point","coordinates":[780829.1,3553455.1]}},{"type":"Feature","properties":{"elev":770},"geometry":{"type":"Point","coordinates":[781768.5,3553455.1]}},{"type":"Feature","properties":{"elev":781},"geometry":{"type":"Point","coordinates":[782707.8,3553455.1]}},{"type":"Feature","properties":{"elev":735},"geometry":{"type":"Point","coordinates":[783647.2,3553455.1]}},{"type":"Feature","properties":{"elev":723},"geometry":{"type":"Point","coordinates":[784586.6,3553455.1]}},{"type":"Feature","properties":{"elev":699},"geometry":{"type":"Point","coordinates":[785526.0,3553455.1]}},{"type":"Feature","properties":{"elev":651},"geometry":{"type":"Point","coordinates":[786465.4,3553455.1]}},{"type":"Feature","properties":{"elev":623},"geometry":{"type":"Point","coordinates":[787404.8,3553455.1]}},{"type":"Feature","properties":{"elev":560},"geometry":{"type":"Point","coordinates":[788344.1,3553455.1]}},{"type":"Feature","properties":{"elev":549},"geometry":{"type":"Point","coordinates":[789283.5,3553455.1]}},{"type":"Feature","properties":{"elev":569},"geometry":{"type":"Point","coordinates":[790222.9,3553455.1]}},{"type":"Feature","properties":{"elev":601},"geometry":{"type":"Point","coordinates":[791162.3,3553455.1]}},{"type":"Feature","properties":{"elev":618},"geometry":{"type":"Point","coordinates":[792101.7,3553455.1]}},{"type":"Feature","properties":{"elev":586},"geometry":{"type":"Point","coordinates":[793041.1,3553455.1]}},{"type":"Feature","properties":{"elev":580},"geometry":{"type":"Point","coordinates":[793980.4,3553455.1]}},{"type":"Feature","properties":{"elev":595},"geometry":{"type":"Point","coordinates":[794919.8,3553455.1]}}]}